d_id,d_name,d_ph_N,d_email,d_dob,d_doj,d_gender,d_status,joined_with_referral,d_license_N,d_v_id
D1751,Lavanya Borah,08125153906,lavanyaborah@yahoo.com,1975-05-07,2022-03-11,M,W,Y,1HN 959,V2066
D1752,Sumer Sahota,4560287761,sumersahota@yahoo.com,1988-12-15,2022-03-02,M,W,N,K92 1ER,V2698
D1753,Rohan Kakar,04768880966,rohankakar@yahoo.com,2002-12-28,2022-06-21,M,L,Y,32-56503,V1825
D1754,Anahi Kar,+910749442707,anahikar@gmail.com,1963-04-04,2022-03-23,F,W,Y,12K W10,V2676
D1755,Zeeshan Dhawan,+918275014764,zeeshandhawan@gmail.com,2002-10-24,2022-07-28,M,W,Y,9K I1314,V1897
D1756,Neelofar Dayal,0309739439,neelofardayal@gmail.com,1966-01-01,2022-03-09,F,W,N,LCH-8583,V1942
D1757,Nehmat Basu,03439817045,nehmatbasu@gmail.com,1987-08-05,2022-06-05,M,W,N,19N D39,V2382
D1758,Neysa Arora,02335105563,neysaarora@gmail.com,1991-12-22,2022-08-08,M,W,Y,331 0OG,V2488
D1759,Oorja Sagar,+914480880321,oorjasagar@yahoo.com,1984-01-31,2022-09-02,M,W,N,84H L08,V2328
D1760,Kimaya Raju,+917486537278,kimayaraju@gmail.com,1990-10-29,2022-06-18,M,L,N,11I AK5,V1822
D1761,Amani Dalal,06284309352,amanidalal@yahoo.com,1976-10-24,2022-08-05,M,W,Y,047 QXF,V1962
D1762,Kartik Goda,02785449933,kartikgoda@yahoo.com,1986-01-31,2022-01-03,M,W,N,P96 0FO,V2283
D1763,Kismat Chaudhuri,06234489170,kismatchaudhuri@yahoo.com,1976-06-05,2022-09-09,M,L,Y,CI 2573,V2001
D1764,Pihu Bhalla,+917750094936,pihubhalla@yahoo.com,1975-06-12,2022-11-18,M,W,Y,690-UYK,V2350
D1765,Aarna Bhalla,+914818677862,aarnabhalla@yahoo.com,1984-04-27,2022-04-21,M,W,Y,5ZXN528,V2115
D1766,Rasha Ahluwalia,02552677550,rashaahluwalia@yahoo.com,1996-03-14,2022-10-03,F,W,N,5SMS220,V2354
D1767,Amira Karan,00690836962,amirakaran@yahoo.com,1968-12-23,2022-02-17,M,W,N,OEW-9032,V2666
D1768,Umang Bajwa,00574827818,umangbajwa@yahoo.com,1989-05-07,2022-05-13,M,W,N,4YO65,V1799
D1769,Farhan Zachariah,03030614140,farhanzachariah@gmail.com,1985-04-20,2022-01-15,M,W,N,158260,V2582
D1770,Elakshi Kapoor,4706950015,elakshikapoor@yahoo.com,1976-12-04,2022-06-01,F,W,N,466-JAQ,V2692
D1771,Mehul Gaba,07517477809,mehulgaba@gmail.com,1991-09-13,2022-02-06,M,L,N,HFL0961,V1931
D1772,Abram Bali,2258026490,abrambali@yahoo.com,2005-03-15,2022-10-02,M,W,N,88-59829,V2580
D1773,Khushi Subramaniam,+916274301133,khushisubramaniam@gmail.com,1971-10-31,2022-06-10,F,W,N,71L O94,V2039
D1774,Aarush Dave,+915417165717,aarushdave@gmail.com,1974-03-19,2022-06-14,M,W,N,YTQ0301,V2385
D1775,Tara Wali,+913144068543,tarawali@gmail.com,1985-02-23,2022-04-22,F,W,Y,IBE1019,V2748
D1776,Shanaya Arya,+911192552392,shanayaarya@yahoo.com,1998-10-28,2022-01-22,M,W,Y,23W E01,V1853
D1777,Ishaan Lad,+919254595654,ishaanlad@gmail.com,1991-07-02,2022-07-09,F,W,N,677 QCH,V2603
D1778,Biju Subramanian,+912906119802,bijusubramanian@gmail.com,2001-10-16,2022-12-24,M,L,Y,670-RKD,V2020
D1779,Zain Sandhu,6667448282,zainsandhu@yahoo.com,1965-02-17,2022-12-26,M,W,N,139-VJC,V2526
D1780,Abram Master,5273109116,abrammaster@gmail.com,1998-07-27,2022-11-02,F,W,Y,186289,V2121
D1781,Nayantara Karpe,5049556989,nayantarakarpe@gmail.com,1962-07-05,2022-10-22,M,W,Y,927S,V2117
D1782,Lagan Ahuja,+912640819456,laganahuja@gmail.com,1966-03-14,2022-04-01,F,W,N,7XO P75,V2002
D1783,Anaya Garde,04932878987,anayagarde@gmail.com,1995-06-28,2022-02-03,M,W,Y,R04-CYQ,V1954
D1784,Amani Basu,2870555413,amanibasu@gmail.com,1980-04-09,2022-03-25,M,W,N,5KPK 87,V1989
D1785,Vihaan Mammen,+919456538274,vihaanmammen@yahoo.com,1993-06-28,2022-05-18,M,W,N,KOZ 380,V1846
D1786,Anvi Jani,07657261873,anvijani@yahoo.com,1972-02-05,2022-09-23,M,W,Y,SDB-0867,V2159
D1787,Armaan Shere,+917957297948,armaanshere@gmail.com,2003-06-08,2022-07-21,M,W,Y,ZRQ 440,V1764
D1788,Gokul Sethi,+916095139603,gokulsethi@gmail.com,1985-02-15,2022-08-20,M,W,Y,5UK 518,V1861
D1789,Aradhya Sathe,+913993154569,aradhyasathe@gmail.com,1996-10-31,2022-08-19,M,L,Y,285-PGP,V2235
D1790,Shray Jain,07278367863,shrayjain@gmail.com,1979-05-31,2022-08-04,F,W,Y,663-XEGA,V1979
D1791,Tushar Dass,+916136935401,tushardass@yahoo.com,1965-03-24,2022-03-09,F,W,Y,4-D6287,V1827
D1792,Adah Karnik,07052177686,adahkarnik@yahoo.com,1983-10-06,2022-01-05,M,W,Y,9ZW77,V2673
D1793,Pihu Bahri,09411373650,pihubahri@gmail.com,2002-07-29,2022-08-19,M,W,N,72G•793,V2629
D1794,Divij Suri,+918278705085,divijsuri@gmail.com,2003-01-01,2022-03-22,M,L,N,MXK-6200,V1834
D1795,Azad Sura,01306366192,azadsura@gmail.com,1968-03-22,2022-10-02,F,W,Y,248 3787,V2056
D1796,Shlok Suresh,+913395364601,shloksuresh@gmail.com,1976-04-05,2022-01-28,F,W,Y,0-C1581,V2515
D1797,Ryan Gola,7661813191,ryangola@yahoo.com,1980-12-02,2022-07-12,M,W,N,ZVI-2371,V2670
D1798,Ishaan Zacharia,+915746568032,ishaanzacharia@gmail.com,1995-10-18,2022-11-05,M,W,Y,873-774,V2528
D1799,Yuvraj  Sekhon,+911898335528,yuvrajsekhon@gmail.com,2000-01-28,2022-02-27,M,W,N,813D,V2525
D1800,Prerak Gulati,1637287862,prerakgulati@gmail.com,1980-10-22,2022-02-27,M,W,Y,A09 3CP,V2071
D1801,Zoya Ramaswamy,3696795692,zoyaramaswamy@yahoo.com,1983-01-09,2022-07-23,M,W,N,4-I2280,V2069
D1802,Kanav Sarma,02657078595,kanavsarma@yahoo.com,2002-06-08,2022-02-11,M,W,Y,B29-62Y,V2296
D1803,Trisha Garde,0853875807,trishagarde@yahoo.com,1966-09-30,2022-01-17,M,W,Y,1OA13,V2093
D1804,Saksham Bandi,+912505112656,sakshambandi@gmail.com,1975-02-22,2022-07-29,M,L,N,7995 SV,V1903
D1805,Azad Keer,03062472085,azadkeer@yahoo.com,1975-11-16,2022-08-05,M,W,Y,JFT 421,V1797
D1806,Sumer Thakur,+915066316886,sumerthakur@gmail.com,1987-06-15,2022-04-11,M,W,N,0K J4119,V1772
D1807,Mehul Varghese,6752429132,mehulvarghese@gmail.com,1981-10-15,2022-05-14,M,L,Y,PHK-3762,V1982
D1808,Krish Rao,07897770663,krishrao@yahoo.com,2001-04-23,2022-09-21,F,W,Y,2O165,V2322
D1809,Lagan Korpal,4861008001,lagankorpal@yahoo.com,1966-03-09,2022-02-18,M,W,N,WJW-3418,V1930
D1810,Zeeshan Johal,00645839722,zeeshanjohal@gmail.com,1977-09-04,2022-03-07,F,W,Y,K 021871,V2461
D1811,Diya Kannan,01184805718,diyakannan@gmail.com,1969-11-04,2022-04-08,F,W,Y,413 VHM,V2049
D1812,Heer Bail,05611113283,heerbail@yahoo.com,1982-07-16,2022-05-10,M,W,Y,487 PCJ,V2099
D1813,Anahi Sur,08739802344,anahisur@yahoo.com,1993-02-19,2022-04-28,M,W,N,0XD G20,V2466
D1814,Alia Chatterjee,2334649337,aliachatterjee@gmail.com,1979-06-29,2022-10-09,M,W,N,3M JM902,V2379
D1815,Nehmat Bumb,+919630665395,nehmatbumb@gmail.com,1985-08-20,2022-05-18,M,W,Y,9CU23,V2118
D1816,Mannat Malhotra,05586151222,mannatmalhotra@gmail.com,1977-10-02,2022-07-29,M,W,Y,QBG-556,V2231
D1817,Ayesha Grover,08763737518,ayeshagrover@yahoo.com,1997-07-15,2022-09-03,M,W,N,21X•087,V2650
D1818,Mehul Gara,2273457689,mehulgara@gmail.com,1962-08-09,2022-11-02,M,W,N,VH8 8215,V2556
D1819,Inaaya  Kapur,+912732435374,inaayakapur@yahoo.com,1977-10-24,2022-05-31,M,W,Y,MJD 267,V1766
D1820,Ritvik Barman,+918709689683,ritvikbarman@yahoo.com,2000-12-22,2022-07-02,M,W,N,OJO 054,V2130
D1821,Prisha Kulkarni,6541831703,prishakulkarni@gmail.com,1968-07-26,2022-05-30,M,W,N,JAL 6538,V2095
D1822,Navya Datta,+911678547830,navyadatta@gmail.com,1965-07-01,2022-01-15,M,W,Y,77FB833,V2281
D1823,Inaaya  Batta,04482604735,inaayabatta@yahoo.com,1975-04-04,2022-04-06,M,W,N,9KL66,V2490
D1824,Jayant Chaudhuri,03843869599,jayantchaudhuri@yahoo.com,1978-04-29,2022-01-18,M,L,Y,3-2937Z,V1804
D1825,Ojas Solanki,9727286437,ojassolanki@gmail.com,1990-02-03,2022-02-02,M,W,Y,NWV 352,V1755
D1826,Yuvraj  Krishna,+910710233305,yuvrajkrishna@yahoo.com,1986-03-23,2022-10-17,M,W,N,2F 96049,V2116
D1827,Yasmin Bath,+917410135177,yasminbath@yahoo.com,1972-01-05,2022-02-01,M,W,N,BVP-9183,V2633
D1828,Manikya Dubey,+912873828951,manikyadubey@yahoo.com,1983-12-17,2022-01-31,M,W,Y,9-93254,V1922
D1829,Lakshay Seshadri,06688716566,lakshayseshadri@gmail.com,1995-06-18,2022-12-06,M,W,Y,HUO-830,V2479
D1830,Nirvaan Rana,+911651141949,nirvaanrana@yahoo.com,1996-05-08,2022-09-05,M,W,Y,9-3363S,V2618
D1831,Rhea Ramesh,8653766583,rhearamesh@yahoo.com,1966-03-19,2022-12-23,M,W,Y,88S•969,V2062
D1832,Zeeshan Varghese,01780148659,zeeshanvarghese@gmail.com,1992-12-19,2022-12-20,M,W,N,402-IJZ,V2172
D1833,Siya Karpe,+918588023833,siyakarpe@gmail.com,1998-09-06,2022-10-28,M,L,N,BBK-115,V1898
D1834,Dhanush Lanka,3588096562,dhanushlanka@yahoo.com,1983-06-07,2022-03-07,M,W,Y,Q22 6WG,V2645
D1835,Kanav Bobal,8560672017,kanavbobal@gmail.com,2003-09-27,2022-12-12,M,W,Y,688-OVKD,V2742
D1836,Neelofar Shankar,00381910166,neelofarshankar@gmail.com,1991-08-23,2022-03-17,F,L,Y,846P,V2285
D1837,Oorja Samra,0473716667,oorjasamra@gmail.com,1975-04-25,2022-08-05,M,W,N,47B•207,V1794
D1838,Zeeshan Tella,3059946408,zeeshantella@yahoo.com,1982-01-21,2022-02-04,F,W,N,ZPW 590,V2266
D1839,Nitya Jain,04079731511,nityajain@gmail.com,1963-08-23,2022-07-21,M,W,N,855-ZEA,V2291
D1840,Pihu Bala,+919061105763,pihubala@gmail.com,1973-12-07,2022-07-29,M,W,Y,280 9808,V2036
D1841,Kavya Koshy,4268856835,kavyakoshy@yahoo.com,2002-08-26,2022-02-08,M,L,N,824-NIB,V2668
D1842,Dhanuk Char,+911966289606,dhanukchar@yahoo.com,2002-12-30,2022-02-11,M,L,Y,47-SM66,V2188
D1843,Yashvi Chauhan,02545571322,yashvichauhan@gmail.com,1985-11-14,2022-12-23,M,L,Y,15-71728,V2664
D1844,Divij Choudhary,+911542488832,divijchoudhary@gmail.com,2003-06-23,2022-06-01,M,W,Y,VFL 901,V2430
D1845,Sahil Majumdar,09638355478,sahilmajumdar@yahoo.com,1975-01-11,2022-02-16,M,W,Y,1-0221H,V2083
D1846,Faiyaz Mallick,7674655544,faiyazmallick@yahoo.com,1982-05-27,2022-12-10,M,W,N,558 XUZ,V2507
D1847,Hridaan Vyas,7042035632,hridaanvyas@yahoo.com,1999-06-16,2022-08-29,M,W,Y,3KF 454,V2672
D1848,Jivika Sarraf,00478579774,jivikasarraf@yahoo.com,1994-01-12,2022-08-23,M,W,Y,2IPI 82,V2499
D1849,Kartik Ratti,00476752439,kartikratti@yahoo.com,1970-08-11,2022-06-08,M,L,N,0JM1034,V2606
D1850,Aaryahi Karnik,+915193704897,aaryahikarnik@gmail.com,1970-10-02,2022-06-21,M,W,N,67-08039,V1758
D1851,Romil Atwal,08108336177,romilatwal@gmail.com,1967-11-03,2022-10-02,M,W,Y,VWQ 264,V2021
D1852,Diya Saraf,6792629147,diyasaraf@yahoo.com,1983-11-01,2022-03-16,M,W,Y,919 CZB,V2123
D1853,Myra Sekhon,6089849502,myrasekhon@yahoo.com,1995-06-10,2022-05-11,M,W,N,364 9AT,V1787
D1854,Vaibhav Swaminathan,05310937257,vaibhavswaminathan@yahoo.com,1969-07-09,2022-05-25,M,L,N,168 UWV,V2173
D1855,Onkar Issac,04562710166,onkarissac@yahoo.com,1963-06-02,2022-03-10,F,W,Y,545 MPW,V2233
D1856,Reyansh Bains,9020912128,reyanshbains@gmail.com,1986-07-26,2022-08-29,M,W,N,CL1 6526,V2653
D1857,Raghav Loyal,9772775273,raghavloyal@gmail.com,1985-01-14,2022-08-14,M,W,N,Q29-EZD,V1993
D1858,Yakshit Ratti,+916148618691,yakshitratti@gmail.com,1990-07-16,2022-04-10,M,W,N,331 YQD,V2468
D1859,Miraya Chowdhury,09677129226,mirayachowdhury@gmail.com,1966-09-28,2022-01-22,M,L,N,9HX95,V2145
D1860,Krish Madan,+916591160537,krishmadan@gmail.com,1976-10-12,2022-05-30,M,L,Y,27M XV5,V2409
D1861,Reyansh Dada,00219893699,reyanshdada@gmail.com,1976-07-09,2022-02-28,M,W,Y,DEY 458,V2361
D1862,Pihu Rao,02359153290,pihurao@gmail.com,1976-11-06,2022-03-09,M,L,N,346-SDP,V2357
D1863,Pihu Bali,8376433720,pihubali@gmail.com,1994-03-21,2022-03-31,M,W,N,15SL913,V2102
D1864,Aaina Raju,+913102443327,aainaraju@gmail.com,1990-02-14,2022-07-13,M,W,N,873N6,V1972
D1865,Anahi Loke,8481691897,anahiloke@gmail.com,1974-10-24,2022-03-07,F,W,Y,EGV 172,V2485
D1866,Kiaan Comar,00996650650,kiaancomar@gmail.com,1991-11-02,2022-04-02,M,L,Y,3YYT316,V2074
D1867,Onkar Dash,+917024746357,onkardash@gmail.com,2002-08-02,2022-02-16,M,W,Y,6144,V2229
D1868,Mohanlal Bhasin,2566715931,mohanlalbhasin@yahoo.com,1982-10-21,2022-12-09,M,W,Y,443A3,V2641
D1869,Veer Korpal,5731173416,veerkorpal@yahoo.com,1999-01-12,2022-02-28,M,W,Y,214 AJ4,V1971
D1870,Ishaan Bajwa,+916004571856,ishaanbajwa@yahoo.com,1980-11-19,2022-08-07,M,W,Y,1PI 328,V2213
D1871,Vivaan Hora,01278064851,vivaanhora@yahoo.com,1964-05-31,2022-02-07,M,L,N,878 TDR,V2655
D1872,Badal Sandhu,08550679122,badalsandhu@yahoo.com,1971-11-13,2022-01-07,M,W,N,410-SGT,V2303
D1873,Lavanya Dhillon,09359364993,lavanyadhillon@yahoo.com,1979-01-19,2022-01-24,F,W,Y,KWK K34,V2727
D1874,Urvi Varkey,+911651802324,urvivarkey@gmail.com,1993-04-01,2022-11-17,M,W,N,8PQ 580,V1978
D1875,Ranbir Desai,9283961312,ranbirdesai@yahoo.com,1967-05-29,2022-12-27,M,W,N,YJ 53615,V2325
D1876,Myra Anne,02042377734,myraanne@gmail.com,1979-07-07,2022-12-15,F,W,N,LUF-1264,V2076
D1877,Zoya Sahni,04312510716,zoyasahni@gmail.com,1968-10-15,2022-10-28,M,L,N,4180 IL,V2424
D1878,Jayant Goda,+911298699853,jayantgoda@gmail.com,1982-04-02,2022-01-04,F,W,N,784-BVH,V2389
D1879,Aarush Barad,05929347674,aarushbarad@gmail.com,1998-09-08,2022-12-09,M,W,N,KT-9822,V1767
D1880,Vaibhav Madan,07460986333,vaibhavmadan@yahoo.com,2004-06-15,2022-02-05,M,W,N,81AW5,V2122
D1881,Vardaniya Jain,+918620437436,vardaniyajain@yahoo.com,1971-01-30,2022-01-05,F,W,N,KTW 892,V2418
D1882,Yuvaan Deshpande,+918315677697,yuvaandeshpande@yahoo.com,1964-10-20,2022-03-29,M,W,N,991-037,V2015
D1883,Shayak Dube,2032263058,shayakdube@gmail.com,1993-03-15,2022-10-06,M,W,Y,Y 025059,V2327
D1884,Prerak Sharma,06793819879,preraksharma@gmail.com,2004-07-01,2022-07-07,F,W,Y,338-XLD,V2615
D1885,Mishti Comar,00263776761,mishticomar@yahoo.com,1990-01-15,2022-05-27,M,W,Y,HJL 992,V2456
D1886,Indrajit Chopra,4435863780,indrajitchopra@yahoo.com,1969-12-19,2022-01-24,M,W,N,UZ4 2993,V2131
D1887,Rania Chand,04506138612,raniachand@gmail.com,1996-04-09,2022-12-01,F,L,N,GFE 1061,V2349
D1888,Ritvik Gokhale,01773895614,ritvikgokhale@gmail.com,1964-06-29,2022-11-19,M,W,Y,8VN O50,V2210
D1889,Manikya Shah,06916247371,manikyashah@yahoo.com,1993-09-25,2022-05-10,M,L,N,4C IB771,V2696
D1890,Shayak Bhatt,0520032771,shayakbhatt@gmail.com,1973-03-06,2022-02-07,M,W,Y,O 358067,V2661
D1891,Faiyaz Shetty,+914562622714,faiyazshetty@gmail.com,2001-12-02,2022-04-10,M,W,N,YBQ 585,V2377
D1892,Mannat Bhatti,+919563956994,mannatbhatti@yahoo.com,1979-11-14,2022-05-01,M,W,Y,623 YTL,V2747
D1893,Rohan Hegde,00010704935,rohanhegde@yahoo.com,2004-01-14,2022-03-25,F,W,Y,DSO 6094,V1852
D1894,Tiya Varty,+911499496035,tiyavarty@gmail.com,2003-01-09,2022-08-06,M,W,Y,30-ER41,V2711
D1895,Parinaaz Sidhu,9166193760,parinaazsidhu@gmail.com,1988-01-08,2022-11-10,M,W,Y,IFB 551,V1907
D1896,Yakshit Thaman,07732428695,yakshitthaman@gmail.com,1986-10-03,2022-04-08,M,W,Y,JK9 9669,V1780
D1897,Seher Yohannan,+916242179506,seheryohannan@gmail.com,2001-01-20,2022-04-11,M,W,N,410-XMO,V2318
D1898,Aarush Dua,0528879749,aarushdua@gmail.com,1993-12-08,2022-04-20,M,L,Y,71E•501,V2667
D1899,Oorja Saxena,+919284691190,oorjasaxena@gmail.com,1974-09-02,2022-11-20,M,W,N,BCM7778,V2025
D1900,Anaya Dave,5619761565,anayadave@yahoo.com,1972-09-26,2022-09-17,M,W,Y,679 3178,V2214
D1901,Kiara Bal,+912721440328,kiarabal@gmail.com,1976-02-16,2022-10-29,M,W,Y,84NS7,V1923
D1902,Ira Sodhi,03708823631,irasodhi@yahoo.com,1981-01-28,2022-02-06,M,W,Y,56Q 608,V2105
D1903,Kismat Johal,+919239442747,kismatjohal@yahoo.com,1991-12-19,2022-09-19,F,W,N,594-DDMR,V2599
D1904,Yuvraj  Choudhry,02882579510,yuvrajchoudhry@gmail.com,1982-09-11,2022-12-18,M,W,Y,042 WMI,V1943
D1905,Siya Chanda,+910440946849,siyachanda@yahoo.com,1996-06-28,2022-08-03,M,W,Y,961 VLZ,V2110
D1906,Ira Deep,05703588750,iradeep@yahoo.com,1964-03-27,2022-10-28,M,W,Y,O 678932,V2151
D1907,Indrajit Bassi,07688084169,indrajitbassi@gmail.com,1972-09-05,2022-07-02,M,W,N,25U H03,V2029
D1908,Nitya Salvi,+912291789027,nityasalvi@yahoo.com,1993-06-08,2022-10-18,M,W,Y,5610 LC,V2530
D1909,Tiya Hayre,06418694680,tiyahayre@yahoo.com,1973-09-04,2022-09-26,M,W,N,4972 CH,V2012
D1910,Amani Zachariah,+919131657122,amanizachariah@gmail.com,1971-03-22,2022-03-16,M,W,Y,348 WNV,V2297
D1911,Aarush Atwal,+912664396315,aarushatwal@yahoo.com,1978-06-17,2022-07-11,F,W,Y,0WG 304,V2509
D1912,Aayush Chawla,02930421151,aayushchawla@gmail.com,1980-05-08,2022-04-20,M,W,Y,335 AML,V2218
D1913,Devansh Rana,08392623549,devanshrana@yahoo.com,1996-11-01,2022-08-30,M,W,Y,591-DKY,V1835
D1914,Taran Chand,+917445384245,taranchand@yahoo.com,1995-10-12,2022-12-26,M,W,N,593208,V2045
D1915,Vardaniya Balasubramanian,8156588059,vardaniyabalasubramanian@yahoo.com,1994-10-28,2022-03-17,M,W,N,RSF 829,V2251
D1916,Pranay Tata,+911211302519,pranaytata@yahoo.com,1991-05-16,2022-12-17,M,W,Y,JO-6117,V1952
D1917,Advik Lal,04906499517,adviklal@gmail.com,2001-11-12,2022-05-19,M,W,N,6-80376,V2126
D1918,Madhav Sawhney,+919468238235,madhavsawhney@gmail.com,1981-10-07,2022-10-08,M,W,N,AGF-0027,V2068
D1919,Fateh Dayal,6360195567,fatehdayal@yahoo.com,1964-06-21,2022-01-11,M,W,Y,KK 6649,V2709
D1920,Prisha Chandra,+919803567026,prishachandra@yahoo.com,1970-05-11,2022-11-23,M,L,N,DCY2838,V2154
D1921,Anahita Zachariah,04740285188,anahitazachariah@yahoo.com,1973-11-17,2022-10-19,M,W,Y,743-ZRW,V2203
D1922,Rania Chad,04647266008,raniachad@gmail.com,1967-05-19,2022-07-05,F,W,N,871-OBS,V2604
D1923,Adira Borah,+915828930761,adiraborah@gmail.com,1985-04-15,2022-07-26,F,W,N,280-DRR,V2392
D1924,Himmat Dora,4409472650,himmatdora@gmail.com,1968-03-18,2022-08-02,M,W,Y,8VO 509,V2422
D1925,Zara Gala,7338488348,zaragala@gmail.com,1972-06-19,2022-07-31,M,W,N,DNI-2851,V1950
D1926,Adah Sami,05443439207,adahsami@gmail.com,1976-07-10,2022-02-07,F,W,Y,5TB8863,V2601
D1927,Nirvaan Arya,03417462599,nirvaanarya@yahoo.com,1968-04-01,2022-10-04,M,W,Y,AP-8516,V2684
D1928,Mamooty Wable,9100480343,mamootywable@yahoo.com,1995-02-13,2022-12-26,M,L,Y,5471 CJ,V2139
D1929,Vihaan Mahajan,+914316534844,vihaanmahajan@yahoo.com,1988-09-29,2022-08-04,M,L,Y,NYV Z75,V1885
D1930,Aaina Manda,1001960676,aainamanda@yahoo.com,1993-12-03,2022-03-26,M,W,N,472 DWE,V2326
D1931,Aradhya Mahajan,02875785414,aradhyamahajan@yahoo.com,1987-11-05,2022-11-29,M,W,Y,0AV0624,V2120
D1932,Gokul Kala,+910876985718,gokulkala@gmail.com,2003-06-30,2022-10-25,M,W,Y,3H M5095,V2336
D1933,Vardaniya Bhardwaj,09976818501,vardaniyabhardwaj@gmail.com,1976-04-25,2022-07-06,M,W,Y,998-818,V1873
D1934,Samaira Mannan,05145706004,samairamannan@yahoo.com,1986-06-21,2022-01-27,M,W,N,NUW-0264,V1832
D1935,Lagan Kapadia,02536117364,lagankapadia@gmail.com,1995-09-24,2022-09-12,M,W,N,8CKF493,V2649
D1936,Yakshit Kibe,1074347739,yakshitkibe@gmail.com,1989-12-01,2022-11-24,M,W,Y,FZJ 050,V1760
D1937,Mannat Sani,06696246589,mannatsani@gmail.com,2003-09-26,2022-09-11,F,W,Y,HCV 899,V2730
D1938,Sahil Bahri,04083859921,sahilbahri@gmail.com,1988-03-15,2022-04-26,M,W,Y,840 SZP,V2156
D1939,Aaryahi Wason,+918567586756,aaryahiwason@yahoo.com,1978-03-01,2022-09-12,M,W,Y,BRC 255,V2605
D1940,Yuvraj  Dasgupta,+915874072013,yuvrajdasgupta@gmail.com,1984-08-06,2022-07-21,M,W,Y,DKP 309,V2610
D1941,Divyansh Ram,+915501076298,divyanshram@yahoo.com,1999-08-02,2022-03-06,M,W,Y,UFJ1484,V1851
D1942,Tara Rege,00613145670,tararege@yahoo.com,1967-06-30,2022-06-16,M,W,N,92H ID9,V1956
D1943,Faiyaz Krishnamurthy,05858813288,faiyazkrishnamurthy@yahoo.com,1986-10-26,2022-05-01,M,W,N,4-06950I,V1917
D1944,Kiaan Trivedi,+913631616318,kiaantrivedi@yahoo.com,1979-10-09,2022-10-06,F,W,N,ARY V98,V2448
D1945,Aayush Biswas,8611749237,aayushbiswas@gmail.com,1970-10-08,2022-03-15,F,W,N,ZRT 270,V1770
D1946,Vardaniya Chander,+913373258689,vardaniyachander@yahoo.com,1996-07-22,2022-02-05,M,W,N,519 KVO,V2688
D1947,Lagan Vohra,03905712496,laganvohra@gmail.com,1991-12-18,2022-12-20,M,W,Y,MJK 082,V1944
D1948,Inaaya  Gala,7084587897,inaayagala@yahoo.com,1973-05-24,2022-08-10,F,W,N,JBY-2901,V1926
D1949,Riya Chawla,07749669005,riyachawla@yahoo.com,1993-11-06,2022-08-23,M,W,Y,ARH 528,V1864
D1950,Ishita Hora,4825827692,ishitahora@gmail.com,1994-11-12,2022-09-27,M,W,N,YCO-7185,V1934
D1951,Inaaya  Anne,08562536584,inaayaanne@gmail.com,1971-12-25,2022-07-01,M,L,N,4N 12842,V2028
D1952,Shlok Gill,1266744902,shlokgill@yahoo.com,1971-07-17,2022-10-21,M,W,N,799 EDK,V2553
D1953,Umang Yadav,04894638635,umangyadav@yahoo.com,2001-12-06,2022-05-18,M,L,N,593-191,V2114
D1954,Sumer Badal,+910106744205,sumerbadal@yahoo.com,1974-11-12,2022-07-20,M,W,Y,7-P4856,V2652
D1955,Mishti Mandal,+917625613912,mishtimandal@yahoo.com,2004-07-05,2022-12-14,F,W,Y,J98 9LS,V2265
D1956,Onkar Dhillon,6040474016,onkardhillon@gmail.com,1984-10-25,2022-07-29,M,W,N,0B 4979H,V2308
D1957,Mannat Kothari,05699231366,mannatkothari@yahoo.com,1973-07-24,2022-12-18,M,W,N,DX 2997,V2042
D1958,Mamooty Krishnan,08985979984,mamootykrishnan@yahoo.com,1988-02-14,2022-03-12,M,W,Y,142 WTA,V1759
D1959,Anvi Chandran,01646275968,anvichandran@gmail.com,1976-01-23,2022-04-05,M,W,N,QJR 326,V2487
D1960,Vanya Wadhwa,+910250653938,vanyawadhwa@yahoo.com,1982-09-10,2022-12-23,M,L,Y,DAW-4193,V1774
D1961,Damini Khare,5460898460,daminikhare@gmail.com,1964-03-14,2022-10-11,F,W,Y,XCI 494,V1874
D1962,Farhan Vala,+911785817368,farhanvala@yahoo.com,1992-01-29,2022-02-27,M,W,N,QJM 580,V2602
D1963,Dishani Sidhu,5861340057,dishanisidhu@gmail.com,1989-09-24,2022-11-10,M,W,Y,ZAP3724,V2531
D1964,Yakshit Soman,+910306927828,yakshitsoman@gmail.com,1976-05-18,2022-06-16,M,L,Y,REX 242,V2665
D1965,Abram Kanda,+910718169394,abramkanda@yahoo.com,1999-07-08,2022-05-20,F,W,Y,DES 673,V1850
D1966,Himmat Ravel,9238704284,himmatravel@gmail.com,1992-03-10,2022-12-06,F,W,Y,T05 5ET,V1985
D1967,Ira Master,07738019336,iramaster@gmail.com,1982-06-20,2022-10-26,M,W,N,993262,V2010
D1968,Aradhya Savant,+910156319373,aradhyasavant@gmail.com,1962-08-01,2022-12-03,M,L,N,5P 44046,V2254
D1969,Madhav Bajaj,08384275748,madhavbajaj@yahoo.com,1987-05-29,2022-02-15,M,W,Y,WJ 59203,V2150
D1970,Prisha Das,3784299951,prishadas@yahoo.com,2000-07-20,2022-02-15,M,W,N,0B910,V2613
D1971,Dhanush Hari,5278662687,dhanushhari@gmail.com,1980-07-01,2022-11-11,M,W,N,6SS 294,V2403
D1972,Jhanvi Dhaliwal,+916157708604,jhanvidhaliwal@gmail.com,1995-09-25,2022-01-28,M,L,Y,KD-5663,V1990
D1973,Kabir Sani,00768460583,kabirsani@yahoo.com,1991-02-13,2022-07-21,M,L,Y,00-67416,V2119
D1974,Adira Luthra,4524017708,adiraluthra@yahoo.com,1994-11-05,2022-11-24,M,W,N,8Y 87554,V1848
D1975,Zeeshan Doshi,4416069728,zeeshandoshi@yahoo.com,1972-01-05,2022-07-10,F,L,Y,425 OT5,V2744
D1976,Shalv Tata,6510620452,shalvtata@yahoo.com,1976-11-04,2022-12-01,M,W,Y,EN1 2230,V2334
D1977,Taran Barman,0953209504,taranbarman@gmail.com,1995-03-23,2022-09-01,M,W,Y,206-UUU,V2239
D1978,Aradhya Bala,+915496665230,aradhyabala@gmail.com,1973-12-04,2022-02-21,M,W,Y,1042 PO,V2340
D1979,Manikya Chana,+915672415245,manikyachana@gmail.com,1964-12-20,2022-03-15,M,L,Y,I19-SWF,V1814
D1980,Hazel Dhar,+910507568207,hazeldhar@gmail.com,2001-07-10,2022-05-07,F,W,N,SPD 9160,V1937
D1981,Gatik Kota,02819490251,gatikkota@yahoo.com,1965-07-31,2022-08-10,M,W,N,J 919216,V2072
D1982,Hrishita Dara,09449999697,hrishitadara@yahoo.com,2003-04-20,2022-03-01,M,L,N,MXB 412,V2680
D1983,Raghav Tandon,02039027555,raghavtandon@yahoo.com,1977-01-04,2022-01-29,M,W,N,WUB-919,V1796
D1984,Jayan Bir,5517521195,jayanbir@yahoo.com,1993-04-15,2022-03-11,M,L,Y,386 LFW,V2737
D1985,Shlok Rajagopal,5549817969,shlokrajagopal@gmail.com,1973-02-14,2022-11-22,M,W,N,156 WP7,V2501
D1986,Zeeshan Madan,3681612991,zeeshanmadan@yahoo.com,1965-12-01,2022-06-12,F,L,Y,68R•535,V1830
D1987,Lagan Ramesh,08500524917,laganramesh@yahoo.com,1984-03-16,2022-04-06,M,W,N,OWO-306,V2478
D1988,Myra Khatri,08857864689,myrakhatri@gmail.com,1969-06-22,2022-10-29,M,L,N,ICM-805,V2320
D1989,Gatik Devi,4240624543,gatikdevi@yahoo.com,1989-10-08,2022-03-22,M,W,Y,6FXK207,V2558
D1990,Sana Char,+913286696218,sanachar@gmail.com,1991-01-03,2022-02-14,M,W,Y,1ZJ 318,V2356
D1991,Alisha Uppal,7405037847,alishauppal@yahoo.com,1995-02-10,2022-04-13,F,W,Y,ZOH 848,V2626
D1992,Rohan Trivedi,+914326568938,rohantrivedi@yahoo.com,1975-07-31,2022-10-12,M,W,N,MPE C57,V2182
D1993,Darshit Ratti,4743168888,darshitratti@yahoo.com,1989-03-29,2022-12-17,M,W,Y,TWG-8401,V2415
D1994,Adah Kaul,+916805308442,adahkaul@yahoo.com,1984-01-07,2022-08-06,M,L,N,090 OVV,V1860
D1995,Veer Kant,4589990670,veerkant@yahoo.com,1985-08-18,2022-04-22,M,W,Y,793-DTN,V2163
D1996,Ehsaan Dhar,+911893260305,ehsaandhar@yahoo.com,1977-06-04,2022-10-06,M,W,N,KPA 288,V2000
D1997,Kabir Rau,5925501225,kabirrau@yahoo.com,1990-12-02,2022-05-25,M,L,Y,2BQ1115,V2223
D1998,Badal Jani,02631331491,badaljani@gmail.com,1997-12-14,2022-09-07,F,L,N,XDA 091,V2702
D1999,Raghav Ramachandran,+915047439226,raghavramachandran@gmail.com,1973-04-01,2022-06-02,F,W,N,HNI-688,V2368
D2000,Hiran Dave,06242604611,hirandave@yahoo.com,2000-03-26,2022-10-22,M,W,N,DSO 282,V1773
D2001,Ivana Arora,00941863338,ivanaarora@gmail.com,1980-12-15,2022-01-17,F,W,Y,88GP2,V2249
D2002,Aaina Chaudhry,2049317383,aainachaudhry@yahoo.com,1985-10-11,2022-09-11,M,L,N,F11 6II,V2238
D2003,Divij Salvi,02677645246,divijsalvi@gmail.com,1981-12-03,2022-10-21,F,W,Y,8CXS244,V2671
D2004,Shaan Toor,7468526658,shaantoor@gmail.com,1964-01-14,2022-08-22,M,W,N,WRG 963,V1843
D2005,Amani Brahmbhatt,4231702384,amanibrahmbhatt@yahoo.com,2000-12-19,2022-06-14,F,W,Y,QF-9463,V1994
D2006,Bhavin Brahmbhatt,06764756880,bhavinbrahmbhatt@gmail.com,1999-09-17,2022-03-17,M,W,N,CHM-1978,V1946
D2007,Amani Chanda,09683439528,amanichanda@yahoo.com,1977-09-19,2022-08-03,M,L,N,E54 9QM,V2217
D2008,Hunar Saha,03034477994,hunarsaha@yahoo.com,1965-12-22,2022-04-25,M,W,N,0S 88226,V2390
D2009,Mahika Korpal,6466397086,mahikakorpal@yahoo.com,1981-03-18,2022-09-03,M,W,N,QPB 786,V2052
D2010,Pihu Saxena,8989030449,pihusaxena@gmail.com,1973-07-26,2022-12-03,M,W,Y,813 1WZ,V2140
D2011,Priyansh Bala,+913971599162,priyanshbala@yahoo.com,2003-08-03,2022-01-09,F,W,N,RGX-1094,V2474
D2012,Samiha Bava,5317650526,samihabava@gmail.com,2000-04-09,2022-06-26,M,W,Y,UVC-6666,V1875
D2013,Advika Dixit,6244950451,advikadixit@gmail.com,1962-07-23,2022-02-17,F,L,N,HRV-1412,V1915
D2014,Sumer Biswas,04534346285,sumerbiswas@gmail.com,1975-09-27,2022-02-09,M,W,Y,402-806,V2621
D2015,Zoya Sangha,1451625796,zoyasangha@gmail.com,1962-11-19,2022-08-24,M,W,N,4-20801Z,V1928
D2016,Aayush Dar,08905658452,aayushdar@gmail.com,1968-07-06,2022-12-09,M,W,Y,384 VDP,V1921
D2017,Misha Manda,4909301111,mishamanda@yahoo.com,1975-12-29,2022-04-18,M,W,Y,57C X67,V2007
D2018,Divyansh Shanker,02849166865,divyanshshanker@gmail.com,1970-10-02,2022-07-14,M,W,Y,54O•931,V2367
D2019,Sara Chokshi,05375481861,sarachokshi@gmail.com,1968-02-29,2022-05-29,M,W,Y,371WC,V2592
D2020,Vaibhav Doshi,00173400676,vaibhavdoshi@yahoo.com,1981-12-04,2022-09-05,M,W,Y,6-0862K,V1984
D2021,Umang Viswanathan,2246122722,umangviswanathan@gmail.com,2004-06-09,2022-12-28,M,W,N,192MXQ,V2144
D2022,Raghav Kapoor,05671537077,raghavkapoor@yahoo.com,1967-09-07,2022-07-10,F,W,N,109 MTA,V1929
D2023,Trisha Datta,3824477995,trishadatta@yahoo.com,1974-03-16,2022-02-24,F,W,N,3314,V1912
D2024,Zara Khanna,7024117862,zarakhanna@gmail.com,1988-04-21,2022-11-16,M,L,N,V29 9HX,V2081
D2025,Aniruddh Buch,09214426484,aniruddhbuch@gmail.com,1997-05-09,2022-09-29,M,W,Y,353-294,V2596
D2026,Prisha Jaggi,+915044679591,prishajaggi@yahoo.com,1966-06-05,2022-10-27,M,W,N,QDX7144,V2342
D2027,Akarsh Gala,4307101673,akarshgala@gmail.com,2002-07-18,2022-06-08,M,W,N,532-XAT,V2470
D2028,Nehmat Lala,+917236863769,nehmatlala@gmail.com,1980-02-13,2022-03-22,F,W,Y,DFC5384,V2400
D2029,Renee Bhatt,+917092483722,reneebhatt@gmail.com,1980-11-20,2022-10-20,M,W,N,ZKT-2010,V1940
D2030,Divij Kuruvilla,5077075812,divijkuruvilla@yahoo.com,1995-09-11,2022-07-16,M,W,N,HDR 577,V2261
D2031,Rania Ratti,03315736127,raniaratti@gmail.com,1986-06-30,2022-12-20,M,W,Y,9HI 179,V1782
D2032,Keya Chada,01663263540,keyachada@yahoo.com,1967-12-09,2022-03-04,M,W,N,TR6 7335,V2259
D2033,Rati Kata,00151130423,ratikata@gmail.com,1988-06-19,2022-07-26,M,W,Y,DPY-1488,V1839
D2034,Nehmat Chad,00294099418,nehmatchad@gmail.com,1994-07-05,2022-09-06,M,W,N,4ID Y52,V2268
D2035,Myra Sachdev,+916056665626,myrasachdev@yahoo.com,1987-05-31,2022-01-18,M,W,N,HPD 420,V1913
D2036,Mohanlal Sibal,02485549128,mohanlalsibal@gmail.com,1967-06-19,2022-10-04,M,W,N,3ZI92,V2750
D2037,Tiya Agate,4373077041,tiyaagate@yahoo.com,1994-06-15,2022-07-07,F,W,N,578 RPB,V2741
D2038,Oorja Samra,1384274852,oorjasamra@gmail.com,1967-03-07,2022-12-31,F,W,Y,FZT 258,V2080
D2039,Anaya Chaudhry,01980028815,anayachaudhry@gmail.com,1995-10-29,2022-10-15,M,W,N,68U 666,V2527
D2040,Tushar Bala,+918910741739,tusharbala@gmail.com,1995-08-14,2022-02-22,M,W,Y,MBB 661,V2330
D2041,Arnav Sangha,02550931059,arnavsangha@yahoo.com,2000-09-16,2022-03-20,M,W,N,V 733821,V1927
D2042,Zeeshan Basu,9640692620,zeeshanbasu@gmail.com,1992-04-28,2022-03-11,M,W,Y,MLC 099,V2198
D2043,Himmat Balay,+919449798549,himmatbalay@gmail.com,1988-04-15,2022-04-13,M,W,Y,QKF-659,V2555
D2044,Abram Dara,+919315407555,abramdara@yahoo.com,1968-06-01,2022-04-24,F,W,N,2111 LT,V2304
D2045,Anaya Chaudhuri,+915623541182,anayachaudhuri@gmail.com,1977-01-01,2022-09-08,M,W,N,EAJ7737,V2226
D2046,Inaaya  Magar,+914309355028,inaayamagar@gmail.com,1996-02-08,2022-07-25,M,W,N,042-482,V2611
D2047,Charvi Babu,08329016713,charvibabu@yahoo.com,1977-08-16,2022-10-13,M,W,Y,BIO-117,V2542
D2048,Amani Jayaraman,5718710968,amanijayaraman@gmail.com,2003-03-12,2022-01-01,M,L,Y,681-RLC,V2617
D2049,Romil Kade,03473262021,romilkade@yahoo.com,2001-05-19,2022-03-18,M,W,N,85B XS9,V1936
D2050,Shamik Johal,+911251805987,shamikjohal@gmail.com,1980-04-14,2022-10-28,M,L,Y,YJ-7503,V2094
D2051,Dharmajan Thakur,+917267421818,dharmajanthakur@yahoo.com,1972-02-29,2022-03-29,M,W,N,8FO 229,V2745
D2052,Ela Dayal,04687704206,eladayal@gmail.com,1971-07-08,2022-09-15,F,W,N,NNJ 145,V1963
D2053,Shayak Baria,01229946293,shayakbaria@yahoo.com,1978-12-27,2022-09-05,M,W,Y,SNJ 268,V1806
D2054,Vivaan Lala,+913986969187,vivaanlala@gmail.com,1998-09-14,2022-05-13,M,W,N,GPV-780,V1894
D2055,Anaya Savant,2325073140,anayasavant@yahoo.com,1972-03-25,2022-08-23,M,W,N,33-8344H,V2136
D2056,Heer Manne,8590933939,heermanne@gmail.com,1979-09-12,2022-06-14,F,W,N,863 LWP,V2087
D2057,Misha Dey,4589245028,mishadey@gmail.com,1980-11-19,2022-07-10,M,W,Y,CHB 774,V2090
D2058,Shamik Sidhu,04917563661,shamiksidhu@yahoo.com,2000-02-24,2022-11-06,M,W,Y,KTF-5918,V2401
D2059,Vedika Shetty,+913483752655,vedikashetty@gmail.com,1997-05-17,2022-09-30,M,W,N,035 3GY,V2352
D2060,Vidur Mani,6319582226,vidurmani@yahoo.com,2004-10-30,2022-11-30,M,W,N,MNZ 542,V2395
D2061,Alia Chanda,08583430301,aliachanda@gmail.com,1965-11-23,2022-12-08,M,L,Y,0-U1663,V2549
D2062,Stuvan Subramanian,+918866568192,stuvansubramanian@gmail.com,1983-02-08,2022-06-27,M,W,Y,PVC-3904,V2421
D2063,Vaibhav Ravel,2777586639,vaibhavravel@gmail.com,1965-03-22,2022-04-25,F,W,Y,WEB-1069,V1771
D2064,Kaira Wable,8083232889,kairawable@yahoo.com,1977-12-05,2022-03-19,M,W,Y,7L 6O2QZY,V2540
D2065,Mishti Badami,+917999736742,mishtibadami@yahoo.com,1970-12-16,2022-09-01,M,L,Y,ODQ P52,V2170
D2066,Aniruddh Sagar,+911112802263,aniruddhsagar@gmail.com,1962-06-14,2022-01-09,M,L,N,O10 0VY,V2521
D2067,Kiara Master,01650468641,kiaramaster@yahoo.com,2002-02-24,2022-08-21,M,W,Y,338D7,V2355
D2068,Sahil Deep,+918196188373,sahildeep@gmail.com,1979-04-09,2022-05-20,M,L,Y,LZP 529,V2200
D2069,Dhanuk Basu,9883039606,dhanukbasu@yahoo.com,1985-02-12,2022-01-09,F,W,Y,NF9 A7X,V1866
D2070,Anaya Som,7761426909,anayasom@yahoo.com,1982-04-12,2022-10-11,M,L,Y,RDN4399,V2287
D2071,Mahika Bhandari,+917515023180,mahikabhandari@yahoo.com,1996-09-24,2022-05-05,M,L,Y,17MO159,V2740
D2072,Pihu Borah,+910048460989,pihuborah@gmail.com,1990-02-12,2022-06-30,M,L,Y,505O4,V2108
D2073,Amira Deo,09872344056,amiradeo@gmail.com,1962-12-24,2022-06-18,M,W,N,54T 0073,V2246
D2074,Kanav Sandal,+919657229848,kanavsandal@yahoo.com,2002-01-10,2022-11-30,F,W,Y,ZQA 407,V1826
D2075,Tushar Basak,3444119304,tusharbasak@yahoo.com,1964-09-28,2022-07-27,M,W,Y,0CV 007,V2538
D2076,Kavya Maharaj,03816581275,kavyamaharaj@yahoo.com,1969-11-04,2022-01-11,M,W,N,066T9,V2675
D2077,Prerak Goyal,+914170508472,prerakgoyal@gmail.com,1994-06-16,2022-11-26,M,L,N,859 MLT,V2166
D2078,Neysa Garde,1870563732,neysagarde@gmail.com,1994-02-03,2022-08-20,M,W,N,814C,V2625
D2079,Tiya Krishnan,08026675465,tiyakrishnan@yahoo.com,1972-03-27,2022-11-21,M,W,N,ND 3114,V2578
D2080,Jayant Sangha,5623595562,jayantsangha@gmail.com,1994-01-27,2022-07-20,M,W,N,8WN6426,V2723
D2081,Neysa Rege,8227122763,neysarege@yahoo.com,1984-11-30,2022-01-11,M,W,N,9844,V2262
D2082,Ojas Verma,3261001691,ojasverma@yahoo.com,1999-02-28,2022-05-10,M,L,Y,2948 AN,V2216
D2083,Neelofar Devan,4002202474,neelofardevan@yahoo.com,1970-08-30,2022-12-26,F,W,Y,328W6,V2060
D2084,Adira Thaman,5110596372,adirathaman@yahoo.com,1995-06-15,2022-05-26,M,W,N,4IE68,V2589
D2085,Prerak Vora,06188921641,prerakvora@yahoo.com,1979-02-03,2022-11-14,F,W,N,147 TQC,V2314
D2086,Farhan Dhillon,01842387139,farhandhillon@yahoo.com,2004-03-20,2022-03-14,M,W,N,DBV6673,V2185
D2087,Zaina Brahmbhatt,+912138130856,zainabrahmbhatt@gmail.com,1984-10-01,2022-05-26,M,W,N,94W 272,V1829
D2088,Ishita Khatri,2262668786,ishitakhatri@yahoo.com,2003-07-12,2022-01-21,F,W,N,6D 94847,V2496
D2089,Myra Kakar,05700041369,myrakakar@yahoo.com,1982-10-29,2022-03-12,M,L,N,LRZ 883,V2436
D2090,Yashvi Shan,4991886971,yashvishan@yahoo.com,2003-12-11,2022-03-16,M,W,Y,350-RTB,V1871
D2091,Yakshit Sachar,+910870929095,yakshitsachar@yahoo.com,1992-04-02,2022-11-05,M,W,N,937287,V2491
D2092,Shaan Shetty,9565894224,shaanshetty@gmail.com,1980-02-25,2022-11-17,F,L,Y,0V M2347,V2358
D2093,Ritvik Gupta,1110724144,ritvikgupta@yahoo.com,1965-09-16,2022-10-24,F,W,Y,HEJ-014,V2683
D2094,Veer Mahajan,2829535004,veermahajan@yahoo.com,1964-05-05,2022-02-27,M,W,Y,NNX-1762,V2152
D2095,Advik Chanda,05522091770,advikchanda@gmail.com,1995-06-30,2022-04-25,F,W,Y,VE 8528,V1757
D2096,Stuvan Dada,00790508329,stuvandada@yahoo.com,1976-04-04,2022-09-21,M,W,Y,RLE-5343,V2434
D2097,Keya Ravi,3036766005,keyaravi@gmail.com,1987-01-24,2022-12-05,M,L,Y,149-SMC,V2294
D2098,Dishani Sehgal,3023701338,dishanisehgal@yahoo.com,1965-09-23,2022-02-01,M,W,Y,797-PTR,V2023
D2099,Ojas Ramesh,+917962365160,ojasramesh@yahoo.com,1967-04-19,2022-11-11,F,L,Y,646-KBL,V2594
D2100,Gokul Som,2370750965,gokulsom@gmail.com,1995-12-16,2022-10-04,M,W,N,D 056401,V2376
D2101,Tejas Sood,+913520927038,tejassood@gmail.com,1982-10-07,2022-03-29,M,W,Y,W60-ZUW,V2576
D2102,Tiya Korpal,06051131133,tiyakorpal@yahoo.com,1975-02-22,2022-05-24,M,L,N,732A,V2053
D2103,Samarth Gaba,6622211849,samarthgaba@yahoo.com,1994-07-17,2022-03-18,M,W,Y,IN5 6911,V1914
D2104,Aarav Bava,01191049991,aaravbava@gmail.com,1983-09-30,2022-01-26,M,W,N,83X 652,V1941
D2105,Neysa Korpal,+914411642224,neysakorpal@gmail.com,1968-11-26,2022-08-22,M,L,Y,PDE 278,V1761
D2106,Gokul Chada,+911402440385,gokulchada@yahoo.com,1968-09-19,2022-05-10,M,L,N,TDP-151,V2269
D2107,Hunar Savant,5866842825,hunarsavant@gmail.com,1997-03-03,2022-01-18,F,W,Y,814-230,V1891
D2108,Elakshi Uppal,2562586382,elakshiuppal@gmail.com,1987-01-02,2022-12-15,F,W,N,NEQ-974,V2141
D2109,Lagan Dhar,+911702788117,lagandhar@yahoo.com,1999-07-20,2022-01-15,M,W,Y,MWV4877,V2078
D2110,Ishaan Gandhi,05101219474,ishaangandhi@yahoo.com,1990-11-25,2022-03-01,M,L,Y,0-2037S,V1823
D2111,Kiaan Wagle,+912057227432,kiaanwagle@yahoo.com,1997-01-25,2022-05-04,M,W,N,SA5 6204,V2031
D2112,Rasha Cheema,6156350049,rashacheema@gmail.com,1976-01-30,2022-11-16,M,W,N,LK 71930,V2551
D2113,Ela Khare,+913172864729,elakhare@yahoo.com,1968-09-10,2022-01-10,M,W,Y,XVE-844,V1868
D2114,Shlok Sarna,+916129816518,shloksarna@yahoo.com,1992-10-06,2022-03-16,M,W,N,J 580158,V1840
D2115,Ryan Lata,+913163027284,ryanlata@gmail.com,2004-08-02,2022-06-28,M,W,N,0TGJ122,V2019
D2116,Aayush Bose,+916034606151,aayushbose@yahoo.com,2001-06-28,2022-08-25,M,W,N,NXF-8315,V2513
D2117,Arnav Kurian,+916133253581,arnavkurian@gmail.com,1993-10-31,2022-02-27,M,W,Y,243 LBR,V2362
D2118,Mahika Sane,3134319717,mahikasane@yahoo.com,1971-06-25,2022-01-26,F,W,Y,GZX 019,V1992
D2119,Nirvaan Apte,06247513502,nirvaanapte@gmail.com,2000-11-07,2022-09-13,M,L,N,3-53588S,V2371
D2120,Pranay Lata,06630382376,pranaylata@yahoo.com,1976-08-31,2022-06-25,M,W,Y,7-Q0195,V2658
D2121,Jivin Atwal,+911186932266,jivinatwal@gmail.com,1992-07-10,2022-06-04,M,W,Y,1MN75,V2600
D2122,Anay Gola,02115880499,anaygola@yahoo.com,2002-01-25,2022-01-07,M,L,Y,6252,V2547
D2123,Kanav Vaidya,+913112536379,kanavvaidya@gmail.com,1991-08-03,2022-04-13,M,W,Y,8K 6J5PHR,V2199
D2124,Aarna Din,+917107757286,aarnadin@yahoo.com,1965-11-17,2022-06-07,M,W,Y,87F 0764,V1779
D2125,Aaina Shetty,08730354503,aainashetty@gmail.com,1977-12-12,2022-03-28,M,W,Y,267-NAL,V1818
D2126,Zara Badal,07253994347,zarabadal@gmail.com,1974-04-22,2022-01-15,M,L,Y,WP-7068,V2316
D2127,Suhana Lal,+915124253040,suhanalal@gmail.com,1981-04-01,2022-11-20,M,W,N,8ZO B61,V2597
D2128,Shaan Sahota,+912484226791,shaansahota@gmail.com,2001-06-22,2022-12-24,M,W,Y,YMF 7578,V2460
D2129,Shayak Deol,5662657433,shayakdeol@yahoo.com,1974-11-01,2022-09-29,M,W,N,3-40447,V2682
D2130,Aaryahi Agarwal,+917563697573,aaryahiagarwal@gmail.com,1977-01-25,2022-08-27,M,L,Y,HKZ 048,V1938
D2131,Rasha Lall,06745953140,rashalall@gmail.com,1975-05-18,2022-05-26,F,L,N,830KFZ,V2100
D2132,Amira Wable,04600370673,amirawable@yahoo.com,1997-11-04,2022-10-28,F,L,N,34SK437,V2032
D2133,Taimur Tailor,09800177619,taimurtailor@yahoo.com,1990-12-08,2022-11-16,M,W,N,3-K7962,V1988
D2134,Indrans Sabharwal,04881159687,indranssabharwal@gmail.com,1984-03-01,2022-11-30,M,W,N,AM9 U8R,V2703
D2135,Zoya Rama,+919574372946,zoyarama@yahoo.com,2000-08-23,2022-09-18,M,W,Y,91B C61,V2736
D2136,Zara Contractor,5144767600,zaracontractor@yahoo.com,1963-07-12,2022-08-31,M,W,N,OXO 813,V2694
D2137,Ehsaan Bhargava,5707709939,ehsaanbhargava@gmail.com,1990-03-11,2022-04-16,M,L,N,7Q 7983E,V2697
D2138,Manjari Bora,8714125986,manjaribora@gmail.com,1976-01-07,2022-02-10,M,W,Y,059T,V1876
D2139,Divij Goel,07176491368,divijgoel@gmail.com,1977-08-17,2022-08-14,M,W,Y,FHQ 253,V2416
D2140,Pihu Uppal,+915156980222,pihuuppal@yahoo.com,1985-08-31,2022-08-21,M,W,Y,411-FHR,V2307
D2141,Aaina Chawla,+910177742025,aainachawla@yahoo.com,1997-01-29,2022-04-21,M,W,N,IOC 210,V2481
D2142,Amani Kuruvilla,8699703069,amanikuruvilla@gmail.com,1967-07-15,2022-11-27,M,W,N,TZI-3858,V2331
D2143,Hrishita Iyengar,04917405924,hrishitaiyengar@gmail.com,1969-07-07,2022-01-17,M,L,N,8UA Z99,V1967
D2144,Kimaya Chhabra,+918607671246,kimayachhabra@yahoo.com,1964-07-05,2022-03-31,M,W,Y,KNC 287,V2705
D2145,Yuvraj  Ahuja,+910078124604,yuvrajahuja@yahoo.com,1990-03-12,2022-11-05,M,L,N,CLS-9962,V2662
D2146,Mohanlal Bhat,07266976977,mohanlalbhat@yahoo.com,1986-11-27,2022-04-10,M,L,Y,AIB-521,V2284
D2147,Tiya Sampath,3296908739,tiyasampath@gmail.com,1988-07-24,2022-12-09,M,W,Y,997 KIH,V2595
D2148,Ira Majumdar,+918601825683,iramajumdar@yahoo.com,1997-09-02,2022-07-25,M,L,N,491 9PE,V2232
D2149,Mohanlal Tiwari,0581244597,mohanlaltiwari@yahoo.com,2002-01-28,2022-12-12,M,W,Y,PRW 703,V2014
D2150,Suhana Goda,+910455592671,suhanagoda@yahoo.com,1969-08-11,2022-07-17,M,W,N,9-12964G,V2299
D2151,Purab Bakshi,08638543300,purabbakshi@yahoo.com,1996-01-24,2022-12-07,M,W,N,09Z FQ1,V2646
D2152,Vedika Char,8636752534,vedikachar@gmail.com,1968-07-28,2022-10-29,M,W,N,365-VGJ,V2242
D2153,Ishaan Dada,+916893286738,ishaandada@yahoo.com,1976-01-30,2022-01-16,F,W,Y,750-OET,V2637
D2154,Ritvik Manne,+917841195499,ritvikmanne@gmail.com,1994-02-06,2022-06-25,M,W,N,3SIW 50,V2378
D2155,Divij Lad,00356943521,divijlad@gmail.com,1975-01-11,2022-01-29,F,W,N,302 CPQ,V2443
D2156,Azad Krish,4266282289,azadkrish@gmail.com,1967-10-07,2022-08-01,M,W,N,HWY 416,V2112
D2157,Anvi Kothari,00793265016,anvikothari@yahoo.com,1975-08-13,2022-02-06,F,L,Y,RSQ-1953,V2533
D2158,Sana Ratta,07276177208,sanaratta@yahoo.com,1963-08-07,2022-08-23,M,W,N,182 1EH,V2437
D2159,Rhea Roy,09190828082,rhearoy@yahoo.com,1998-03-05,2022-02-01,F,L,N,457-OAN,V2063
D2160,Gokul Khatri,+919463026570,gokulkhatri@gmail.com,2001-01-16,2022-02-26,M,W,Y,JTC 673,V2168
D2161,Prerak Shroff,1796214645,prerakshroff@gmail.com,1984-11-01,2022-08-01,M,L,Y,48-X131,V2607
D2162,Emir Tiwari,3198521270,emirtiwari@yahoo.com,1974-05-07,2022-02-03,M,W,N,806 UNZ,V2243
D2163,Hridaan Mand,7022763213,hridaanmand@yahoo.com,1986-11-09,2022-06-09,M,W,Y,5-N0891,V2091
D2164,Samarth Vaidya,1588964051,samarthvaidya@yahoo.com,1997-07-07,2022-09-23,M,W,Y,KYH 325,V2729
D2165,Prisha Sharaf,00855294760,prishasharaf@gmail.com,1964-11-26,2022-10-23,M,W,N,L 923597,V1816
D2166,Mannat Luthra,+913683444027,mannatluthra@yahoo.com,1972-03-26,2022-11-22,M,W,N,8D 33516,V1828
D2167,Anaya Kohli,2043933700,anayakohli@gmail.com,1968-11-19,2022-10-11,F,W,Y,02L R30,V2388
D2168,Vedika Bala,9729594056,vedikabala@gmail.com,1984-03-13,2022-07-27,F,W,Y,MAE 394,V2230
D2169,Prisha Master,+913872502747,prishamaster@yahoo.com,1975-05-22,2022-07-14,F,W,N,570-340,V2616
D2170,Kiaan Trivedi,00641899063,kiaantrivedi@gmail.com,1970-01-02,2022-10-24,M,W,Y,428N4,V2360
D2171,Samar Saha,+914849482879,samarsaha@gmail.com,1965-12-01,2022-05-03,M,L,Y,T77-WCN,V1924
D2172,Rhea Kohli,5385696364,rheakohli@gmail.com,1997-12-23,2022-12-10,M,W,N,2N N0815,V1986
D2173,Faiyaz Ranganathan,4350854124,faiyazranganathan@yahoo.com,1980-10-10,2022-07-11,F,W,Y,1110,V2543
D2174,Chirag Madan,1193485525,chiragmadan@gmail.com,1975-04-06,2022-05-29,F,L,Y,757414,V2319
D2175,Drishya Ravi,+910355106168,drishyaravi@yahoo.com,1985-03-17,2022-04-24,M,L,N,DDS-305,V2082
D2176,Jivika Ganguly,3612065454,jivikaganguly@gmail.com,1998-10-30,2022-05-18,M,W,N,OAI5303,V2212
D2177,Bhamini Badami,01859395319,bhaminibadami@yahoo.com,1997-05-03,2022-05-02,F,W,Y,M 674839,V2724
D2178,Adira Tripathi,8281290799,adiratripathi@yahoo.com,1999-05-03,2022-05-20,F,W,Y,F21-69G,V1960
D2179,Divyansh Khatri,03548409134,divyanshkhatri@yahoo.com,1989-07-13,2022-08-11,M,W,N,277 YZM,V1961
D2180,Nitya Andra,05466547282,nityaandra@gmail.com,1996-10-15,2022-07-31,F,W,N,4DW Q74,V1998
D2181,Aaina Sane,+910025150801,aainasane@yahoo.com,1989-06-03,2022-01-30,M,W,N,KGX 488,V1789
D2182,Nishith Sengupta,5149308382,nishithsengupta@gmail.com,2003-11-25,2022-09-25,M,W,Y,980 VAJ,V2298
D2183,Oorja Magar,0059526928,oorjamagar@gmail.com,1977-05-04,2022-08-10,M,L,Y,246-411,V2258
D2184,Vedika Kata,+910684903299,vedikakata@yahoo.com,1978-05-28,2022-05-06,M,W,N,XUC-3054,V2749
D2185,Kartik Dass,+912417441809,kartikdass@gmail.com,1968-04-12,2022-11-05,M,W,Y,JTT 451,V1973
D2186,Mamooty Lal,09454436880,mamootylal@gmail.com,2001-08-24,2022-06-26,M,W,Y,884-EKT,V2106
D2187,Amira Gole,+918657331737,amiragole@yahoo.com,1968-01-14,2022-03-16,M,W,N,490-977,V2263
D2188,Indrajit Bassi,+912442782084,indrajitbassi@yahoo.com,1965-01-22,2022-01-14,M,W,Y,097 VKM,V2344
D2189,Saira Brahmbhatt,00002862424,sairabrahmbhatt@gmail.com,1995-09-22,2022-03-14,M,W,Y,SSK-8163,V2502
D2190,Pihu Mand,+914131227744,pihumand@yahoo.com,1975-12-23,2022-12-19,M,W,N,DEC-7048,V2278
D2191,Ishita Toor,01775014362,ishitatoor@yahoo.com,1987-07-09,2022-05-10,M,W,Y,7ZQ0033,V2142
D2192,Saksham Vyas,09413795871,sakshamvyas@gmail.com,1990-09-27,2022-12-24,M,W,N,644-HVM,V2471
D2193,Krish Ranganathan,+915237685585,krishranganathan@gmail.com,2000-08-04,2022-06-19,M,W,Y,3330,V2581
D2194,Mamooty Dyal,02628030493,mamootydyal@gmail.com,1998-04-17,2022-08-01,M,W,N,440-ZDS,V2339
D2195,Gokul Deep,9308495474,gokuldeep@gmail.com,1980-09-23,2022-06-22,F,W,Y,YOS 492,V1762
D2196,Mahika Sani,5222206020,mahikasani@gmail.com,1988-01-16,2022-11-09,M,W,Y,4938 NQ,V1908
D2197,Hunar Kashyap,+910967237156,hunarkashyap@yahoo.com,1980-06-07,2022-02-26,M,L,Y,ZAM-997,V2700
D2198,Gokul Chaudry,+917145810338,gokulchaudry@gmail.com,1971-08-14,2022-10-09,M,W,N,2-12915,V2598
D2199,Adah Sabharwal,+913849383882,adahsabharwal@yahoo.com,1990-08-27,2022-10-06,M,W,N,BYM-180,V2248
D2200,Hrishita Rana,7695676692,hrishitarana@yahoo.com,2000-02-19,2022-07-24,F,W,N,308 KZX,V1951
D2201,Tara Dave,6684874873,taradave@gmail.com,1985-10-29,2022-02-25,F,W,N,DJN 542,V1792
D2202,Neelofar Karan,2614540243,neelofarkaran@gmail.com,1996-09-09,2022-10-31,M,L,N,9OF M97,V2207
D2203,Zoya Kurian,1276284065,zoyakurian@yahoo.com,2002-12-12,2022-11-25,M,W,N,W69 8CG,V2512
D2204,Azad Dixit,+918934897833,azaddixit@yahoo.com,1978-12-20,2022-11-21,F,L,Y,7S OS850,V2196
D2205,Prerak Ramesh,03663270158,prerakramesh@yahoo.com,1975-05-18,2022-03-26,F,W,Y,9O 4435P,V2370
D2206,Ritvik Kunda,2122006320,ritvikkunda@gmail.com,2001-05-04,2022-03-06,M,W,Y,HKD 461,V2519
D2207,Sana Das,00098032300,sanadas@gmail.com,1993-03-24,2022-10-26,M,W,N,HBM 448,V1857
D2208,Yashvi Bawa,+914312987364,yashvibawa@gmail.com,1994-09-23,2022-07-22,M,W,Y,NEW 804,V2295
D2209,Damini Dubey,3127074586,daminidubey@yahoo.com,1995-04-01,2022-09-29,F,W,N,4MG 783,V2708
D2210,Fateh Dhar,+916089462470,fatehdhar@yahoo.com,1967-03-12,2022-09-08,M,W,Y,8B 37287,V1945
D2211,Suhana Devan,00683985313,suhanadevan@gmail.com,1965-07-23,2022-01-28,M,W,N,6I 4843S,V1916
D2212,Vaibhav Issac,01221920486,vaibhavissac@yahoo.com,2002-10-21,2022-07-10,M,W,Y,420-AYN,V2155
D2213,Himmat Bandi,01808474855,himmatbandi@gmail.com,1972-01-10,2022-02-16,F,W,N,5BR L74,V2441
D2214,Shray Tak,9153802185,shraytak@gmail.com,1989-08-01,2022-12-11,F,W,N,764-SGW,V2636
D2215,Adah Sha,07748747564,adahsha@gmail.com,1987-02-16,2022-09-18,F,W,N,CEQ 392,V2743
D2216,Kiaan Sarma,6389821811,kiaansarma@gmail.com,1987-07-06,2022-05-21,M,W,N,529 YXD,V2713
D2217,Shayak Mann,+919220544473,shayakmann@yahoo.com,1972-04-24,2022-10-29,M,W,N,98-OM65,V2446
D2218,Vihaan Babu,6833803341,vihaanbabu@gmail.com,1970-10-15,2022-10-15,M,W,Y,78K H53,V2079
D2219,Veer Khalsa,+914225304918,veerkhalsa@gmail.com,1971-06-07,2022-05-19,M,L,Y,78-G742,V2097
D2220,Saanvi Deshmukh,07317295509,saanvideshmukh@gmail.com,1964-11-10,2022-07-29,M,W,Y,ZTK 358,V1809
D2221,Khushi Hans,8830824842,khushihans@gmail.com,1995-01-19,2022-10-05,M,W,Y,839 AOP,V2363
D2222,Zaina Singhal,03625720685,zainasinghal@gmail.com,1977-09-05,2022-03-28,M,L,Y,96C•251,V2027
D2223,Pari Ratti,00551021098,pariratti@yahoo.com,1972-03-16,2022-02-22,F,W,N,092 ZQF,V2734
D2224,Lakshit Sankar,5964109759,lakshitsankar@yahoo.com,2000-02-24,2022-10-25,F,L,Y,W65 4RD,V2608
D2225,Nehmat Garde,+917986242661,nehmatgarde@yahoo.com,2003-07-31,2022-05-19,M,W,N,175RV,V2270
D2226,Zaina Kashyap,+917639526650,zainakashyap@yahoo.com,1993-10-06,2022-01-30,F,W,Y,78H GX9,V2187
D2227,Siya Yohannan,8890079906,siyayohannan@yahoo.com,1996-05-23,2022-01-28,M,L,N,979 TIO,V2240
D2228,Tiya Khare,05924477380,tiyakhare@gmail.com,1973-01-03,2022-05-20,F,W,Y,829821,V1991
D2229,Sara Shukla,3321140614,sarashukla@gmail.com,1966-12-25,2022-08-05,F,W,N,847-575,V1977
D2230,Baiju Bhatnagar,8259927201,baijubhatnagar@gmail.com,2002-01-05,2022-05-06,F,W,Y,J 158929,V1807
D2231,Mishti Krishna,5634435997,mishtikrishna@gmail.com,1998-05-21,2022-11-06,M,W,N,0CV 660,V2746
D2232,Damini Mann,04485011530,daminimann@gmail.com,1998-03-12,2022-09-24,F,W,N,410 ZHA,V1920
D2233,Navya Kohli,+914340899873,navyakohli@yahoo.com,1970-12-13,2022-06-10,M,W,N,HGF 827,V2048
D2234,Indrajit Dugar,+917028712827,indrajitdugar@yahoo.com,2001-01-11,2022-02-14,M,L,Y,7ODV207,V2577
D2235,Badal Kara,7969545718,badalkara@yahoo.com,1982-03-13,2022-12-16,F,L,N,933-VFJ,V1918
D2236,Heer Hari,5529415589,heerhari@gmail.com,1965-12-28,2022-10-20,F,W,N,16D 9127,V2483
D2237,Anahita Sur,+916573501370,anahitasur@yahoo.com,1966-05-20,2022-08-30,M,W,N,82-LM05,V2289
D2238,Himmat Sastry,04084191003,himmatsastry@gmail.com,1995-02-07,2022-08-15,M,W,N,I20-IEM,V2195
D2239,Sana Srinivas,3945726553,sanasrinivas@gmail.com,1986-12-08,2022-07-21,M,L,N,329-WHI,V2663
D2240,Indrajit Solanki,+913833970176,indrajitsolanki@yahoo.com,1994-06-26,2022-08-30,M,L,Y,756-XIV,V2221
D2241,Yasmin Bava,4218008696,yasminbava@yahoo.com,2003-01-28,2022-04-29,M,L,Y,78-IR99,V2536
D2242,Tanya Sant,2309847640,tanyasant@yahoo.com,1992-09-06,2022-02-16,M,W,Y,GM5 J7L,V1881
D2243,Zara Madan,07373485184,zaramadan@yahoo.com,1996-07-14,2022-11-02,M,W,Y,PG 23325,V2161
D2244,Myra Sood,+917991152620,myrasood@yahoo.com,2002-06-01,2022-01-28,M,W,Y,4WB 600,V2716
D2245,Vaibhav Sharaf,+918644990364,vaibhavsharaf@gmail.com,1985-11-15,2022-03-02,M,W,N,145R,V2425
D2246,Rania Barad,0183422259,raniabarad@yahoo.com,1990-04-11,2022-05-22,M,W,N,1162 GO,V2644
D2247,Keya Kari,01638681138,keyakari@gmail.com,1963-02-22,2022-03-27,M,L,N,24G O06,V2660
D2248,Piya Saraf,+918084071085,piyasaraf@gmail.com,1977-12-13,2022-11-03,M,W,N,68GW6,V2323
D2249,Dhanush Hayer,+913834741669,dhanushhayer@yahoo.com,1999-01-22,2022-02-02,M,W,N,344 TEF,V1968
D2250,Kimaya Sagar,+912813417962,kimayasagar@yahoo.com,1984-04-04,2022-03-16,M,W,Y,212 PJP,V1969
D2251,Khushi Chauhan,08067859112,khushichauhan@gmail.com,2002-09-25,2022-06-19,M,W,Y,134R,V2586
D2252,Gokul Kalla,5908763400,gokulkalla@gmail.com,1989-12-13,2022-10-16,M,L,Y,696 GWU,V2635
D2253,Suhana Bhatt,03222752894,suhanabhatt@gmail.com,1997-01-12,2022-11-20,M,W,N,ZFX 049,V2164
D2254,Mannat Ganguly,07363909047,mannatganguly@yahoo.com,1974-09-09,2022-11-07,M,W,N,7FK7019,V2399
D2255,Nirvaan Handa,6590934962,nirvaanhanda@gmail.com,1985-06-11,2022-05-05,M,W,N,U81-97U,V2678
D2256,Zaina Bandi,+912580942956,zainabandi@yahoo.com,1993-06-29,2022-03-02,M,W,Y,R27-79I,V2439
D2257,Aarav Bhatt,03661745639,aaravbhatt@yahoo.com,1989-04-29,2022-06-03,M,W,N,KQS 962,V2312
D2258,Kimaya Gera,+911989469023,kimayagera@yahoo.com,1964-01-10,2022-11-16,M,L,N,BPT9517,V2017
D2259,Dharmajan Thaman,7353348825,dharmajanthaman@yahoo.com,2000-11-09,2022-07-27,F,W,N,61-5082H,V2410
D2260,Aniruddh Banik,+914567058352,aniruddhbanik@yahoo.com,1983-10-02,2022-04-27,M,W,N,465-NQF,V2494
D2261,Ojas Bassi,+914504521520,ojasbassi@yahoo.com,2000-06-28,2022-09-03,M,W,Y,NIJ-7780,V2566
D2262,Raghav Venkataraman,+914536215240,raghavvenkataraman@gmail.com,1985-04-20,2022-09-06,M,W,N,2PXS 98,V2292
D2263,Vritika Ramakrishnan,+919859765704,vritikaramakrishnan@yahoo.com,1999-01-28,2022-09-14,M,W,N,128-TDT,V2373
D2264,Anya Kulkarni,00400195861,anyakulkarni@gmail.com,2004-11-11,2022-12-10,M,W,N,6E 7T9EEC,V2103
D2265,Rhea Datta,+919611478875,rheadatta@yahoo.com,1980-07-23,2022-05-05,M,W,N,45-GQ23,V2467
D2266,Drishya Golla,7930451273,drishyagolla@yahoo.com,1987-11-25,2022-03-04,M,W,Y,540HJ,V1925
D2267,Myra Khalsa,09636590517,myrakhalsa@gmail.com,1996-05-07,2022-03-10,F,W,Y,514 2KN,V2073
D2268,Tiya Kumer,+910436073113,tiyakumer@yahoo.com,1991-05-03,2022-09-10,M,W,Y,3C VH326,V1983
D2269,Ahana  Sarna,02628264735,ahanasarna@gmail.com,1996-11-13,2022-06-07,F,W,N,C22 2KF,V2096
D2270,Ishaan Suri,03930618103,ishaansuri@yahoo.com,1989-12-12,2022-07-24,F,W,Y,496-KEQ,V2679
D2271,Anahi Choudhary,+918858765341,anahichoudhary@gmail.com,1993-01-14,2022-12-30,M,L,N,LCT7354,V2508
D2272,Samiha Yadav,+913977182471,samihayadav@yahoo.com,1974-03-19,2022-12-07,F,W,Y,701 RVS,V2202
D2273,Anahita Bala,+914372777850,anahitabala@yahoo.com,1972-10-22,2022-04-14,F,L,Y,TB 3234,V2256
D2274,Aniruddh Amble,+916168251566,aniruddhamble@yahoo.com,1999-02-18,2022-12-25,M,W,N,IPG 386,V2181
D2275,Anika Sunder,+914824420444,anikasunder@gmail.com,1966-02-10,2022-02-08,F,W,Y,178A,V2565
D2276,Ivana Tella,5113206897,ivanatella@gmail.com,1964-10-16,2022-04-02,M,W,N,431541,V2413
D2277,Alisha Varughese,7730807487,alishavarughese@gmail.com,1983-08-04,2022-05-19,M,W,Y,LG3 2269,V2427
D2278,Advika Sankaran,3966919353,advikasankaran@yahoo.com,1967-11-24,2022-12-13,M,W,N,0AOL 30,V2657
D2279,Divit Sharma,+919691638311,divitsharma@yahoo.com,1991-09-28,2022-04-27,F,W,Y,SPJ 766,V2455
D2280,Elakshi Zacharia,+916021212643,elakshizacharia@gmail.com,1967-10-07,2022-02-17,F,W,Y,YL 79363,V2138
D2281,Eshani Kohli,5462936597,eshanikohli@gmail.com,2000-02-02,2022-01-07,M,W,Y,NTP-505,V2480
D2282,Saira Ravel,+913153543080,sairaravel@gmail.com,1968-01-23,2022-11-27,M,W,N,7-2749S,V2628
D2283,Samaira Sarna,09641863108,samairasarna@yahoo.com,1965-04-06,2022-06-17,M,W,Y,KAE-1917,V2366
D2284,Adira Dubey,6039255059,adiradubey@yahoo.com,2004-11-07,2022-05-10,F,W,Y,9QY8866,V2300
D2285,Yuvaan Dua,4323568803,yuvaandua@gmail.com,1977-11-17,2022-10-01,M,L,N,490AD,V2054
D2286,Adah Goda,+910701640046,adahgoda@yahoo.com,2005-01-28,2022-09-27,F,W,Y,086 BMC,V1790
D2287,Samiha Wali,+913698853989,samihawali@yahoo.com,2002-09-04,2022-02-10,M,W,N,613C,V2428
D2288,Pihu Batta,+910330318398,pihubatta@yahoo.com,2000-05-27,2022-09-01,M,W,Y,ZCI-563,V1845
D2289,Gokul Sodhi,+913448614824,gokulsodhi@yahoo.com,1969-01-24,2022-11-16,M,W,Y,160 WQP,V2690
D2290,Seher Suri,+919685322642,sehersuri@gmail.com,1991-11-01,2022-08-24,F,W,N,6868,V2234
D2291,Elakshi Jani,7520310233,elakshijani@yahoo.com,1989-08-27,2022-04-25,M,W,Y,030QR,V2396
D2292,Piya Chadha,9557854054,piyachadha@gmail.com,1996-02-08,2022-01-17,F,L,Y,45-70451,V2222
D2293,Zoya Bala,+910609818334,zoyabala@yahoo.com,1979-10-06,2022-10-10,M,W,Y,UW3 8379,V2545
D2294,Priyansh Sha,6641416983,priyanshsha@gmail.com,1967-02-27,2022-03-29,M,L,N,BER 351,V2465
D2295,Kanav Lalla,07219301509,kanavlalla@gmail.com,1998-07-31,2022-06-04,F,W,N,151-768,V2518
D2296,Neysa Bahl,02877797651,neysabahl@yahoo.com,1981-04-08,2022-09-10,M,W,N,747 TET,V2704
D2297,Adira Ram,+910754113662,adiraram@gmail.com,1969-06-13,2022-10-28,M,L,Y,HJY-677,V1815
D2298,Neysa Chopra,01090699218,neysachopra@yahoo.com,1962-11-15,2022-02-02,F,W,N,YQX 644,V2453
D2299,Tushar Dani,0571441252,tushardani@gmail.com,1967-05-13,2022-05-15,M,L,N,399 5BU,V2432
D2300,Mehul Setty,07578804314,mehulsetty@yahoo.com,1977-04-20,2022-05-20,M,L,N,UBN 1297,V2407
D2301,Anya Kannan,01360197422,anyakannan@yahoo.com,1965-10-04,2022-04-11,M,W,N,MUE 430,V2387
D2302,Ishita Raju,2505876137,ishitaraju@gmail.com,1969-01-09,2022-01-27,M,W,N,9YP0855,V1964
D2303,Jivin Kumer,+910300784300,jivinkumer@gmail.com,1979-11-14,2022-04-01,M,W,Y,33XQ754,V2386
D2304,Sumer Kar,9669294164,sumerkar@yahoo.com,2000-08-21,2022-12-26,M,W,Y,434RKV,V2209
D2305,Sahil Banerjee,08721437961,sahilbanerjee@gmail.com,1977-06-19,2022-08-02,M,W,Y,XEG-331,V2397
D2306,Rhea Kar,08510333648,rheakar@gmail.com,1990-03-27,2022-05-31,F,W,Y,234 JQA,V2137
D2307,Tushar Bala,+913489497937,tusharbala@gmail.com,1993-10-13,2022-12-13,M,W,N,509 9758,V2450
D2308,Hridaan Verma,+917293962793,hridaanverma@yahoo.com,1973-04-15,2022-03-07,M,W,N,WOX 882,V2245
D2309,Baiju Bhatnagar,+912614644518,baijubhatnagar@gmail.com,1969-11-26,2022-03-17,M,W,Y,71W T88,V2454
D2310,Jhanvi Dhawan,01400181863,jhanvidhawan@gmail.com,2004-12-21,2022-02-02,M,L,Y,920AR,V1751
D2311,Lagan Kamdar,8824120926,lagankamdar@yahoo.com,1973-12-03,2022-11-17,M,W,Y,IMO-065,V2579
D2312,Advika Luthra,09294915168,advikaluthra@gmail.com,1999-11-04,2022-09-04,M,W,N,JVS1438,V2067
D2313,Romil Gera,1014120144,romilgera@gmail.com,1969-12-09,2022-03-26,M,W,Y,4YW5094,V2089
D2314,Ranbir Virk,09396097391,ranbirvirk@gmail.com,1994-07-27,2022-08-09,M,L,Y,L33-21E,V2084
D2315,Priyansh Ramakrishnan,03516683452,priyanshramakrishnan@gmail.com,1975-11-08,2022-12-18,M,W,Y,005-OQX,V2647
D2316,Nishith Chopra,09849439548,nishithchopra@yahoo.com,1980-07-23,2022-03-14,M,W,N,05K 6604,V2500
D2317,Dhanuk Krishnamurthy,5119393634,dhanukkrishnamurthy@yahoo.com,1976-06-05,2022-09-03,M,L,Y,JVB 420,V2402
D2318,Shayak Ghosh,00476401362,shayakghosh@yahoo.com,2003-03-16,2022-04-15,M,L,N,4-U5644,V2457
D2319,Shayak Bose,4628879859,shayakbose@gmail.com,1980-08-20,2022-11-23,M,W,N,738 PY8,V1858
D2320,Anvi Butala,0482382469,anvibutala@gmail.com,1990-12-06,2022-06-10,M,W,N,3HTN032,V2008
D2321,Anika Bhavsar,00398791055,anikabhavsar@gmail.com,1986-04-17,2022-11-20,F,W,Y,EBS G99,V2037
D2322,Tejas Sha,3943193665,tejassha@yahoo.com,1998-09-22,2022-06-06,M,W,N,L43-62T,V2588
D2323,Hunar Konda,05946414787,hunarkonda@gmail.com,1978-03-08,2022-04-08,M,W,Y,7MY Y57,V2722
D2324,Kabir Balakrishnan,05375838742,kabirbalakrishnan@yahoo.com,2004-01-11,2022-07-19,M,L,Y,J 836112,V2438
D2325,Vaibhav Mammen,0345719114,vaibhavmammen@gmail.com,1982-11-28,2022-08-11,M,W,Y,EYZ-0251,V2534
D2326,Shaan Venkatesh,1393590942,shaanvenkatesh@gmail.com,1965-08-12,2022-01-15,F,L,Y,99-92853,V2030
D2327,Rati Gola,06924039743,ratigola@gmail.com,1981-05-24,2022-03-16,F,W,Y,GFJ F05,V2065
D2328,Miraan Deo,1031278467,miraandeo@yahoo.com,2000-05-17,2022-09-17,M,W,N,HPC 157,V1854
D2329,Dishani Bhattacharyya,05526171652,dishanibhattacharyya@yahoo.com,2001-12-17,2022-03-22,F,W,Y,39-47203,V2707
D2330,Lavanya Tandon,7425879042,lavanyatandon@yahoo.com,1981-12-20,2022-04-11,M,L,Y,52KG3,V2614
D2331,Emir Bhat,+910799482496,emirbhat@gmail.com,1990-12-04,2022-07-24,M,W,Y,0420,V2041
D2332,Kiara Lal,06164513017,kiaralal@gmail.com,1969-09-20,2022-02-28,M,L,Y,4GOB 73,V2317
D2333,Raunak Sarraf,+911386148718,raunaksarraf@yahoo.com,1988-07-27,2022-02-14,F,L,N,UCC 066,V2252
D2334,Aniruddh Ram,+917705309233,aniruddhram@yahoo.com,1993-04-03,2022-07-22,F,W,Y,3-B5574,V1819
D2335,Kanav Loke,02858170754,kanavloke@gmail.com,1986-12-06,2022-09-27,M,W,N,372-FUF,V1763
D2336,Myra Deo,05786435387,myradeo@yahoo.com,2001-02-06,2022-12-25,F,W,N,BZX-178,V2190
D2337,Jayesh Dani,00920865018,jayeshdani@yahoo.com,1993-12-02,2022-09-11,M,L,Y,0P 0B7ZBU,V1778
D2338,Elakshi Bail,3676201340,elakshibail@gmail.com,1996-03-18,2022-09-23,M,W,N,9JZ 044,V1965
D2339,Abram Choudhury,+910270789320,abramchoudhury@gmail.com,1968-02-02,2022-04-05,M,W,N,855 QIB,V2329
D2340,Vihaan Ganguly,3108142185,vihaanganguly@yahoo.com,1985-05-23,2022-03-31,M,L,N,XI 63956,V1987
D2341,Trisha Krishna,+918476162346,trishakrishna@gmail.com,1972-12-23,2022-07-30,M,W,N,50L•939,V2197
D2342,Ahana  Acharya,1853657038,ahanaacharya@gmail.com,1965-08-25,2022-05-02,F,L,Y,DVZ-2863,V1791
D2343,Vedika Ghose,00576885878,vedikaghose@gmail.com,1979-12-02,2022-07-05,M,W,Y,9-9379T,V2701
D2344,Vidur Sant,07527983129,vidursant@gmail.com,1979-01-31,2022-09-30,M,W,Y,MXF-589,V2472
D2345,Ishaan Mand,6651326645,ishaanmand@gmail.com,1972-02-29,2022-08-07,F,L,Y,CW-8354,V2293
D2346,Zain Balasubramanian,+917360486559,zainbalasubramanian@yahoo.com,1973-03-08,2022-05-09,M,W,N,PRY-7760,V2715
D2347,Eshani Wason,+913588290289,eshaniwason@gmail.com,1977-12-30,2022-12-27,M,W,Y,546PS,V1904
D2348,Shaan Basu,+914335219159,shaanbasu@gmail.com,1962-08-18,2022-07-06,M,W,Y,1-2354K,V2280
D2349,Fateh Malhotra,00445422812,fatehmalhotra@gmail.com,1973-11-19,2022-03-15,M,L,N,I93-82G,V2125
D2350,Miraya Joshi,05763039213,mirayajoshi@yahoo.com,1965-11-15,2022-05-09,M,W,Y,192-EWE,V2380
D2351,Advik Balakrishnan,8717046625,advikbalakrishnan@yahoo.com,1989-04-05,2022-09-09,M,W,N,25-9147D,V2505
D2352,Kaira Apte,7426385572,kairaapte@yahoo.com,1978-05-14,2022-06-27,M,W,N,546 IIM,V1933
D2353,Damini Chawla,08529760193,daminichawla@yahoo.com,1973-01-28,2022-10-09,M,L,Y,24-57735,V2134
D2354,Kiara Ramakrishnan,00307545886,kiararamakrishnan@gmail.com,1988-02-04,2022-12-21,F,W,Y,1XH H58,V2570
D2355,Anahi Sharma,09584075609,anahisharma@gmail.com,1965-10-03,2022-10-07,F,W,Y,9NZ95,V2417
D2356,Vaibhav Cherian,01969336528,vaibhavcherian@yahoo.com,1972-08-27,2022-01-04,M,W,N,138 8KM,V2206
D2357,Ritvik Kaul,07422105001,ritvikkaul@yahoo.com,1981-12-19,2022-08-17,M,W,N,JW4 0006,V2247
D2358,Dharmajan Kumer,+911826928718,dharmajankumer@yahoo.com,1996-07-01,2022-02-12,M,W,N,140 ZXQ,V2384
D2359,Pari Basu,+913442959101,paribasu@yahoo.com,1978-11-03,2022-11-07,M,L,N,6-67171M,V2420
D2360,Saira Bawa,4793562555,sairabawa@gmail.com,1996-04-24,2022-06-09,M,L,Y,5-6539Q,V1863
D2361,Anaya Edwin,0338253196,anayaedwin@gmail.com,1970-02-08,2022-04-24,M,W,N,3B 93270,V1909
D2362,Aarav Sinha,8592657805,aaravsinha@yahoo.com,1991-08-15,2022-04-29,M,W,Y,953 QX6,V2310
D2363,Renee Bala,02813877526,reneebala@gmail.com,1967-08-28,2022-06-12,M,W,N,HX 9308,V2085
D2364,Shanaya Taneja,8598226455,shanayataneja@yahoo.com,1964-05-04,2022-03-25,M,W,Y,ZWL 078,V2569
D2365,Onkar Dara,07466260764,onkardara@gmail.com,1976-01-23,2022-11-27,F,W,N,AJ 8576,V1785
D2366,Bhamini Rau,01319962969,bhaminirau@gmail.com,2004-09-02,2022-08-21,F,W,N,GKJ3583,V2228
D2367,Miraan Saini,+913910444954,miraansaini@gmail.com,1987-08-30,2022-01-15,M,L,N,289-VAA,V2372
D2368,Kimaya Sodhi,+919812912082,kimayasodhi@gmail.com,1972-09-09,2022-08-25,F,W,Y,861 3YH,V2720
D2369,Nayantara Srivastava,4784734478,nayantarasrivastava@yahoo.com,1965-10-19,2022-04-01,M,W,N,UGO 845,V1831
D2370,Zara Dyal,9610480789,zaradyal@gmail.com,1973-01-07,2022-10-07,M,W,N,886J,V2659
D2371,Rania Choudhry,+910834032440,raniachoudhry@gmail.com,1990-02-28,2022-04-04,F,W,Y,9GZ J67,V2541
D2372,Mishti Verma,02086968877,mishtiverma@yahoo.com,1979-08-12,2022-12-06,F,W,N,NAX-908,V2398
D2373,Seher Kannan,+919948620125,seherkannan@gmail.com,1993-04-06,2022-12-22,M,L,N,G44-70L,V2347
D2374,Ivana Bath,4267694194,ivanabath@yahoo.com,2000-10-21,2022-08-15,M,W,N,OOS 738,V2046
D2375,Seher Arya,4393546239,seherarya@yahoo.com,1990-07-20,2022-04-09,M,W,N,82PW9,V2160
D2376,Zeeshan Apte,03560464104,zeeshanapte@yahoo.com,1972-02-07,2022-10-20,M,W,N,559 BQJ,V2511
D2377,Saira Halder,+919749009801,sairahalder@yahoo.com,1995-11-22,2022-04-14,F,W,Y,261-JXN,V2590
D2378,Biju Subramanian,6595763304,bijusubramanian@gmail.com,1976-03-04,2022-08-06,M,L,N,9E 57520,V2516
D2379,Tejas Hans,+910566329859,tejashans@gmail.com,1981-11-21,2022-06-14,M,L,Y,697YP,V2215
D2380,Neysa Lalla,+912514572581,neysalalla@gmail.com,2003-09-02,2022-03-08,M,W,N,44-71854,V2277
D2381,Renee Sastry,5043806222,reneesastry@yahoo.com,1974-03-07,2022-04-04,M,L,N,08Q•649,V2560
D2382,Kavya Arora,9916607444,kavyaarora@gmail.com,2005-03-15,2022-06-22,M,L,Y,GME7808,V1775
D2383,Anvi Sachdeva,1914503781,anvisachdeva@gmail.com,2000-11-28,2022-10-24,M,L,Y,DUD 931,V1939
D2384,Gokul Shan,+911193704256,gokulshan@gmail.com,1963-09-15,2022-08-09,M,W,N,K23 9OO,V2162
D2385,Veer Kapadia,3648334370,veerkapadia@yahoo.com,1983-02-02,2022-01-01,M,L,N,699 MYH,V2135
D2386,Kabir Sodhi,04690361632,kabirsodhi@gmail.com,1969-11-27,2022-05-17,M,W,N,6219,V2529
D2387,Farhan Swaminathan,0234801272,farhanswaminathan@yahoo.com,1982-08-03,2022-03-02,M,L,Y,8-L1279,V2477
D2388,Divij Sehgal,09231067191,divijsehgal@yahoo.com,1970-12-28,2022-05-07,M,W,N,437 GIA,V2431
D2389,Nishith Sarkar,04640077692,nishithsarkar@yahoo.com,1982-08-21,2022-01-24,F,W,N,3691,V2313
D2390,Ivana Bose,03082866822,ivanabose@yahoo.com,1975-02-10,2022-03-11,M,L,Y,NUK K12,V2179
D2391,Faiyaz Seth,9635812852,faiyazseth@yahoo.com,2002-07-02,2022-04-02,M,L,Y,9IRX417,V2411
D2392,Aayush Lala,+915149427780,aayushlala@gmail.com,1971-03-12,2022-08-11,M,W,N,2JL 872,V2365
D2393,Alisha Kurian,1110491862,alishakurian@gmail.com,1993-03-21,2022-10-10,M,W,Y,MHG 470,V2504
D2394,Aniruddh Karpe,9558110758,aniruddhkarpe@gmail.com,1990-06-29,2022-02-22,M,W,Y,854-KOB,V2571
D2395,Riya Magar,05452262786,riyamagar@yahoo.com,1969-03-30,2022-04-29,M,W,Y,177-BXYJ,V1899
D2396,Nitya Deol,+913368147189,nityadeol@gmail.com,1964-10-19,2022-11-28,M,W,N,860 WLS,V2452
D2397,Vritika Varty,+911258599994,vritikavarty@yahoo.com,1993-05-24,2022-07-08,F,L,N,SHF-991,V2101
D2398,Samar Batta,+919369708973,samarbatta@yahoo.com,1970-05-24,2022-02-11,M,W,Y,45W 231,V2321
D2399,Umang Dugal,4704855061,umangdugal@gmail.com,1997-01-16,2022-12-14,M,W,Y,9UEF632,V1896
D2400,Miraan Bali,08775852807,miraanbali@yahoo.com,1993-12-20,2022-03-14,M,W,Y,949 3554,V2495
D2401,Emir Kala,7992791881,emirkala@yahoo.com,1993-07-20,2022-12-26,M,W,Y,8YQ06,V2546
D2402,Aarush Shankar,2386389224,aarushshankar@yahoo.com,1992-06-07,2022-04-03,F,L,Y,5MQ 251,V2225
D2403,Reyansh Iyer,07335068785,reyanshiyer@yahoo.com,1996-12-05,2022-09-18,M,W,N,IMC9833,V1902
D2404,Hunar Joshi,9294568248,hunarjoshi@gmail.com,1984-11-08,2022-05-11,F,W,N,XUS 867,V2721
D2405,Indranil Sanghvi,09388317803,indranilsanghvi@yahoo.com,2004-05-06,2022-06-26,M,W,Y,90-77722,V2522
D2406,Lavanya Walla,+916023103679,lavanyawalla@yahoo.com,2001-07-28,2022-10-08,M,L,Y,8-R4569,V2394
D2407,Jayant Andra,9873530685,jayantandra@gmail.com,1979-02-09,2022-11-06,M,W,N,LTD-098,V1910
D2408,Azad Iyer,05527268121,azadiyer@gmail.com,1971-06-15,2022-02-13,M,W,N,UFT-2235,V2351
D2409,Veer Chanda,2286605507,veerchanda@yahoo.com,2003-09-13,2022-07-13,F,W,Y,2D UR664,V2058
D2410,Hridaan Bera,+911143950524,hridaanbera@yahoo.com,1977-01-03,2022-02-10,M,W,Y,802-LNJY,V2426
D2411,Vardaniya Bassi,+917571685650,vardaniyabassi@yahoo.com,1983-08-26,2022-10-23,M,W,Y,1Q378,V2559
D2412,Suhana Kala,+916333817290,suhanakala@gmail.com,1979-03-05,2022-10-14,F,W,N,MCS 586,V2204
D2413,Renee Gandhi,06106288589,reneegandhi@gmail.com,1993-01-17,2022-04-14,M,W,Y,JFP 255,V2146
D2414,Heer Khanna,2078299680,heerkhanna@yahoo.com,1967-10-12,2022-05-21,M,W,Y,WF-9046,V2572
D2415,Kashvi Samra,1631135566,kashvisamra@yahoo.com,1979-01-20,2022-09-21,M,W,N,VKI-5100,V2447
D2416,Mishti Shenoy,9400899811,mishtishenoy@yahoo.com,1992-02-18,2022-04-24,M,L,N,IJA-0926,V1887
D2417,Zara Mangat,1341835709,zaramangat@yahoo.com,1993-06-11,2022-01-17,F,W,Y,7KR I67,V1808
D2418,Armaan Sinha,2283609328,armaansinha@yahoo.com,1979-05-28,2022-01-17,F,W,N,66X 7397,V2132
D2419,Kabir Ganesan,2736865144,kabirganesan@gmail.com,1982-03-22,2022-05-03,M,W,N,60Q 2030,V1862
D2420,Raunak Choudhary,+916279530171,raunakchoudhary@gmail.com,1977-01-29,2022-02-24,F,W,Y,468ZX,V1880
D2421,Yuvaan Sama,+915979008517,yuvaansama@yahoo.com,1970-06-11,2022-08-29,M,W,Y,NSZ8553,V2006
D2422,Mohanlal Chana,02996438389,mohanlalchana@gmail.com,1979-06-13,2022-12-05,M,W,Y,902 NEX,V2109
D2423,Bhavin Chokshi,2194578220,bhavinchokshi@yahoo.com,1989-10-23,2022-06-11,M,W,Y,KFB 088,V2111
D2424,Adah Sunder,1084886395,adahsunder@yahoo.com,1980-01-09,2022-08-12,M,W,N,J80-79A,V2059
D2425,Sana Talwar,09993852870,sanatalwar@gmail.com,2000-01-21,2022-03-12,M,W,Y,89KE567,V2070
D2426,Ela Joshi,02559663824,elajoshi@yahoo.com,1994-08-31,2022-01-16,M,W,Y,32A GE4,V1824
D2427,Parinaaz Jhaveri,6570262340,parinaazjhaveri@gmail.com,1979-07-04,2022-11-28,M,L,Y,RGT 501,V1803
D2428,Shamik Goswami,6906247525,shamikgoswami@yahoo.com,2004-07-22,2022-03-03,F,L,Y,KHS 364,V1859
D2429,Abram Gokhale,+916302390012,abramgokhale@yahoo.com,1965-09-02,2022-05-30,F,W,N,D75 5RA,V2459
D2430,Ayesha Yohannan,+918056433778,ayeshayohannan@gmail.com,1970-03-12,2022-08-02,M,W,N,86-UB49,V2011
D2431,Rohan Sood,02152286629,rohansood@yahoo.com,1969-10-24,2022-08-12,M,W,N,332 FGT,V1919
D2432,Mamooty Johal,+913843045411,mamootyjohal@yahoo.com,1973-08-05,2022-01-11,M,L,N,RTO-520,V2554
D2433,Mannat Goswami,08789947230,mannatgoswami@gmail.com,1996-07-18,2022-08-11,M,W,N,DYW 506,V2180
D2434,Nishith Bora,05293321252,nishithbora@yahoo.com,1975-10-17,2022-10-21,M,W,N,TTH-5164,V2341
D2435,Ishita Din,+912099701220,ishitadin@yahoo.com,2004-02-20,2022-10-27,M,W,Y,6KT X72,V2563
D2436,Anika Dada,+910161846696,anikadada@gmail.com,1977-08-24,2022-04-28,M,W,N,1PV N97,V1805
D2437,Nishith Desai,8039513553,nishithdesai@yahoo.com,1988-10-15,2022-11-05,M,W,N,3R 26244,V2532
D2438,Nishith Sane,02981296044,nishithsane@gmail.com,1978-05-24,2022-11-22,F,W,Y,724-JQD,V1786
D2439,Alisha Luthra,2628214589,alishaluthra@yahoo.com,1974-10-31,2022-01-18,F,W,N,UG 80797,V2726
D2440,Hridaan Chokshi,+915062702251,hridaanchokshi@gmail.com,1998-09-29,2022-11-25,M,W,Y,HXT 454,V2241
D2441,Prisha Srivastava,+915883340522,prishasrivastava@gmail.com,1993-11-14,2022-12-22,F,W,N,2VB7004,V2178
D2442,Krish Shere,07540577590,krishshere@yahoo.com,1990-02-15,2022-03-21,M,W,N,653 FCL,V2227
D2443,Samar Dixit,+917042436388,samardixit@gmail.com,1971-10-13,2022-07-22,M,L,N,591 BWH,V2158
D2444,Kashvi Virk,05155626218,kashvivirk@yahoo.com,1997-12-04,2022-06-27,F,W,Y,479-FEO,V2669
D2445,Prerak Sandhu,+917018326914,preraksandhu@gmail.com,1988-04-14,2022-05-07,M,W,Y,956 VQB,V2693
D2446,Faiyaz Bahri,08117120689,faiyazbahri@gmail.com,2004-02-03,2022-01-27,F,W,N,29Z J04,V2343
D2447,Inaaya  Lall,5727219828,inaayalall@gmail.com,1968-04-06,2022-06-07,M,W,N,UFB 918,V2728
D2448,Madhup Mander,1068101643,madhupmander@gmail.com,1963-06-23,2022-09-11,M,W,Y,4E DD041,V2189
D2449,Akarsh Chawla,+914593835542,akarshchawla@gmail.com,1963-10-28,2022-03-27,M,L,Y,2U Q3207,V1811
D2450,Anaya Subramaniam,6746880721,anayasubramaniam@yahoo.com,1994-05-21,2022-11-23,M,W,N,473-MBQ,V2484
D2451,Ira Bhandari,8421944749,irabhandari@gmail.com,1995-01-14,2022-03-18,M,L,N,16-KN80,V2191
D2452,Kashvi Kaul,03624656840,kashvikaul@yahoo.com,1971-08-01,2022-07-11,F,W,Y,YYT 580,V2324
D2453,Akarsh Sarkar,09083915389,akarshsarkar@yahoo.com,1997-12-13,2022-08-14,F,W,N,5-36413N,V1997
D2454,Hiran Saxena,+915189676405,hiransaxena@gmail.com,2004-05-09,2022-04-23,M,L,Y,45L 768,V1900
D2455,Jivika Kalla,9654861326,jivikakalla@yahoo.com,1993-06-28,2022-05-14,F,W,N,2CKT 81,V2514
D2456,Yasmin Warrior,+911491988880,yasminwarrior@yahoo.com,1990-08-02,2022-02-09,F,W,N,890 2MZ,V2359
D2457,Alisha Balakrishnan,09885130925,alishabalakrishnan@gmail.com,1998-06-07,2022-01-27,M,L,N,851-CQZ,V1901
D2458,Ela Mand,00243889190,elamand@yahoo.com,2000-08-05,2022-02-01,F,W,N,563 8KK,V2375
D2459,Kiaan Kar,+917026124788,kiaankar@gmail.com,1982-07-20,2022-04-02,M,W,N,3Z RB163,V2061
D2460,Nakul Kibe,04953401786,nakulkibe@yahoo.com,1965-06-30,2022-06-24,M,W,Y,KKH 208,V2451
D2461,Vivaan Grover,+915969514688,vivaangrover@gmail.com,1993-11-21,2022-01-02,M,L,Y,893 JDH,V2503
D2462,Ivana Contractor,6347297139,ivanacontractor@gmail.com,1976-11-28,2022-05-28,M,L,Y,16HJ572,V1889
D2463,Yashvi Tiwari,07253710268,yashvitiwari@gmail.com,1988-02-08,2022-10-04,M,L,Y,725 QHT,V2086
D2464,Pranay Madan,00238724455,pranaymadan@yahoo.com,2005-01-15,2022-01-25,M,W,N,884 9FJ,V2486
D2465,Prerak Rattan,0031133740,prerakrattan@yahoo.com,1994-05-25,2022-06-29,M,W,N,4-62190T,V1837
D2466,Anvi Doshi,2409256179,anvidoshi@gmail.com,1981-03-11,2022-09-20,M,W,N,250 VDN,V2348
D2467,Amira Gopal,09128916312,amiragopal@yahoo.com,2005-03-20,2022-09-04,M,W,N,909-YHN,V2640
D2468,Eva Dass,7051029394,evadass@yahoo.com,1968-12-17,2022-11-25,M,W,Y,889 CJF,V2186
D2469,Nayantara Cheema,+910297479055,nayantaracheema@gmail.com,1984-02-13,2022-11-23,M,W,Y,007 NEU,V2315
D2470,Advik Buch,+914546669178,advikbuch@gmail.com,1991-06-19,2022-03-06,F,L,Y,7V 4628S,V1820
D2471,Hazel Badami,9594295804,hazelbadami@yahoo.com,1977-04-09,2022-07-27,M,W,N,487 TPP,V2391
D2472,Adah Joshi,7276489268,adahjoshi@yahoo.com,1978-07-08,2022-05-05,M,W,N,5YA9969,V2619
D2473,Kismat Comar,01167665478,kismatcomar@gmail.com,2004-02-22,2022-08-21,M,W,N,47V 892,V1802
D2474,Yuvaan Viswanathan,3524138286,yuvaanviswanathan@yahoo.com,1994-07-17,2022-03-05,M,W,N,BYI-205,V1878
D2475,Yuvaan Chatterjee,3466938853,yuvaanchatterjee@gmail.com,1982-12-22,2022-10-09,M,W,N,957 CUJ,V2687
D2476,Rhea Butala,+916262173980,rheabutala@gmail.com,2000-08-18,2022-12-25,M,W,N,653 WSB,V2050
D2477,Zara Soman,+916117326715,zarasoman@yahoo.com,1977-09-19,2022-01-08,M,W,N,425 1GS,V1886
D2478,Anahi Choudhury,+913791371224,anahichoudhury@yahoo.com,1974-08-18,2022-01-18,M,L,N,242-FZX,V2535
D2479,Aaryahi Thakkar,+917857251489,aaryahithakkar@yahoo.com,1982-04-30,2022-01-12,M,W,Y,3-6801L,V2211
D2480,Riaan Magar,2571565321,riaanmagar@gmail.com,2004-07-22,2022-12-23,M,W,Y,7S 75404,V2591
D2481,Kiaan Chaudhuri,01461216525,kiaanchaudhuri@gmail.com,1981-09-07,2022-04-09,F,W,N,7M 9V6VKM,V2051
D2482,Eshani Gaba,+913070060022,eshanigaba@yahoo.com,1998-04-17,2022-03-02,M,W,Y,33L 828,V2092
D2483,Dhanuk Banik,3296528425,dhanukbanik@yahoo.com,1972-06-06,2022-01-07,M,W,Y,24B 1105,V2273
D2484,Vihaan Jain,8741789012,vihaanjain@gmail.com,1970-08-03,2022-01-12,F,W,N,MEN 770,V2143
D2485,Ranbir Madan,7598390663,ranbirmadan@yahoo.com,1975-05-24,2022-06-28,M,W,N,0PE 008,V2286
D2486,Pihu Saraf,04106168343,pihusaraf@gmail.com,1984-11-08,2022-05-13,M,W,N,554 4EQ,V2255
D2487,Zara Raval,09241049945,zararaval@yahoo.com,1980-01-08,2022-08-17,M,W,N,ZRF 937,V2149
D2488,Hiran Lanka,5763811326,hiranlanka@yahoo.com,1963-11-17,2022-04-27,M,L,N,8O MY965,V2423
D2489,Taimur Dixit,+919462655867,taimurdixit@gmail.com,1998-08-05,2022-04-20,M,W,N,07-H340,V2104
D2490,Zaina Kaul,+910222666494,zainakaul@gmail.com,1970-01-25,2022-10-28,M,L,N,MT7 9789,V2194
D2491,Rohan Kannan,+911001152720,rohankannan@gmail.com,2003-09-20,2022-11-09,F,W,N,2M 98168,V2309
D2492,Alia Uppal,08377058800,aliauppal@gmail.com,1966-04-01,2022-10-02,M,W,N,9YO0983,V1783
D2493,Anaya Tara,06361336663,anayatara@yahoo.com,1994-01-28,2022-03-01,F,W,Y,711-NLF,V2732
D2494,Manjari Biswas,06519840823,manjaribiswas@gmail.com,1993-04-22,2022-07-21,M,W,N,8UPI 48,V2523
D2495,Damini Barad,4520619995,daminibarad@gmail.com,1975-02-08,2022-07-03,M,L,N,077 JSV,V2622
D2496,Kashvi Bath,3667185968,kashvibath@gmail.com,1977-02-12,2022-04-14,M,W,N,157K9,V1888
D2497,Navya Edwin,8862048094,navyaedwin@yahoo.com,1968-01-24,2022-07-02,M,W,N,3LV D60,V2458
D2498,Amira Tiwari,+913192021170,amiratiwari@yahoo.com,1991-02-15,2022-06-13,F,W,Y,76Q•545,V1833
D2499,Indranil Sheth,08122601875,indranilsheth@yahoo.com,1975-11-10,2022-10-10,M,W,Y,6QTU 06,V1776
D2500,Devansh Bhatt,+912689738341,devanshbhatt@gmail.com,1992-02-10,2022-09-21,M,W,Y,JLP 135,V2236
D2501,Anaya Kohli,02051197878,anayakohli@gmail.com,1999-04-29,2022-06-20,M,W,Y,UDP-8786,V2301
D2502,Trisha Desai,01372448709,trishadesai@yahoo.com,2002-11-14,2022-05-14,M,W,Y,KI 08837,V2738
D2503,Saksham Lall,01064735577,sakshamlall@yahoo.com,1991-02-01,2022-02-19,M,L,N,3-X0201,V2174
D2504,Madhav Upadhyay,+912425878816,madhavupadhyay@gmail.com,1970-09-04,2022-11-29,M,W,N,219-QFSF,V1841
D2505,Neelofar Goswami,+914027738847,neelofargoswami@yahoo.com,1983-07-12,2022-08-05,M,W,N,MAN 058,V2290
D2506,Jayesh Hora,+914964352922,jayeshhora@yahoo.com,1974-07-23,2022-11-15,M,W,Y,WJX 244,V2165
D2507,Azad Venkataraman,2124664931,azadvenkataraman@gmail.com,1962-06-19,2022-11-24,M,W,Y,040-XGG,V2024
D2508,Aarush Borde,+913101354380,aarushborde@yahoo.com,1982-08-03,2022-06-08,F,W,N,REU 735,V1947
D2509,Nirvaan Thakur,+914106897409,nirvaanthakur@gmail.com,1982-12-25,2022-01-09,M,W,Y,5687,V2022
D2510,Trisha Anne,7257919161,trishaanne@yahoo.com,1986-04-03,2022-12-16,F,W,Y,WZB U06,V2651
D2511,Rasha Srinivas,1767400363,rashasrinivas@yahoo.com,1975-06-23,2022-08-19,M,W,Y,769-FKA,V2193
D2512,Dharmajan Sha,05853138716,dharmajansha@yahoo.com,1980-05-14,2022-03-11,M,W,N,960 UPC,V2047
D2513,Mannat Sawhney,1393817717,mannatsawhney@gmail.com,1998-06-24,2022-11-28,M,W,Y,8867 ET,V2064
D2514,Gokul Kala,05547460516,gokulkala@yahoo.com,1988-04-22,2022-09-03,M,W,Y,70E N03,V1981
D2515,Prerak Tata,1679857575,preraktata@yahoo.com,1985-08-23,2022-08-25,F,L,N,4XB 183,V1980
D2516,Shalv Dua,1515155415,shalvdua@gmail.com,1969-07-02,2022-11-12,M,W,Y,H66 3UN,V2643
D2517,Renee Chawla,+911866388292,reneechawla@gmail.com,1984-09-22,2022-03-22,F,W,Y,317871,V2585
D2518,Navya Sagar,+917275702374,navyasagar@yahoo.com,1978-03-30,2022-01-30,M,L,N,1GM43,V1975
D2519,Hunar Sabharwal,08087607905,hunarsabharwal@yahoo.com,1965-08-21,2022-12-10,M,W,N,449-KJA,V2275
D2520,Kartik Sekhon,6914408119,kartiksekhon@gmail.com,1972-12-13,2022-03-21,M,W,Y,1MQ J62,V2167
D2521,Aniruddh Solanki,09102468715,aniruddhsolanki@yahoo.com,1988-01-19,2022-06-13,M,W,N,1RE 030,V2710
D2522,Veer Bhagat,+912035805325,veerbhagat@gmail.com,2001-01-30,2022-08-28,M,W,N,NCI 553,V1869
D2523,Ishaan Shukla,+916478320467,ishaanshukla@gmail.com,1982-12-14,2022-12-01,M,L,Y,589-PRQ,V2153
D2524,Oorja Kapoor,3949440386,oorjakapoor@yahoo.com,1969-01-27,2022-10-12,M,W,N,6D 4384L,V2497
D2525,Abram Karan,06509102363,abramkaran@yahoo.com,1992-12-20,2022-01-24,M,W,Y,7YU G78,V1793
D2526,Nakul Sinha,00522440589,nakulsinha@gmail.com,1994-02-08,2022-07-10,M,W,Y,4R 92289,V2183
D2527,Baiju Dugar,01751223694,baijudugar@yahoo.com,1973-07-16,2022-12-10,M,W,N,4VA C25,V1801
D2528,Tiya Bath,5499402295,tiyabath@yahoo.com,1995-03-08,2022-08-09,M,W,N,5RN 505,V2408
D2529,Samar Edwin,+914656045109,samaredwin@yahoo.com,1993-11-16,2022-07-18,M,W,N,ULV0478,V2593
D2530,Zaina Halder,+918268492297,zainahalder@yahoo.com,1993-06-24,2022-09-10,M,W,N,FIU-534,V2026
D2531,Siya Kale,00001743747,siyakale@gmail.com,1973-08-06,2022-10-04,M,W,Y,A60-MDN,V2176
D2532,Anahi Solanki,05972123797,anahisolanki@yahoo.com,1963-05-10,2022-11-09,M,W,N,860-IWU,V1769
D2533,Ahana  Din,5771090980,ahanadin@yahoo.com,1972-11-30,2022-10-08,M,L,N,BFS-5093,V2057
D2534,Prerak Tak,+910471296240,preraktak@yahoo.com,1990-07-14,2022-10-06,M,W,N,1V823,V2043
D2535,Madhup Seshadri,2593885358,madhupseshadri@yahoo.com,1985-08-20,2022-07-23,M,L,N,399ZQP,V2405
D2536,Anika Borra,+919385439521,anikaborra@gmail.com,1994-03-12,2022-01-16,M,W,Y,HWA 063,V1884
D2537,Ela Sarkar,09519342872,elasarkar@yahoo.com,1992-10-12,2022-05-06,M,L,N,LOI 271,V2219
D2538,Vaibhav Gandhi,05024307899,vaibhavgandhi@yahoo.com,1976-02-28,2022-08-24,M,W,Y,490 2217,V1788
D2539,Veer Char,+915724190375,veerchar@yahoo.com,1967-06-29,2022-02-19,M,W,N,XXB9912,V2016
D2540,Charvi Bassi,+916109987322,charvibassi@yahoo.com,1963-12-13,2022-04-22,F,W,Y,1FC07,V2524
D2541,Shlok Krishnan,05440700760,shlokkrishnan@gmail.com,1976-01-03,2022-11-17,F,W,Y,8K LH824,V2171
D2542,Jayesh Balasubramanian,9487964157,jayeshbalasubramanian@yahoo.com,1972-10-16,2022-02-25,M,W,N,PMV-516,V2677
D2543,Amani Keer,2998563963,amanikeer@gmail.com,1999-08-28,2022-05-30,F,W,N,444B,V2624
D2544,Jiya Tank,+913519989349,jiyatank@yahoo.com,1962-10-25,2022-07-20,M,L,Y,8FT D35,V2113
D2545,Ishita Kurian,5259182945,ishitakurian@yahoo.com,1966-08-21,2022-02-06,M,W,N,GH-3542,V2445
D2546,Baiju Aurora,+918130911141,baijuaurora@yahoo.com,1996-05-08,2022-05-31,M,L,N,722 1LY,V2009
D2547,Aaryahi Swaminathan,6093551586,aaryahiswaminathan@yahoo.com,1997-06-28,2022-06-24,F,W,N,05BT4,V2018
D2548,Sana Bala,+914929318774,sanabala@gmail.com,2000-05-19,2022-01-01,M,L,Y,2G K1523,V2686
D2549,Samiha Lalla,8550503707,samihalalla@yahoo.com,1995-06-09,2022-04-04,M,L,N,038UD,V2612
D2550,Anahi Cherian,09305261362,anahicherian@gmail.com,2002-02-27,2022-09-04,M,L,Y,900 MEW,V2260
D2551,Divij Bath,01615063738,divijbath@yahoo.com,2001-08-27,2022-09-23,M,W,Y,D62-QGA,V2337
D2552,Navya Bawa,05390648798,navyabawa@gmail.com,1965-04-18,2022-11-02,F,W,Y,F47 8ZI,V2201
D2553,Vritika Sidhu,+912859786057,vritikasidhu@yahoo.com,1982-04-23,2022-06-27,M,W,N,902 AFA,V2003
D2554,Yuvraj  Dhar,09596174007,yuvrajdhar@yahoo.com,1982-05-11,2022-11-26,M,W,Y,1-P2900,V2634
D2555,Vardaniya Srivastava,06534744810,vardaniyasrivastava@yahoo.com,1970-01-05,2022-02-03,M,W,N,5GWU304,V2035
D2556,Misha Agate,+910480720172,mishaagate@yahoo.com,1992-03-17,2022-08-16,M,W,Y,SVQ1781,V1849
D2557,Samarth Grover,6350266412,samarthgrover@yahoo.com,1966-11-22,2022-02-25,M,W,N,XCO 431,V2739
D2558,Tanya Madan,04614497609,tanyamadan@yahoo.com,1983-04-20,2022-08-16,F,W,N,0U 2875X,V1957
D2559,Samaira Ray,03587910861,samairaray@gmail.com,1964-03-03,2022-01-25,M,W,Y,842-282,V2630
D2560,Anaya Raman,+912625375072,anayaraman@gmail.com,1994-12-25,2022-02-09,M,W,Y,ZQ 9578,V2381
D2561,Baiju Dua,2729292793,baijudua@yahoo.com,1988-06-05,2022-07-01,M,W,N,2T270,V2733
D2562,Baiju Krishnan,9647021684,baijukrishnan@yahoo.com,1993-04-19,2022-01-26,M,W,N,53-A142,V2338
D2563,Tushar Vora,05630331593,tusharvora@gmail.com,1998-11-23,2022-07-13,M,W,N,437 GC9,V2575
D2564,Samar Balakrishnan,3023293154,samarbalakrishnan@gmail.com,1998-07-15,2022-11-16,M,W,Y,F73-89A,V2725
D2565,Darshit Vohra,02716319395,darshitvohra@gmail.com,1977-01-18,2022-03-03,M,W,N,882-YXBX,V1777
D2566,Dishani Hegde,+910905458584,dishanihegde@yahoo.com,1991-01-13,2022-10-15,M,W,Y,JPU 891,V2177
D2567,Bhavin Raj,+915539118704,bhavinraj@gmail.com,1969-03-03,2022-03-25,M,W,N,JNY-4676,V2279
D2568,Onkar Dhar,+916986028447,onkardhar@yahoo.com,2002-10-07,2022-08-30,M,W,Y,SI2 8983,V1781
D2569,Heer Khare,+919694524222,heerkhare@gmail.com,1975-11-15,2022-03-23,M,W,N,3ZN7375,V2272
D2570,Indrajit Kapur,+917924497068,indrajitkapur@gmail.com,1974-02-26,2022-03-17,M,L,N,MPN 009,V2393
D2571,Darshit Gola,+913723842525,darshitgola@gmail.com,2004-04-13,2022-01-22,M,W,N,074-DIQ,V1892
D2572,Rhea Trivedi,06950912064,rheatrivedi@gmail.com,1989-05-15,2022-12-21,M,L,N,199 ECL,V2440
D2573,Amira Sood,+914009423795,amirasood@yahoo.com,1980-04-27,2022-05-25,M,W,N,18K T30,V2561
D2574,Bhavin Kala,07965763972,bhavinkala@gmail.com,1971-09-29,2022-11-12,M,W,Y,214 AUE,V1817
D2575,Tanya Toor,07636140468,tanyatoor@yahoo.com,1992-03-25,2022-03-02,F,W,Y,XZX 751,V1893
D2576,Pihu Upadhyay,09951173657,pihuupadhyay@gmail.com,1972-12-02,2022-12-22,M,W,Y,2580,V2476
D2577,Myra Amble,3698117727,myraamble@gmail.com,1986-09-01,2022-04-22,F,W,N,548-701,V2088
D2578,Adira Sathe,09322334075,adirasathe@yahoo.com,1970-02-19,2022-06-12,M,L,Y,1CM 867,V2695
D2579,Zain Bhasin,+918225049525,zainbhasin@gmail.com,1982-05-23,2022-03-10,M,W,N,36-AW17,V1812
D2580,Tanya Dixit,+917109781150,tanyadixit@yahoo.com,1970-06-02,2022-12-24,M,W,N,458 JJO,V1754
D2581,Nirvaan Butala,05721534545,nirvaanbutala@yahoo.com,1970-11-03,2022-07-04,M,W,Y,A54 6GM,V1895
D2582,Purab Manne,01775386038,purabmanne@yahoo.com,1977-07-17,2022-01-31,M,W,N,9G929,V1765
D2583,Zain Sidhu,+919308580968,zainsidhu@yahoo.com,1976-01-27,2022-04-13,M,W,N,842JV,V1959
D2584,Madhup Balan,5269930934,madhupbalan@yahoo.com,1966-04-22,2022-05-29,M,W,Y,JFC 657,V1953
D2585,Vivaan Chada,+915762478330,vivaanchada@yahoo.com,1979-05-21,2022-01-12,M,W,N,RIW-2428,V2253
D2586,Veer Jaggi,+918626732686,veerjaggi@gmail.com,1987-11-24,2022-01-23,M,L,N,GW 8656,V2717
D2587,Fateh Upadhyay,+919228655818,fatehupadhyay@yahoo.com,2001-02-07,2022-07-05,F,L,Y,OJW-588,V1844
D2588,Anay Sane,9582292644,anaysane@yahoo.com,1997-08-10,2022-03-31,F,W,Y,72-KM06,V1821
D2589,Anika Brahmbhatt,04467118661,anikabrahmbhatt@yahoo.com,1997-07-11,2022-09-21,M,L,Y,53O Q77,V2276
D2590,Anay Bandi,+918825271279,anaybandi@yahoo.com,2004-02-12,2022-07-27,M,W,Y,OMN5216,V2237
D2591,Dhanush Chaudhari,3398321491,dhanushchaudhari@yahoo.com,1966-10-18,2022-12-19,M,W,N,810 XA5,V2691
D2592,Urvi Kata,+917010097898,urvikata@yahoo.com,1998-02-07,2022-01-25,F,W,N,UMQ 156,V1976
D2593,Nehmat Kata,6719344332,nehmatkata@gmail.com,1983-03-17,2022-10-05,F,W,Y,R44 6GS,V2429
D2594,Kiaan Gola,9770573101,kiaangola@yahoo.com,1988-08-09,2022-05-18,F,L,N,3NXN 75,V1905
D2595,Tejas Varma,00267125497,tejasvarma@yahoo.com,1962-11-24,2022-10-05,M,W,N,1OW 323,V2220
D2596,Armaan Chacko,3154638353,armaanchacko@yahoo.com,1995-03-12,2022-12-05,M,W,N,808 0088,V2267
D2597,Oorja Dash,+918506098399,oorjadash@yahoo.com,1968-01-06,2022-02-07,M,W,Y,648-SGU,V1855
D2598,Drishya Bahl,+912174342238,drishyabahl@yahoo.com,1973-06-07,2022-08-02,M,W,N,HNE 321,V2735
D2599,Akarsh Bhattacharyya,1133299724,akarshbhattacharyya@gmail.com,1998-01-20,2022-10-19,M,W,Y,132-KJD,V2157
D2600,Zara Krishnamurthy,00790856435,zarakrishnamurthy@yahoo.com,1987-11-11,2022-03-04,M,W,N,LCV-9616,V2674
D2601,Anvi Bava,+912943878853,anvibava@gmail.com,2004-09-21,2022-11-28,F,W,Y,HJE 704,V1958
D2602,Mamooty Master,+912103086519,mamootymaster@yahoo.com,1975-10-18,2022-03-17,M,L,N,986 UYF,V2274
D2603,Divit Dash,7789773336,divitdash@yahoo.com,1980-06-07,2022-05-19,M,W,Y,71D 1965,V2464
D2604,Eva Bajwa,9994516094,evabajwa@yahoo.com,1986-11-09,2022-05-10,M,W,Y,900 WKW,V2208
D2605,Vanya Sharaf,6049848278,vanyasharaf@gmail.com,1975-02-15,2022-11-17,M,L,N,LTR 948,V2539
D2606,Divij Manda,1889554506,divijmanda@yahoo.com,1994-05-04,2022-11-28,F,W,N,LGF J55,V2098
D2607,Jayan Mani,+915351318214,jayanmani@yahoo.com,1966-01-14,2022-05-11,M,W,N,UOP-7808,V1999
D2608,Shayak Edwin,07246784096,shayakedwin@yahoo.com,1976-11-25,2022-07-12,M,L,Y,JUN-1647,V1949
D2609,Darshit Hegde,+917242333184,darshithegde@gmail.com,1999-08-23,2022-10-12,M,W,Y,KHP 345,V1883
D2610,Advika Halder,9750508718,advikahalder@gmail.com,1991-06-07,2022-12-22,M,L,N,7DY 238,V2567
D2611,Nitya Jayaraman,05841824677,nityajayaraman@yahoo.com,1996-01-21,2022-06-22,M,W,N,2669,V2364
D2612,Ranbir Hegde,07959676020,ranbirhegde@gmail.com,1984-03-20,2022-12-27,M,W,Y,HUB-0795,V2107
D2613,Aarav Barad,+919791330858,aaravbarad@gmail.com,1992-03-07,2022-09-27,M,W,Y,809CS,V2034
D2614,Vritika Sur,4374867574,vritikasur@gmail.com,1969-01-19,2022-12-21,F,W,Y,779SUR,V2681
D2615,Samar Kumar,4721353361,samarkumar@gmail.com,1998-11-29,2022-12-14,M,W,Y,WXC-454,V1798
D2616,Kabir Khurana,04292893518,kabirkhurana@gmail.com,1968-09-01,2022-05-21,M,W,N,44KW715,V1867
D2617,Taimur Konda,0369980147,taimurkonda@gmail.com,1998-10-11,2022-02-09,M,W,Y,NEW-2392,V2353
D2618,Advika Samra,2457851561,advikasamra@yahoo.com,1962-06-13,2022-02-10,M,W,Y,NKP-5216,V2257
D2619,Ivan Som,00231790216,ivansom@yahoo.com,1988-11-24,2022-09-01,M,W,Y,OB 4504,V2055
D2620,Khushi Varkey,0034740272,khushivarkey@yahoo.com,2000-02-12,2022-04-18,M,W,N,882 MJH,V2404
D2621,Aarush Srinivasan,1087929711,aarushsrinivasan@gmail.com,1990-04-04,2022-09-25,M,L,Y,BW 70723,V1795
D2622,Gatik Chopra,+918358687626,gatikchopra@gmail.com,2001-03-24,2022-08-01,M,W,N,ZHT 869,V2469
D2623,Mannat Sampath,+914188101565,mannatsampath@yahoo.com,1983-09-04,2022-08-22,M,L,Y,44D 7658,V2077
D2624,Adira Bora,0557341826,adirabora@gmail.com,1973-10-24,2022-07-21,M,W,Y,6I992,V1911
D2625,Anya Sarin,5364464159,anyasarin@yahoo.com,1965-02-02,2022-12-24,M,W,Y,515 6BP,V2332
D2626,Sara Comar,+913455739535,saracomar@yahoo.com,1970-05-29,2022-09-23,M,W,Y,BAA9574,V2442
D2627,Sumer Chawla,08592748516,sumerchawla@gmail.com,1964-06-27,2022-04-21,M,W,Y,860XW,V2463
D2628,Rhea Dhaliwal,0280705353,rheadhaliwal@yahoo.com,2004-01-25,2022-01-22,M,W,N,QAF 531,V2719
D2629,Ojas Rajan,01127307975,ojasrajan@yahoo.com,1965-11-15,2022-12-31,M,L,Y,21T VD7,V2040
D2630,Sahil Majumdar,0838708989,sahilmajumdar@yahoo.com,1993-06-13,2022-05-06,F,L,N,SAV 423,V2129
D2631,Tiya Setty,+918681317442,tiyasetty@gmail.com,2004-03-02,2022-11-04,F,W,Y,5-59109F,V2038
D2632,Reyansh Sanghvi,1673896484,reyanshsanghvi@yahoo.com,1986-01-13,2022-05-12,F,W,N,9GS V05,V2033
D2633,Prisha Dhar,+911063323671,prishadhar@yahoo.com,1969-02-21,2022-01-18,M,L,N,MUU 032,V2475
D2634,Kismat Srivastava,03898169327,kismatsrivastava@yahoo.com,1970-01-31,2022-07-12,M,W,Y,OYC 1529,V2685
D2635,Nakul Khalsa,01435802630,nakulkhalsa@yahoo.com,1979-08-07,2022-06-02,F,L,N,203-EXO,V2632
D2636,Aaina Sathe,+917590746830,aainasathe@yahoo.com,1997-03-07,2022-05-30,F,L,N,QDG2423,V2718
D2637,Ivan Tripathi,9206791622,ivantripathi@yahoo.com,1992-08-16,2022-04-23,M,W,Y,DLD3768,V2623
D2638,Kiara Kar,+912287668605,kiarakar@yahoo.com,1968-06-01,2022-06-23,M,L,Y,127 UXL,V1810
D2639,Jivin Chana,4831807367,jivinchana@gmail.com,2003-04-28,2022-08-04,M,W,N,1Q 40281,V2706
D2640,Suhana Sandal,8661513556,suhanasandal@yahoo.com,1972-11-06,2022-01-05,M,W,Y,716-GPB,V2462
D2641,Zara Shenoy,+914650451025,zarashenoy@gmail.com,1993-03-07,2022-07-09,F,L,Y,ZSD-438,V1996
D2642,Oorja Majumdar,04345916336,oorjamajumdar@yahoo.com,1969-10-15,2022-08-25,M,W,N,LWV 025,V2574
D2643,Ela Ganesh,+910436823508,elaganesh@gmail.com,1975-06-29,2022-12-30,M,W,N,610 UZP,V2627
D2644,Divyansh Thakur,09407781086,divyanshthakur@yahoo.com,1965-07-20,2022-06-26,M,W,N,LIY 003,V2520
D2645,Hiran Viswanathan,08926115642,hiranviswanathan@yahoo.com,2001-04-30,2022-04-11,M,W,N,0-9279V,V1948
D2646,Yuvaan Sachdeva,+915442168970,yuvaansachdeva@yahoo.com,1998-10-07,2022-11-27,F,W,N,H58-AXD,V1932
D2647,Darshit Singhal,09761958560,darshitsinghal@gmail.com,1992-08-14,2022-08-17,M,L,N,333CVT,V1966
D2648,Hansh Lal,+917898762873,hanshlal@yahoo.com,1995-07-21,2022-11-18,M,W,N,8-07488,V2656
D2649,Jayesh Vora,08201686237,jayeshvora@yahoo.com,1971-04-18,2022-03-26,F,L,Y,Z00-19R,V2124
D2650,Sahil Kata,05982746744,sahilkata@yahoo.com,1999-03-05,2022-10-05,M,W,Y,9TR4150,V2224
D2651,Drishya Kothari,08948326279,drishyakothari@gmail.com,1969-01-20,2022-08-13,F,W,N,1VNH060,V1865
D2652,Samaira Baral,07824681166,samairabaral@yahoo.com,1989-04-10,2022-12-08,M,W,Y,9-46699Y,V2609
D2653,Dhanuk Acharya,09484752051,dhanukacharya@gmail.com,1975-01-25,2022-11-28,M,L,Y,XQA-334,V2506
D2654,Myra Sawhney,6476386001,myrasawhney@gmail.com,1972-06-25,2022-07-15,M,L,Y,710-MLG,V2564
D2655,Dharmajan Mander,+913926963210,dharmajanmander@gmail.com,1965-09-19,2022-09-01,M,W,N,68-ON85,V2148
D2656,Gatik Handa,03035578792,gatikhanda@yahoo.com,1999-11-26,2022-03-15,M,L,Y,10D 2115,V2714
D2657,Neelofar Sarkar,+918777082361,neelofarsarkar@gmail.com,1989-11-19,2022-07-24,M,W,Y,GB7 V0W,V1882
D2658,Misha Kuruvilla,05041769890,mishakuruvilla@gmail.com,1998-07-29,2022-07-09,M,W,N,4IY 679,V2639
D2659,Manikya Dada,+915648959161,manikyadada@yahoo.com,1995-08-11,2022-10-03,M,W,N,475M,V1995
D2660,Raunak Desai,+910181038123,raunakdesai@yahoo.com,1989-02-28,2022-08-11,F,W,Y,751 5243,V2345
D2661,Hiran Sule,+910544934085,hiransule@gmail.com,1976-09-19,2022-08-02,M,W,N,KEI-681,V1784
D2662,Nishith Sengupta,+911456360084,nishithsengupta@gmail.com,1995-11-16,2022-03-28,M,W,N,MSB 259,V2369
D2663,Priyansh Banik,+917722066562,priyanshbanik@yahoo.com,1965-09-16,2022-01-24,M,W,N,1YK88,V2306
D2664,Vardaniya Banik,+918911332303,vardaniyabanik@gmail.com,1996-08-11,2022-10-08,M,W,Y,651 6010,V1847
D2665,Nayantara Dora,09769689076,nayantaradora@gmail.com,1998-03-07,2022-08-25,F,L,N,212-RGJD,V1970
D2666,Anaya Batra,07347284923,anayabatra@yahoo.com,1977-10-09,2022-05-29,M,W,N,717 ZVW,V2128
D2667,Seher Hans,2435188272,seherhans@yahoo.com,2003-09-16,2022-09-06,F,W,Y,SIN-7478,V2419
D2668,Stuvan Chhabra,+914499709989,stuvanchhabra@yahoo.com,2003-11-30,2022-10-17,M,W,N,96I 814,V2489
D2669,Romil Ramesh,05133036329,romilramesh@yahoo.com,2001-10-24,2022-10-20,M,W,Y,6SP1515,V2444
D2670,Aarush Sharaf,+917846413533,aarushsharaf@gmail.com,1997-02-25,2022-10-28,M,W,N,QZI 536,V1800
D2671,Sana Dua,02421999040,sanadua@gmail.com,1989-02-16,2022-10-11,M,W,Y,F63-PHC,V2013
D2672,Jayant Gulati,8812009364,jayantgulati@gmail.com,1982-03-06,2022-01-04,F,W,N,5-13072,V2414
D2673,Ela Ramanathan,+914493456199,elaramanathan@gmail.com,1971-06-07,2022-06-21,M,W,N,37DR6,V2205
D2674,Vivaan Thakur,+911244449689,vivaanthakur@gmail.com,1994-03-16,2022-05-04,M,W,Y,KJB 231,V2493
D2675,Reyansh Brar,02286729209,reyanshbrar@yahoo.com,1993-01-20,2022-01-27,M,L,Y,764V,V2544
D2676,Yasmin Deep,09901870150,yasmindeep@gmail.com,1995-06-10,2022-08-14,M,W,N,WV7 9964,V2282
D2677,Reyansh Magar,+917415498512,reyanshmagar@gmail.com,1965-12-27,2022-07-17,M,W,N,134 WEP,V2583
D2678,Neysa Datta,08065867732,neysadatta@gmail.com,1995-02-22,2022-01-01,M,W,N,ZLR3178,V2374
D2679,Ishaan Karnik,01131652429,ishaankarnik@yahoo.com,1982-08-23,2022-07-23,M,W,N,LUV 563,V2631
D2680,Lagan Lad,6681759359,laganlad@yahoo.com,1990-10-16,2022-03-30,M,L,Y,HFB 536,V2510
D2681,Eshani Sathe,04220397746,eshanisathe@gmail.com,1997-11-26,2022-07-23,M,W,N,NJP 927,V2433
D2682,Prisha Chadha,2315797504,prishachadha@yahoo.com,1977-04-26,2022-04-10,F,W,Y,PDB 349,V2244
D2683,Shamik Gokhale,+917951353289,shamikgokhale@yahoo.com,2000-09-29,2022-03-12,F,W,Y,RIN 598,V2537
D2684,Mishti Bhandari,05662928878,mishtibhandari@gmail.com,1992-09-15,2022-12-27,M,W,Y,2G AJ920,V2712
D2685,Priyansh Hegde,03805301577,priyanshhegde@gmail.com,1973-03-27,2022-08-16,M,W,Y,2DC 336,V2127
D2686,Kismat Bera,+914668867060,kismatbera@gmail.com,1998-02-10,2022-09-14,M,W,N,049-OXIW,V2305
D2687,Ayesha Rau,08486550224,ayesharau@yahoo.com,1962-08-20,2022-06-20,M,L,N,685 UFR,V2620
D2688,Yashvi Reddy,8295722829,yashvireddy@yahoo.com,1970-09-06,2022-07-30,M,W,Y,94A 0284,V2648
D2689,Aarush Gade,+918081042481,aarushgade@gmail.com,1989-08-08,2022-07-17,M,W,N,02F S36,V2557
D2690,Zoya Dasgupta,07734767812,zoyadasgupta@yahoo.com,1986-09-23,2022-05-05,M,L,N,J52 5VK,V2435
D2691,Badal Bose,04615676730,badalbose@yahoo.com,1975-01-09,2022-09-05,M,L,N,3VV V55,V1836
D2692,Hazel Chaudhary,03990027519,hazelchaudhary@gmail.com,1978-08-11,2022-07-09,F,W,Y,KIK 254,V1870
D2693,Darshit Sandal,8302889966,darshitsandal@yahoo.com,1966-06-17,2022-11-22,M,W,Y,79KM622,V2302
D2694,Rhea Mandal,+913380915188,rheamandal@gmail.com,1963-04-15,2022-02-03,M,W,N,ZRO P02,V2044
D2695,Piya Bail,8210605681,piyabail@gmail.com,1964-06-02,2022-10-07,M,W,Y,866MFH,V1768
D2696,Arhaan Samra,+918520048568,arhaansamra@gmail.com,1978-04-27,2022-08-09,M,L,N,840-WWL,V2169
D2697,Kiara Sastry,6481784914,kiarasastry@gmail.com,2002-08-19,2022-10-15,M,W,Y,4CA5503,V2498
D2698,Dharmajan Chawla,0762630433,dharmajanchawla@yahoo.com,1977-01-22,2022-04-21,M,L,N,1WC 980,V2271
D2699,Zain Chaudry,2861575034,zainchaudry@gmail.com,1971-10-01,2022-04-14,F,W,N,MVU 803,V2133
D2700,Kaira Sahni,01398230763,kairasahni@yahoo.com,1979-11-17,2022-09-28,M,W,Y,878-FIB,V2482
D2701,Damini Mann,02504945701,daminimann@yahoo.com,1976-04-12,2022-04-29,F,W,Y,712 EPN,V2184
D2702,Anvi Amble,2811855755,anviamble@gmail.com,1984-11-12,2022-07-08,M,L,Y,601-JLSU,V1842
D2703,Neelofar Sampath,09677731271,neelofarsampath@yahoo.com,1997-07-30,2022-11-05,M,W,Y,MGT 861,V1813
D2704,Taimur Ramachandran,05940168088,taimurramachandran@yahoo.com,1996-09-20,2022-08-25,M,W,N,320 WEU,V1872
D2705,Emir Bail,6833513060,emirbail@gmail.com,1980-02-09,2022-12-19,M,W,N,ISK-7060,V2552
D2706,Manikya Garg,+917717155179,manikyagarg@gmail.com,1987-02-27,2022-11-10,M,W,N,6Y L1091,V2517
D2707,Shaan Yogi,+916545878006,shaanyogi@gmail.com,1977-07-21,2022-08-28,M,W,Y,HGR 974,V2311
D2708,Jivika Sandhu,04682015921,jivikasandhu@yahoo.com,1997-03-19,2022-03-07,F,L,Y,U05 0KR,V1756
D2709,Ela Tank,+914097608579,elatank@gmail.com,1992-06-15,2022-03-27,M,W,Y,961 QRV,V2412
D2710,Seher Sethi,09652906723,sehersethi@yahoo.com,1976-05-08,2022-06-23,M,W,Y,9046,V2568
D2711,Heer Mane,05497342663,heermane@gmail.com,1998-11-06,2022-04-05,M,W,Y,838 6GZ,V1955
D2712,Ira Talwar,8764330784,iratalwar@yahoo.com,2000-05-12,2022-01-21,F,W,Y,SJS-272,V1879
D2713,Sahil Ratta,08227447343,sahilratta@gmail.com,1985-10-02,2022-07-02,M,W,Y,S23 7EV,V1890
D2714,Navya Dua,00893495228,navyadua@gmail.com,1998-12-13,2022-03-09,M,W,Y,EUY 189,V2288
D2715,Kanav Tiwari,3445967443,kanavtiwari@yahoo.com,1967-09-24,2022-06-21,M,W,Y,LCZ 348,V2473
D2716,Madhup Sunder,3119804151,madhupsunder@gmail.com,1986-06-12,2022-03-28,M,W,N,MAC-8902,V2699
D2717,Azad Desai,05226408856,azaddesai@gmail.com,1972-01-27,2022-03-04,M,W,N,LHH 533,V2492
D2718,Prerak Chacko,03337971789,prerakchacko@yahoo.com,1966-03-25,2022-09-26,F,W,N,7VB N14,V2175
D2719,Alia Sangha,+918459713826,aliasangha@gmail.com,1980-01-30,2022-04-15,M,W,Y,368 EGX,V2192
D2720,Pari Kannan,+917842361971,parikannan@gmail.com,2004-03-08,2022-06-04,M,W,Y,805T6,V1877
D2721,Romil Datta,3960832447,romildatta@gmail.com,1969-02-07,2022-12-14,M,W,Y,97N M88,V2005
D2722,Nayantara Khurana,9562301743,nayantarakhurana@gmail.com,2001-03-30,2022-02-16,M,L,N,YLU 506,V1974
D2723,Khushi Ravel,+919479571409,khushiravel@gmail.com,1990-05-04,2022-02-14,F,W,Y,086 BPA,V2584
D2724,Darshit Tank,07308014742,darshittank@yahoo.com,2000-05-14,2022-02-17,M,L,N,TML-802,V1838
D2725,Saanvi Bassi,02884809075,saanvibassi@yahoo.com,1987-05-22,2022-06-24,M,L,Y,7582 EO,V2147
D2726,Anaya Lad,1347106788,anayalad@gmail.com,1976-05-15,2022-01-11,M,W,Y,733 NKO,V2587
D2727,Anay Sarna,07724720833,anaysarna@gmail.com,1994-11-27,2022-10-14,F,W,N,67QR7,V1753
D2728,Kiara Edwin,+916704079211,kiaraedwin@yahoo.com,1998-09-23,2022-05-26,M,W,N,954 ZY3,V2638
D2729,Bhavin Sengupta,3623758025,bhavinsengupta@gmail.com,1966-10-09,2022-06-01,M,W,Y,56P Z04,V2642
D2730,Zeeshan Sinha,+913055135196,zeeshansinha@yahoo.com,1971-03-17,2022-03-10,M,W,Y,Z36 1LJ,V2004
D2731,Divit Sampath,3223341960,divitsampath@yahoo.com,1991-06-02,2022-11-05,M,W,Y,WWT-291,V2548
D2732,Aradhya Dhar,4040596888,aradhyadhar@yahoo.com,1965-10-13,2022-08-22,M,W,Y,MYW 081,V1752
D2733,Mahika Konda,2087876396,mahikakonda@gmail.com,1969-11-18,2022-08-08,M,W,Y,51-E634,V2406
D2734,Prerak Bhakta,2904963828,prerakbhakta@yahoo.com,1965-09-05,2022-03-27,M,W,Y,85-1762L,V2689
D2735,Pranay Wali,02020526742,pranaywali@yahoo.com,1976-06-19,2022-12-27,F,W,N,JVM0542,V1935
D2736,Riya Ramakrishnan,+917909589268,riyaramakrishnan@gmail.com,1989-06-27,2022-04-14,M,W,N,ZYO 978,V1856
D2737,Tushar Chaudhary,+919462306956,tusharchaudhary@gmail.com,1991-09-09,2022-05-31,F,W,N,682D,V2335
D2738,Fateh Bail,07098178201,fatehbail@gmail.com,1985-12-21,2022-10-08,M,W,Y,AIR-636,V2573
D2739,Divij Gopal,03574634989,divijgopal@yahoo.com,1978-03-22,2022-09-22,M,W,Y,YWA-228,V2562
D2740,Bhavin Sandhu,5552655743,bhavinsandhu@yahoo.com,1963-09-12,2022-04-09,M,W,Y,LDA-096,V2250
D2741,Akarsh Sodhi,04971713483,akarshsodhi@yahoo.com,1999-02-19,2022-09-15,M,L,N,515-AWB,V2075
D2742,Anahita Sunder,05005638317,anahitasunder@gmail.com,1973-09-26,2022-06-29,M,W,Y,KDF M31,V2346
D2743,Zain Venkataraman,02442681089,zainvenkataraman@yahoo.com,1984-09-21,2022-01-05,M,W,Y,15Z•251,V2731
D2744,Abram Dua,+918350934005,abramdua@gmail.com,1978-03-03,2022-08-23,M,W,Y,96T Z43,V2449
D2745,Sara Brar,2584898660,sarabrar@gmail.com,1968-09-19,2022-01-03,M,W,N,FAJ9791,V2654
D2746,Divyansh Balasubramanian,+919550490590,divyanshbalasubramanian@yahoo.com,1979-01-18,2022-10-14,F,W,N,XGC-9817,V2383
D2747,Kavya Dhaliwal,+917750932731,kavyadhaliwal@gmail.com,1966-04-20,2022-05-25,M,W,Y,226 ME7,V2264
D2748,Tushar Amble,+917623772662,tusharamble@yahoo.com,1990-09-14,2022-07-22,F,W,N,B82 1HC,V2333
D2749,Saira Kar,07425682918,sairakar@gmail.com,1991-03-12,2022-02-26,M,W,N,599VH,V2550
D2750,Zeeshan Dora,06166932761,zeeshandora@gmail.com,1996-01-12,2022-12-24,M,W,Y,OEW-638,V1906
