d_id,d_name,d_ph_N,d_email,d_dob,d_doj,d_gender,d_status,joined_with_referral,d_license_N,d_v_id
D0851,Neysa Dyal,+917366854820,neysadyal@gmail.com,1994-11-24,2021-12-25,M,W,Y,ANG 632,V1735
D0852,Priyansh Talwar,+912753905643,priyanshtalwar@gmail.com,2001-07-21,2021-05-30,M,W,N,HGW 923,V1267
D0853,Indrans Arya,02411980857,indransarya@gmail.com,1980-08-24,2021-10-04,M,W,N,78-M597,V0950
D0854,Samarth Bhardwaj,09629249031,samarthbhardwaj@gmail.com,1977-11-13,2021-07-30,F,W,Y,XJ5 6179,V0870
D0855,Diya Bir,5992967631,diyabir@yahoo.com,1970-12-14,2021-09-10,M,W,Y,87O 379,V1481
D0856,Emir Soman,+912019627877,emirsoman@yahoo.com,1972-02-14,2021-08-02,M,W,Y,8102 IQ,V1349
D0857,Eva Shanker,06917196601,evashanker@yahoo.com,1998-05-21,2021-03-17,F,W,N,230-BML,V1264
D0858,Kiara Mallick,+918252883670,kiaramallick@gmail.com,1964-10-18,2021-08-13,M,W,Y,070 AXL,V1383
D0859,Renee Basak,03882705169,reneebasak@yahoo.com,1990-11-03,2021-07-18,M,W,Y,8-B6892,V1420
D0860,Rasha Devan,00277572450,rashadevan@gmail.com,2000-10-04,2021-08-31,F,W,N,735 RO5,V1549
D0861,Tanya Ramanathan,+915731211155,tanyaramanathan@yahoo.com,2003-08-06,2021-11-21,M,W,N,498W,V1302
D0862,Lagan Rao,04710314511,laganrao@yahoo.com,1986-09-09,2021-04-06,M,W,N,TBI 0729,V1191
D0863,Indrans Khalsa,09148321094,indranskhalsa@gmail.com,1977-05-04,2021-11-20,M,L,Y,74P 3206,V1157
D0864,Kartik Chandra,03477645699,kartikchandra@yahoo.com,1976-03-15,2021-01-29,M,W,N,XAF-5352,V1045
D0865,Hrishita Contractor,07721597410,hrishitacontractor@yahoo.com,1964-01-31,2021-09-02,M,W,N,293-MMU,V1068
D0866,Nakul Raman,8687894538,nakulraman@gmail.com,2004-06-12,2021-02-15,M,W,N,LNX 054,V1164
D0867,Ritvik Dhar,07631879439,ritvikdhar@yahoo.com,1965-09-01,2021-11-03,M,W,N,861-YHC,V1622
D0868,Taimur Goel,+910506222434,taimurgoel@yahoo.com,2000-07-01,2021-02-04,F,W,N,8-5607A,V1148
D0869,Shamik Borah,4329013662,shamikborah@gmail.com,2004-04-11,2021-06-09,M,W,N,ETI6200,V1126
D0870,Anika Banerjee,03537491716,anikabanerjee@gmail.com,1979-06-10,2021-01-12,M,W,N,PF 42934,V1048
D0871,Tarini Dixit,+914701379765,tarinidixit@yahoo.com,1975-03-05,2021-09-12,M,W,N,D 361609,V1376
D0872,Zaina Srinivasan,4847734202,zainasrinivasan@yahoo.com,1973-06-21,2021-09-03,M,W,N,JV 26161,V1229
D0873,Kimaya Krishnan,+914013807324,kimayakrishnan@gmail.com,1970-06-05,2021-09-03,M,W,N,XMA-4001,V1373
D0874,Hansh Garde,9642058365,hanshgarde@gmail.com,1988-10-24,2021-09-08,F,W,N,J 947888,V1244
D0875,Krish Dhawan,+912881332883,krishdhawan@yahoo.com,2005-01-23,2021-05-21,M,W,Y,14G•315,V1322
D0876,Yashvi Mane,04721769523,yashvimane@gmail.com,1993-06-15,2021-07-21,F,W,Y,PZK 957,V1672
D0877,Lagan Sha,2390792886,lagansha@gmail.com,1976-07-03,2021-10-20,M,W,Y,839XWQ,V1023
D0878,Purab Rajan,+913928813833,purabrajan@yahoo.com,1998-04-27,2021-05-13,M,W,N,0463 HB,V1285
D0879,Emir Rajan,9191984990,emirrajan@yahoo.com,1988-02-05,2021-08-29,M,W,Y,FHL-641,V1743
D0880,Indranil Srivastava,+914025206746,indranilsrivastava@yahoo.com,2001-10-10,2021-03-28,F,W,N,356S,V1541
D0881,Shanaya Dutt,2325460687,shanayadutt@gmail.com,1966-09-13,2021-09-03,M,W,Y,PJL-3690,V0969
D0882,Kanav Solanki,+918846262692,kanavsolanki@yahoo.com,1997-07-25,2021-01-24,M,W,Y,AEJ5526,V1118
D0883,Jiya Lall,9861497609,jiyalall@gmail.com,1979-11-09,2021-12-05,F,W,Y,5L 35336,V1614
D0884,Prerak Sharaf,8567431639,preraksharaf@yahoo.com,1976-04-22,2021-05-29,M,W,Y,JIW-463,V1154
D0885,Badal Rajagopalan,+917569741508,badalrajagopalan@gmail.com,1999-10-28,2021-01-27,F,W,Y,D82-ZNP,V1545
D0886,Mohanlal Bala,+913330354309,mohanlalbala@gmail.com,1976-05-21,2021-03-30,M,W,N,47-F333,V1461
D0887,Sana Grover,4467946319,sanagrover@yahoo.com,1977-03-26,2021-03-13,M,W,N,K 775698,V1726
D0888,Zoya Sekhon,2546593982,zoyasekhon@gmail.com,1971-12-24,2021-10-04,M,W,Y,391-HKU,V1261
D0889,Ishita Sagar,02256998722,ishitasagar@yahoo.com,1992-11-21,2021-11-12,F,W,Y,2NES 56,V1366
D0890,Nakul Zachariah,07034509595,nakulzachariah@gmail.com,1991-03-24,2021-12-25,M,W,N,0W 50762,V1179
D0891,Mamooty Mani,00986346911,mamootymani@yahoo.com,1990-10-14,2021-10-21,M,W,N,YME 774,V1111
D0892,Samarth Chandra,01553819567,samarthchandra@gmail.com,1987-05-02,2021-07-03,M,W,Y,8O785,V1167
D0893,Ela Kota,8823066535,elakota@yahoo.com,2003-11-03,2021-11-19,F,W,N,9JD5339,V1207
D0894,Suhana Edwin,05984628478,suhanaedwin@yahoo.com,1998-03-07,2021-06-20,M,W,Y,5MS 587,V1130
D0895,Alia Shanker,9431544772,aliashanker@gmail.com,1986-05-02,2021-06-18,M,L,Y,56Q 7035,V0861
D0896,Eva Karpe,+911035373051,evakarpe@gmail.com,1969-11-07,2021-09-29,M,W,N,621B,V1709
D0897,Himmat Bala,+914474363372,himmatbala@gmail.com,1962-08-30,2021-07-31,F,W,Y,2MQ3312,V1479
D0898,Mahika Gandhi,00445656162,mahikagandhi@gmail.com,1975-08-17,2021-07-09,M,L,Y,18-I854,V1503
D0899,Bhamini Kalla,+912930072657,bhaminikalla@yahoo.com,1982-10-05,2021-07-12,M,L,N,5-4554Z,V0896
D0900,Kiara Ray,2298517373,kiararay@gmail.com,1978-08-14,2021-11-13,M,W,Y,6359,V1452
D0901,Divij Das,00761762403,divijdas@gmail.com,1968-08-17,2021-11-17,M,W,Y,2-F8920,V0966
D0902,Saanvi Verma,4453618759,saanviverma@yahoo.com,1981-06-01,2021-05-30,M,L,Y,108 FFZ,V1435
D0903,Aradhya Guha,+915004833287,aradhyaguha@yahoo.com,1989-09-12,2021-03-10,M,W,N,R33 2UR,V1092
D0904,Samarth Kata,08859568567,samarthkata@yahoo.com,1985-04-20,2021-10-03,M,L,Y,2GN N79,V1466
D0905,Purab Mani,4654721705,purabmani@yahoo.com,1978-02-15,2021-03-21,M,W,Y,IXV 203,V1035
D0906,Prisha Barad,+918010430125,prishabarad@gmail.com,2004-08-31,2021-08-10,M,W,Y,804-KWZ,V1604
D0907,Keya Hayer,+914795003909,keyahayer@gmail.com,1996-05-31,2021-05-01,M,W,Y,OP 21764,V0958
D0908,Keya Chander,+919279426107,keyachander@gmail.com,2005-03-02,2021-07-19,F,W,N,61F 4777,V1168
D0909,Baiju Kalita,+910113958558,baijukalita@yahoo.com,1984-08-18,2021-05-22,F,W,Y,GER 545,V1554
D0910,Aarna Bava,3411437898,aarnabava@yahoo.com,1992-12-10,2021-04-19,M,W,N,875 DQF,V1677
D0911,Badal Sachar,04673358607,badalsachar@yahoo.com,1972-06-06,2021-11-23,M,W,N,47H Y54,V0913
D0912,Tarini Seth,+915035370603,tariniseth@gmail.com,1981-01-12,2021-03-03,M,W,N,069449,V0982
D0913,Mishti Badal,2573718580,mishtibadal@gmail.com,2002-05-22,2021-04-30,M,W,Y,88-6428H,V1647
D0914,Nitya Jayaraman,8567443428,nityajayaraman@yahoo.com,1969-10-03,2021-02-05,M,W,N,E89 1KF,V1669
D0915,Sahil Talwar,+916621301394,sahiltalwar@yahoo.com,1968-10-30,2021-03-07,M,L,N,5PV 677,V1553
D0916,Anvi Kulkarni,9922891021,anvikulkarni@yahoo.com,1976-07-19,2021-06-30,M,W,Y,90-R513,V1190
D0917,Misha Choudhury,08006494793,mishachoudhury@gmail.com,1965-02-25,2021-09-17,F,L,Y,97-SD35,V1064
D0918,Umang Kakar,4783277923,umangkakar@yahoo.com,1999-07-02,2021-02-15,M,W,Y,VXK-2858,V0857
D0919,Dishani Chopra,7039379649,dishanichopra@yahoo.com,1970-10-20,2021-05-07,M,W,Y,FWL-7742,V1653
D0920,Shayak Bhargava,09011970326,shayakbhargava@gmail.com,1977-10-21,2021-04-30,M,W,N,RBC 956,V1691
D0921,Prisha Mann,+915062326490,prishamann@gmail.com,1977-06-20,2021-02-01,F,W,N,748-SEGH,V1611
D0922,Advika Devi,+911781777517,advikadevi@yahoo.com,1962-08-11,2021-05-09,M,W,Y,7JFU 60,V1610
D0923,Nehmat Balasubramanian,9205166291,nehmatbalasubramanian@gmail.com,1966-01-20,2021-04-21,F,W,N,005 0WI,V1018
D0924,Bhavin Lalla,+912501564542,bhavinlalla@yahoo.com,1979-03-15,2021-11-18,M,W,Y,LEL-8058,V1639
D0925,Kabir Garde,0626499557,kabirgarde@gmail.com,1964-06-02,2021-09-14,M,L,Y,KEX 826,V1388
D0926,Ahana  Sathe,04216588371,ahanasathe@yahoo.com,1990-06-24,2021-04-06,F,L,Y,965-SCKO,V0917
D0927,Tarini Garg,+917448567853,tarinigarg@gmail.com,1976-05-11,2021-08-29,M,W,Y,93H 914,V1268
D0928,Myra Kala,+914630501123,myrakala@gmail.com,1990-02-02,2021-11-03,M,W,Y,741 XVR,V1741
D0929,Jivin Kakar,+917476532547,jivinkakar@gmail.com,1993-01-23,2021-06-30,M,W,Y,7208,V1492
D0930,Kashvi Dass,1213434660,kashvidass@gmail.com,1979-10-02,2021-05-31,M,W,Y,8KK R50,V1731
D0931,Prerak Raj,01989245390,prerakraj@yahoo.com,1965-06-03,2021-12-30,M,W,Y,54W 9749,V1059
D0932,Nirvaan Buch,07932004003,nirvaanbuch@gmail.com,1979-11-19,2021-05-23,F,W,N,0N C1702,V1449
D0933,Krish Wali,00691954419,krishwali@gmail.com,1995-03-26,2021-03-31,F,W,N,ZQV 090,V0925
D0934,Zaina Gade,+917257061325,zainagade@yahoo.com,1976-07-18,2021-12-28,M,L,N,3SS I54,V1132
D0935,Kabir Jaggi,1214544686,kabirjaggi@gmail.com,1979-02-16,2021-08-02,M,W,N,79B•773,V1223
D0936,Reyansh Balasubramanian,+911941433371,reyanshbalasubramanian@gmail.com,1987-10-13,2021-09-03,M,W,N,701 ZST,V1682
D0937,Fateh Uppal,7805703183,fatehuppal@yahoo.com,1962-09-14,2021-02-14,M,W,Y,750 MPG,V1060
D0938,Vardaniya Sathe,4404896859,vardaniyasathe@gmail.com,1974-01-04,2021-10-11,M,W,N,QZX-9166,V0895
D0939,Badal Gera,+913507393479,badalgera@yahoo.com,1975-09-22,2021-06-21,M,W,N,JDH-3598,V1052
D0940,Saksham Sampath,+912574748940,sakshamsampath@gmail.com,1976-04-15,2021-04-01,M,W,Y,KVU 515,V0904
D0941,Sana Verma,8932131553,sanaverma@gmail.com,1980-05-13,2021-01-11,M,W,N,192 YAA,V0939
D0942,Faiyaz Sibal,+915033250308,faiyazsibal@yahoo.com,2004-03-08,2021-06-15,M,W,N,845 JHI,V1510
D0943,Umang Khanna,07756332857,umangkhanna@yahoo.com,1976-04-02,2021-06-29,M,L,N,RGK4541,V1415
D0944,Riaan Chaudhary,07446802698,riaanchaudhary@gmail.com,1972-05-06,2021-08-19,M,W,Y,GOJ 829,V1214
D0945,Dishani Dyal,06505743257,dishanidyal@yahoo.com,2004-07-19,2021-09-30,M,W,Y,56-VT06,V1076
D0946,Sumer Kadakia,3481273022,sumerkadakia@gmail.com,1968-05-27,2021-08-11,F,W,Y,ZSQ 918,V1346
D0947,Mehul Guha,+918547985940,mehulguha@gmail.com,1992-07-25,2021-11-25,M,W,N,RKS 839,V1678
D0948,Aniruddh Kulkarni,8400519298,aniruddhkulkarni@yahoo.com,1967-09-09,2021-07-27,M,W,N,806-BAF,V1692
D0949,Madhup Subramanian,5079071740,madhupsubramanian@gmail.com,1974-09-30,2021-09-25,M,W,Y,4HK1740,V1737
D0950,Umang Saini,09492724544,umangsaini@gmail.com,1995-01-13,2021-08-23,M,L,Y,61-LP73,V0909
D0951,Kanav Chokshi,06366406573,kanavchokshi@yahoo.com,2004-12-22,2021-09-10,M,W,Y,OD5 3660,V1007
D0952,Sara Buch,6732627852,sarabuch@gmail.com,1977-05-01,2021-06-25,M,L,Y,514 7JJ,V1347
D0953,Biju Joshi,05876145843,bijujoshi@gmail.com,2001-04-06,2021-10-22,F,W,Y,8J 55700,V1276
D0954,Seher Bains,03831956695,seherbains@gmail.com,1966-03-15,2021-06-16,F,W,Y,855 PWP,V0902
D0955,Neysa Sunder,+918726984320,neysasunder@yahoo.com,2004-08-10,2021-04-14,M,L,Y,682 8VS,V1019
D0956,Anya Lala,+914987832962,anyalala@yahoo.com,1963-09-17,2021-10-15,M,W,Y,7HM C00,V1017
D0957,Aarav Sagar,8751011368,aaravsagar@yahoo.com,1985-05-23,2021-06-12,M,W,N,VZN9398,V1750
D0958,Piya Chana,4497645324,piyachana@gmail.com,1974-02-13,2021-09-07,M,L,N,612 BFK,V1067
D0959,Biju Din,+914582549794,bijudin@yahoo.com,1980-08-19,2021-05-24,M,W,Y,538 PNK,V1206
D0960,Sana Loyal,+915324595023,sanaloyal@yahoo.com,1973-03-09,2021-10-06,M,W,Y,3-N0847,V1698
D0961,Aaina Kalla,+910808045699,aainakalla@yahoo.com,1968-04-28,2021-02-08,M,W,Y,5OP51,V1744
D0962,Anahita Sha,06649788683,anahitasha@yahoo.com,1964-03-28,2021-08-06,M,L,Y,2BU5365,V1670
D0963,Saira Sunder,00086191520,sairasunder@yahoo.com,1964-01-05,2021-01-14,M,W,Y,1L605,V1098
D0964,Raghav Varkey,05465076598,raghavvarkey@yahoo.com,1987-03-26,2021-11-16,F,W,N,55-2574N,V0875
D0965,Misha Bora,6554492008,mishabora@gmail.com,1977-09-17,2021-02-13,M,W,Y,GQH-6312,V1091
D0966,Arhaan Ahluwalia,04023346573,arhaanahluwalia@gmail.com,1984-10-07,2021-02-27,M,W,N,6K WP487,V1273
D0967,Trisha Gade,07349149979,trishagade@gmail.com,2000-08-12,2021-04-18,F,W,Y,MAR-4773,V1243
D0968,Baiju Krishnan,+912554634932,baijukrishnan@gmail.com,1992-06-26,2021-10-26,M,W,Y,6A B8379,V1245
D0969,Ishita Bajwa,+912865688545,ishitabajwa@gmail.com,1982-01-24,2021-07-24,M,W,Y,845-MZK,V0997
D0970,Chirag Mann,4204124008,chiragmann@gmail.com,1965-07-05,2021-07-27,M,W,Y,RMQ-467,V1584
D0971,Kaira Setty,5445094926,kairasetty@gmail.com,1969-04-11,2021-11-07,M,W,Y,88R 0714,V1321
D0972,Ryan Bakshi,+913006672940,ryanbakshi@yahoo.com,2003-03-11,2021-12-04,M,W,N,EIT-1368,V1209
D0973,Aniruddh Bera,5107220813,aniruddhbera@gmail.com,1967-11-18,2021-04-24,M,W,Y,596 YAP,V1442
D0974,Kismat Choudhary,+918074054597,kismatchoudhary@gmail.com,1976-10-30,2021-07-08,M,W,N,VPW9860,V1077
D0975,Samar Borah,03877435734,samarborah@yahoo.com,1981-01-23,2021-11-24,M,L,N,EPT-321,V1362
D0976,Romil Gaba,01904487719,romilgaba@gmail.com,1988-12-25,2021-12-02,M,W,Y,7WEF 06,V1133
D0977,Ivana Upadhyay,07188075978,ivanaupadhyay@gmail.com,1970-01-25,2021-10-04,F,W,Y,322X,V1494
D0978,Yasmin Desai,07584675649,yasmindesai@yahoo.com,2002-10-25,2021-02-19,M,W,N,1255 VS,V1139
D0979,Manikya Hegde,8723020480,manikyahegde@gmail.com,1965-01-18,2021-07-09,M,W,N,778 BSX,V1687
D0980,Yuvraj  Chada,+916924363482,yuvrajchada@gmail.com,1990-09-25,2021-05-13,F,W,N,301 3860,V1108
D0981,Kartik Comar,+919394157840,kartikcomar@yahoo.com,1997-02-09,2021-11-26,F,W,N,32R K75,V1455
D0982,Gatik Sastry,8076742111,gatiksastry@yahoo.com,1994-01-16,2021-06-13,M,W,N,129 RHU,V1679
D0983,Divyansh Dhillon,+914065578660,divyanshdhillon@yahoo.com,1993-01-06,2021-07-01,M,W,Y,BCY 253,V1085
D0984,Divyansh Soni,+911409402538,divyanshsoni@yahoo.com,1990-11-16,2021-05-12,M,W,N,736-DZQ,V1189
D0985,Faiyaz Sem,9033923660,faiyazsem@gmail.com,1989-12-15,2021-01-01,M,W,Y,010-TAR,V0871
D0986,Kashvi Sha,08290956167,kashvisha@yahoo.com,1993-07-16,2021-11-29,M,W,N,168-RIGD,V1129
D0987,Jivin Mann,07869612470,jivinmann@yahoo.com,1965-10-10,2021-09-12,M,W,N,MHG-793,V0988
D0988,Urvi Bhandari,08652782023,urvibhandari@yahoo.com,1995-03-15,2021-06-15,M,W,Y,1MPD 98,V1260
D0989,Jayant Ramakrishnan,3906088097,jayantramakrishnan@yahoo.com,1968-01-24,2021-10-31,M,W,N,O29 6QB,V1395
D0990,Aaryahi Mani,6144547975,aaryahimani@yahoo.com,1972-06-29,2021-12-04,M,W,Y,19-7100Z,V1336
D0991,Advik Barad,08266259845,advikbarad@yahoo.com,1985-01-17,2021-03-30,M,W,N,23-8759O,V1016
D0992,Yasmin Wali,+914342233983,yasminwali@yahoo.com,1986-03-21,2021-07-17,F,W,N,6715,V1218
D0993,Tushar Keer,5460827181,tusharkeer@yahoo.com,1996-08-27,2021-12-15,M,W,Y,B05 3NX,V0961
D0994,Rasha Sundaram,09264761223,rashasundaram@gmail.com,1997-08-04,2021-07-15,M,W,Y,606-IVQ,V1585
D0995,Anahita Bhalla,+911723110104,anahitabhalla@yahoo.com,1979-07-27,2021-08-25,M,W,N,099-HYJ,V1232
D0996,Vardaniya Virk,00428850101,vardaniyavirk@yahoo.com,2004-12-24,2021-11-04,M,W,N,58D 700,V0867
D0997,Nishith Warrior,06635891599,nishithwarrior@yahoo.com,1972-04-13,2021-01-26,M,W,N,4U MT578,V1546
D0998,Kismat Ramanathan,02788412747,kismatramanathan@yahoo.com,1974-07-30,2021-08-17,M,W,N,6RO63,V1581
D0999,Himmat Contractor,+914983310966,himmatcontractor@gmail.com,1993-08-15,2021-10-02,M,W,Y,8L368,V1556
D1000,Kimaya Handa,0447278032,kimayahanda@yahoo.com,1985-02-07,2021-07-10,M,W,Y,9B852,V1576
D1001,Lavanya Tak,2350507777,lavanyatak@yahoo.com,1991-02-23,2021-10-14,M,W,Y,TMW 339,V1041
D1002,Reyansh Garg,+919292852741,reyanshgarg@yahoo.com,1999-01-12,2021-11-10,M,W,N,SNA8290,V1009
D1003,Eshani Swaminathan,04623350981,eshaniswaminathan@gmail.com,2002-12-10,2021-09-23,M,W,N,68-36182,V1616
D1004,Ira Das,1870689713,iradas@gmail.com,2005-06-05,2021-10-03,M,W,N,81-P446,V1746
D1005,Krish Koshy,07781284965,krishkoshy@yahoo.com,1989-10-16,2021-05-22,M,L,N,7CN 288,V1110
D1006,Parinaaz Dixit,+911062525267,parinaazdixit@gmail.com,1966-12-06,2021-12-22,M,W,Y,FNM-836,V1408
D1007,Rati Solanki,03441938244,ratisolanki@gmail.com,1972-12-13,2021-09-29,F,W,N,0580,V1342
D1008,Kismat Kunda,+915515930148,kismatkunda@yahoo.com,1980-06-18,2021-08-30,M,W,Y,063PFW,V1147
D1009,Dhruv Bhatt,+914232069049,dhruvbhatt@gmail.com,1993-03-01,2021-01-31,F,W,Y,TOQ 107,V1662
D1010,Aarna Thaman,07420346258,aarnathaman@gmail.com,1965-04-01,2021-04-20,M,W,N,TCP-391,V1335
D1011,Vanya Kothari,+914132090851,vanyakothari@yahoo.com,1997-10-28,2021-10-20,M,L,N,AAC9080,V0854
D1012,Lakshit Banik,1908229911,lakshitbanik@yahoo.com,1998-06-19,2021-06-23,M,W,Y,HQH-4906,V1176
D1013,Eva Thakkar,+914531573988,evathakkar@yahoo.com,1990-01-26,2021-08-19,F,W,N,956-JJY,V1703
D1014,Divyansh Swaminathan,+914779092083,divyanshswaminathan@yahoo.com,1978-02-08,2021-06-19,F,W,Y,R36-KPT,V1330
D1015,Charvi Arora,+918069578491,charviarora@yahoo.com,2003-04-18,2021-10-05,M,W,N,80-O079,V1638
D1016,Yuvraj  Dube,04712532937,yuvrajdube@gmail.com,1979-04-26,2021-08-01,M,W,N,31X X76,V0962
D1017,Devansh Kala,5463527881,devanshkala@yahoo.com,1969-05-02,2021-09-16,M,W,Y,CKP-6374,V0948
D1018,Pihu Vyas,02202138872,pihuvyas@yahoo.com,1997-06-14,2021-08-18,M,W,Y,7BA2017,V0968
D1019,Chirag Chacko,+911852653285,chiragchacko@yahoo.com,1987-01-07,2021-02-22,M,W,Y,30-97450,V1315
D1020,Dhanuk Lanka,+911673295565,dhanuklanka@yahoo.com,1979-08-27,2021-08-06,F,W,N,1GW 154,V1323
D1021,Lakshit Gill,02425018365,lakshitgill@yahoo.com,1987-02-23,2021-02-21,M,W,Y,HOJ 656,V1083
D1022,Uthkarsh Dyal,00550061632,uthkarshdyal@yahoo.com,1970-04-13,2021-06-13,M,L,Y,6NQ 901,V1304
D1023,Priyansh Arya,5197393428,priyansharya@gmail.com,1994-12-22,2021-10-02,M,W,Y,6ZHU016,V1681
D1024,Damini Raja,+910865792767,daminiraja@gmail.com,1990-01-24,2021-02-17,M,W,N,406 RYT,V1384
D1025,Nehmat Jayaraman,+910834779010,nehmatjayaraman@yahoo.com,1968-11-18,2021-03-31,M,W,Y,742-EPX,V1063
D1026,Parinaaz Kapoor,00590726569,parinaazkapoor@yahoo.com,1968-03-16,2021-11-30,M,W,N,492 UWM,V0941
D1027,Advika Bakshi,07816316490,advikabakshi@yahoo.com,1973-08-23,2021-07-31,F,W,N,7SH I14,V1713
D1028,Mannat Jhaveri,06177711263,mannatjhaveri@gmail.com,2003-11-23,2021-11-24,F,W,N,8CC65,V1542
D1029,Vardaniya Kapur,+913819577784,vardaniyakapur@yahoo.com,1982-06-05,2021-03-05,M,W,N,27V 0754,V0914
D1030,Misha Grewal,08899825476,mishagrewal@yahoo.com,1978-08-04,2021-07-08,M,W,Y,5-68280F,V1072
D1031,Anay Dutt,+912019258633,anaydutt@yahoo.com,1973-07-21,2021-10-25,F,L,N,GAB-530,V1716
D1032,Kiaan Ganesan,9809867352,kiaanganesan@yahoo.com,1996-09-10,2021-08-01,F,W,Y,675 NPZ,V1174
D1033,Gokul Luthra,+918930502658,gokulluthra@yahoo.com,1963-01-20,2021-06-11,M,L,N,9U 87060,V1439
D1034,Nishith Bala,08723391419,nishithbala@gmail.com,1996-12-13,2021-07-09,F,L,N,HAO 645,V1538
D1035,Ishaan Saran,4520673167,ishaansaran@gmail.com,1973-09-29,2021-04-07,M,W,N,7903 JD,V1213
D1036,Hridaan Desai,04485420622,hridaandesai@yahoo.com,2001-06-13,2021-05-19,F,W,Y,429-TZP,V1659
D1037,Tiya Dhawan,08889383522,tiyadhawan@gmail.com,1985-03-08,2021-09-10,M,W,N,AWL7149,V1621
D1038,Ojas Wali,06697431881,ojaswali@yahoo.com,1996-06-10,2021-05-30,M,W,Y,70-Q633,V1728
D1039,Tiya Rastogi,+913321132772,tiyarastogi@gmail.com,1980-07-24,2021-06-08,M,L,N,19-ZJ89,V1738
D1040,Jivin Walia,7978487890,jivinwalia@gmail.com,2000-12-29,2021-07-09,M,W,N,033-MXC,V0886
D1041,Yasmin Sha,+910476667052,yasminsha@yahoo.com,1982-08-19,2021-05-06,M,W,N,426-ATJ,V1303
D1042,Ela Desai,+914090300215,eladesai@yahoo.com,1965-04-23,2021-01-13,M,W,N,UFH-366,V1517
D1043,Krish Krishnamurthy,3287893968,krishkrishnamurthy@yahoo.com,1980-10-18,2021-12-04,M,W,Y,198 CEP,V1485
D1044,Ivana Sha,+916387258341,ivanasha@gmail.com,1987-09-19,2021-10-04,M,W,Y,653-IYJ,V1188
D1045,Farhan Anne,08919466115,farhananne@yahoo.com,1998-04-12,2021-06-21,M,W,N,4769,V1689
D1046,Bhamini Devi,+910758219062,bhaminidevi@gmail.com,1967-03-24,2021-06-30,M,W,Y,666 PLB,V1040
D1047,Aayush Kaul,+912639363251,aayushkaul@gmail.com,1994-04-30,2021-07-29,F,W,Y,224-RKY,V0868
D1048,Jiya Sethi,4219566336,jiyasethi@gmail.com,1992-01-08,2021-11-24,F,W,N,306-VVG,V1204
D1049,Baiju Deo,+913637134823,baijudeo@gmail.com,1975-12-27,2021-07-24,M,W,Y,7MD18,V1586
D1050,Myra Sani,04637168824,myrasani@yahoo.com,1973-06-13,2021-12-05,F,W,Y,DOD-7690,V0959
D1051,Riya Srivastava,+913452853646,riyasrivastava@gmail.com,1975-03-08,2021-11-07,M,W,N,CBG-1430,V1003
D1052,Darshit Behl,08401248657,darshitbehl@gmail.com,1995-10-08,2021-12-23,M,W,Y,415-899,V1721
D1053,Mamooty Dugar,08597537906,mamootydugar@gmail.com,1977-12-16,2021-08-06,M,W,N,615-VVI,V1117
D1054,Divit Mangat,07240209690,divitmangat@yahoo.com,1994-06-14,2021-11-28,M,W,N,392VBZ,V1365
D1055,Aaina Batta,+916949526414,aainabatta@yahoo.com,1981-03-12,2021-09-24,M,W,N,I64 3RW,V1652
D1056,Abram Som,+919421639746,abramsom@gmail.com,1970-10-07,2021-02-09,M,W,N,379U3,V0953
D1057,Anya Khatri,02614232266,anyakhatri@gmail.com,1971-08-21,2021-04-08,M,W,Y,1RY8854,V0926
D1058,Pranay Chanda,6310277183,pranaychanda@gmail.com,1999-05-21,2021-01-27,F,W,N,ZNV-1773,V1381
D1059,Emir Madan,03063569181,emirmadan@yahoo.com,1978-07-08,2021-01-01,M,W,Y,01-1521H,V1423
D1060,Yuvaan Chaudhary,+918850759782,yuvaanchaudhary@gmail.com,2005-01-25,2021-05-06,M,W,Y,984 NXD,V1458
D1061,Zain Vyas,+912008379841,zainvyas@gmail.com,1988-03-25,2021-05-29,M,W,N,55U•777,V1398
D1062,Divyansh Bandi,8395799573,divyanshbandi@yahoo.com,1972-11-13,2021-12-09,M,W,N,67K 092,V1173
D1063,Shanaya Dada,08777324386,shanayadada@gmail.com,2005-02-25,2021-10-08,M,W,Y,561NKI,V0929
D1064,Urvi Badami,9511232489,urvibadami@yahoo.com,1981-01-05,2021-04-01,M,W,Y,886 YCO,V1684
D1065,Indrajit Shah,02549649669,indrajitshah@gmail.com,1967-11-03,2021-02-06,M,W,N,955-VJR,V1674
D1066,Nayantara Chana,+918917299752,nayantarachana@gmail.com,1973-03-12,2021-08-05,F,W,Y,192T,V0990
D1067,Tejas Gara,7918674859,tejasgara@gmail.com,1980-07-30,2021-09-08,M,W,Y,MSO 024,V1283
D1068,Biju Shroff,8786086875,bijushroff@yahoo.com,1996-03-03,2021-11-22,M,W,Y,FJ-5023,V1519
D1069,Madhav Bahri,+914863403911,madhavbahri@gmail.com,1987-06-09,2021-06-14,F,W,Y,751-QURU,V0996
D1070,Zaina Shenoy,02256337873,zainashenoy@yahoo.com,2002-04-06,2021-06-17,F,W,Y,619-TFDS,V1732
D1071,Suhana Bassi,+911047247820,suhanabassi@gmail.com,1990-04-14,2021-06-13,F,W,N,141 CFP,V1271
D1072,Adira Sharma,5307535390,adirasharma@yahoo.com,1978-02-05,2021-06-21,M,W,Y,QIV-889,V1578
D1073,Adah Tara,+917913466158,adahtara@yahoo.com,1967-08-26,2021-04-25,M,W,Y,12E•290,V0855
D1074,Ela Korpal,09161024473,elakorpal@yahoo.com,1972-02-21,2021-02-07,M,W,Y,938-XEZ,V0903
D1075,Kabir Saini,02267523038,kabirsaini@yahoo.com,1983-04-15,2021-09-18,M,W,N,559 IOZ,V1294
D1076,Yasmin Loke,8868644848,yasminloke@gmail.com,1991-08-21,2021-10-16,M,W,Y,9332,V1476
D1077,Miraan Bakshi,01551051664,miraanbakshi@gmail.com,1989-05-17,2021-04-11,M,W,Y,LYS 916,V1742
D1078,Mishti Kalla,0001619022,mishtikalla@gmail.com,1964-05-03,2021-08-12,M,W,Y,UK2 R4T,V1609
D1079,Arnav Chada,03879910412,arnavchada@yahoo.com,1990-06-06,2021-11-24,F,W,N,0GF 480,V1529
D1080,Vihaan Sem,+915531429053,vihaansem@gmail.com,1973-11-12,2021-01-10,M,W,N,822K0,V1658
D1081,Armaan Yadav,06118158130,armaanyadav@yahoo.com,1965-03-09,2021-04-10,F,W,N,339-QWM,V1527
D1082,Neelofar Basu,00850078483,neelofarbasu@gmail.com,1996-08-06,2021-08-05,M,W,Y,86-03999,V1364
D1083,Reyansh Keer,+910448055946,reyanshkeer@yahoo.com,1975-05-25,2021-03-16,M,W,Y,KPW 685,V1631
D1084,Arhaan Bhat,00867199614,arhaanbhat@gmail.com,1994-09-12,2021-10-02,M,W,N,904 VOF,V1043
D1085,Devansh Behl,+915213979734,devanshbehl@gmail.com,1983-06-20,2021-03-25,M,L,Y,499CUV,V1150
D1086,Anvi Sridhar,5523742476,anvisridhar@yahoo.com,1974-09-17,2021-12-26,M,W,N,TB 0847,V1665
D1087,Anvi Issac,03560480604,anviissac@gmail.com,1982-04-22,2021-11-27,M,W,Y,XR 0697,V0922
D1088,Vritika Kothari,+918557264714,vritikakothari@gmail.com,1979-11-26,2021-09-16,M,W,N,930-RYK,V1200
D1089,Madhav Wagle,3409376705,madhavwagle@gmail.com,1999-09-19,2021-01-14,M,L,Y,30VR9,V1594
D1090,Zeeshan Sahni,08573531165,zeeshansahni@yahoo.com,2003-03-08,2021-01-01,M,W,N,15Q 1658,V0931
D1091,Ryan Mann,8081644032,ryanmann@gmail.com,2002-01-13,2021-03-01,F,W,Y,1SW2789,V1371
D1092,Zeeshan Chaudhry,+915376114632,zeeshanchaudhry@gmail.com,1979-09-25,2021-03-29,M,L,Y,UE9 J1N,V1142
D1093,Kabir Tripathi,00203349782,kabirtripathi@gmail.com,1998-11-07,2021-08-20,F,L,Y,A10 3WN,V1313
D1094,Romil Sarraf,02512678057,romilsarraf@gmail.com,1992-09-20,2021-11-27,M,W,Y,TM 16157,V0901
D1095,Nehmat Borra,2251856485,nehmatborra@yahoo.com,1976-10-12,2021-07-07,M,W,N,K 222193,V1011
D1096,Darshit Vohra,9847600087,darshitvohra@gmail.com,1995-07-28,2021-05-31,M,L,Y,8H 2201O,V1507
D1097,Vedika Swamy,7875757738,vedikaswamy@yahoo.com,1973-10-12,2021-04-04,M,W,Y,J75 9LV,V0892
D1098,Suhana Khurana,05269999981,suhanakhurana@gmail.com,1995-10-18,2021-02-04,F,W,N,129-776,V1263
D1099,Anay Bali,09483826400,anaybali@gmail.com,1979-03-05,2021-10-26,M,W,Y,869 ZYI,V1727
D1100,Raghav Sule,03284417173,raghavsule@gmail.com,1966-10-31,2021-08-02,M,L,Y,238Q,V1034
D1101,Samar Sinha,03352412583,samarsinha@gmail.com,1996-01-15,2021-05-02,F,W,Y,559 8ZJ,V1272
D1102,Trisha Chander,+911535835172,trishachander@gmail.com,1990-10-18,2021-08-10,M,W,N,5EQ 481,V1205
D1103,Anya Shroff,1948659487,anyashroff@yahoo.com,1977-04-02,2021-06-30,M,W,N,31H B11,V1239
D1104,Pranay Mani,3256644730,pranaymani@gmail.com,1966-02-15,2021-12-22,F,W,Y,19J•489,V1560
D1105,Samaira Banik,+914071109218,samairabanik@yahoo.com,2001-01-22,2021-12-03,M,W,Y,595 RUB,V1534
D1106,Tara Dada,6650739534,taradada@yahoo.com,2002-02-02,2021-11-21,M,W,Y,QV 4051,V1605
D1107,Hansh Chopra,1414271119,hanshchopra@gmail.com,1975-11-02,2021-07-21,M,W,N,2619 PR,V1493
D1108,Ojas Dar,03231108524,ojasdar@gmail.com,2000-04-07,2021-06-12,F,W,N,61AZ842,V1155
D1109,Shalv Virk,07102049409,shalvvirk@gmail.com,1984-05-11,2021-02-26,F,W,Y,HSE-180,V0970
D1110,Yasmin Sampath,0016082448,yasminsampath@yahoo.com,2002-04-11,2021-03-10,M,W,Y,518 YMC,V1532
D1111,Trisha Mane,+917822000786,trishamane@gmail.com,1975-04-06,2021-02-23,M,W,N,606 PNI,V1350
D1112,Gatik Hora,+910097339310,gatikhora@yahoo.com,1998-07-11,2021-03-20,M,W,N,VPY 613,V1711
D1113,Krish Kashyap,+912185118981,krishkashyap@yahoo.com,1989-04-15,2021-09-24,F,W,Y,FPT 769,V1171
D1114,Kiaan Kota,01956172821,kiaankota@gmail.com,1977-10-27,2021-05-01,F,W,Y,498 IVA,V1537
D1115,Nishith Mahajan,+914423715472,nishithmahajan@gmail.com,1975-02-09,2021-07-27,F,W,N,8IV5378,V1051
D1116,Kartik Sridhar,6111521070,kartiksridhar@gmail.com,1983-06-22,2021-02-13,F,W,N,GCI-2163,V1428
D1117,Nirvaan Borra,01041770229,nirvaanborra@gmail.com,1973-12-11,2021-03-06,M,W,Y,HUV1068,V1710
D1118,Ojas Sathe,1357875007,ojassathe@yahoo.com,1965-07-20,2021-06-09,M,W,N,Y59 6VL,V1421
D1119,Raunak Das,8462135878,raunakdas@gmail.com,1966-11-01,2021-03-28,F,W,Y,365 FMO,V1459
D1120,Keya Wason,2226783238,keyawason@gmail.com,1989-04-30,2021-07-25,M,L,Y,QY 8785,V0905
D1121,Trisha Bhatti,03088683382,trishabhatti@yahoo.com,2004-10-06,2021-01-14,M,W,Y,700 TSU,V1418
D1122,Taimur Bhatti,06393834786,taimurbhatti@gmail.com,1981-06-28,2021-06-20,M,W,Y,6CS2766,V1558
D1123,Baiju Warrior,3529271628,baijuwarrior@yahoo.com,1987-01-19,2021-01-15,M,L,Y,592-BBY,V1498
D1124,Fateh Thakkar,0471153964,fatehthakkar@gmail.com,1972-08-05,2021-05-03,M,W,N,968-INK,V1112
D1125,Abram Chada,+914211721034,abramchada@gmail.com,1997-12-19,2021-01-23,M,L,Y,TDF6786,V1255
D1126,Nayantara Dube,03428414614,nayantaradube@gmail.com,1984-12-19,2021-05-02,M,W,N,KHS 072,V1360
D1127,Ishaan Bose,+912744640140,ishaanbose@gmail.com,1975-11-06,2021-04-19,M,W,N,6U 08250,V0921
D1128,Adira Sahota,+916286918610,adirasahota@yahoo.com,1987-05-08,2021-04-16,F,W,N,T 175957,V1523
D1129,Aarush Dhingra,08272586689,aarushdhingra@gmail.com,1992-12-20,2021-08-14,M,W,N,QID-7225,V1138
D1130,Prerak Ravel,1785876324,prerakravel@yahoo.com,2003-05-18,2021-06-28,M,W,Y,854L2,V1749
D1131,Charvi Bala,05226983080,charvibala@gmail.com,1972-07-28,2021-03-28,F,L,Y,630RKD,V0891
D1132,Raghav Dyal,09362567561,raghavdyal@yahoo.com,1983-10-26,2021-07-24,M,W,Y,PAO-3489,V1233
D1133,Nirvi Chandra,6483225443,nirvichandra@gmail.com,1974-04-26,2021-02-02,M,W,N,31-13557,V1081
D1134,Alisha Varughese,3865143009,alishavarughese@gmail.com,1996-01-12,2021-10-08,M,W,N,988318,V1720
D1135,Anika Bora,4587366505,anikabora@gmail.com,1993-08-23,2021-04-09,F,W,N,900 FGL,V0994
D1136,Amira Hans,09667683890,amirahans@gmail.com,1975-08-23,2021-01-24,M,W,Y,603 JL5,V1506
D1137,Anay Johal,+918852417487,anayjohal@gmail.com,1977-09-06,2021-10-03,M,W,N,TM 8376,V1450
D1138,Hunar Dutt,7118942032,hunardutt@yahoo.com,2004-07-11,2021-03-23,M,W,Y,794-PQX,V0976
D1139,Ivana Varghese,04053752243,ivanavarghese@yahoo.com,1974-07-12,2021-01-02,M,W,Y,7-A1956,V1446
D1140,Heer Dixit,02409876677,heerdixit@yahoo.com,1988-05-24,2021-01-18,M,W,Y,EYU-624,V0893
D1141,Prisha Majumdar,2844759934,prishamajumdar@yahoo.com,1984-11-30,2021-04-26,M,W,N,31U ZL6,V0965
D1142,Emir Mand,08613093042,emirmand@gmail.com,1977-03-26,2021-08-01,M,W,N,53GP758,V1049
D1143,Ivana Saini,3421409234,ivanasaini@gmail.com,1981-11-16,2021-01-31,M,W,Y,GF 6897,V1489
D1144,Mannat Ghose,01542347047,mannatghose@gmail.com,1996-12-20,2021-12-04,M,W,Y,586 NHH,V0882
D1145,Divij Deol,09638609470,divijdeol@yahoo.com,1974-12-25,2021-11-03,M,W,N,YWF-6068,V1411
D1146,Neysa Dewan,08181091420,neysadewan@gmail.com,1994-03-11,2021-11-26,M,W,N,2Y460,V1211
D1147,Charvi Chauhan,09494700341,charvichauhan@gmail.com,1962-11-11,2021-04-09,M,L,N,BRG 0739,V1169
D1148,Kaira Hayer,02777910892,kairahayer@gmail.com,1976-07-16,2021-12-24,M,W,Y,LCU 518,V1086
D1149,Aradhya Lalla,9458433022,aradhyalalla@yahoo.com,1985-12-23,2021-09-14,M,L,Y,11T FH3,V0910
D1150,Nakul Rana,2881628280,nakulrana@yahoo.com,1964-01-23,2021-12-23,M,L,Y,4M G2852,V0981
D1151,Stuvan Walia,4021575810,stuvanwalia@gmail.com,1969-07-04,2021-12-08,M,L,N,20-ZF56,V1551
D1152,Indrans Raja,8010362716,indransraja@gmail.com,1993-02-09,2021-08-10,M,W,N,7TM 591,V0864
D1153,Krish Das,+918491670500,krishdas@gmail.com,1988-11-23,2021-09-03,F,W,Y,887-PXH,V1222
D1154,Parinaaz Contractor,08955369629,parinaazcontractor@yahoo.com,1997-12-21,2021-01-20,M,W,Y,6U 6V5ZZI,V1066
D1155,Khushi Shukla,2089963647,khushishukla@yahoo.com,1970-01-10,2021-03-25,M,L,Y,741YT,V0945
D1156,Onkar Lal,+918277464933,onkarlal@yahoo.com,1974-12-14,2021-08-13,M,W,N,ZCT-2941,V1412
D1157,Jayant Dhar,8041632027,jayantdhar@gmail.com,1970-11-26,2021-12-06,F,W,N,455-YKV,V1262
D1158,Aarav Kannan,+911600589370,aaravkannan@yahoo.com,1967-06-26,2021-08-21,M,L,Y,R42 2RB,V1146
D1159,Kiara Sangha,04779041729,kiarasangha@yahoo.com,2003-05-05,2021-04-13,M,W,Y,GSX 4529,V1192
D1160,Nitara Mangal,08203866787,nitaramangal@gmail.com,1989-04-05,2021-02-09,M,W,N,775 5NL,V1539
D1161,Aaina Wali,07673339214,aainawali@yahoo.com,1985-02-20,2021-05-29,F,L,Y,3-42309N,V1445
D1162,Damini Keer,08574955598,daminikeer@gmail.com,1968-06-20,2021-07-09,M,W,N,VXU 752,V1640
D1163,Diya Sachdev,02480528391,diyasachdev@yahoo.com,1969-04-17,2021-06-12,M,W,N,HUD-4931,V1407
D1164,Yuvraj  Bhatnagar,09673982569,yuvrajbhatnagar@gmail.com,1988-07-09,2021-07-29,M,L,N,408 CDQ,V1143
D1165,Saksham Datta,6018544345,sakshamdatta@gmail.com,1986-09-29,2021-12-18,M,W,N,029-AMVR,V1277
D1166,Purab Mallick,07460834045,purabmallick@gmail.com,1973-10-19,2021-09-18,M,W,N,9HID 74,V0872
D1167,Aarav Barad,+917457438487,aaravbarad@gmail.com,1995-10-08,2021-01-04,F,W,Y,905-KJV,V1484
D1168,Stuvan Singh,04642667540,stuvansingh@yahoo.com,1963-11-26,2021-12-14,M,W,Y,ZBB 027,V0920
D1169,Nirvi Buch,+919641453362,nirvibuch@gmail.com,1987-03-10,2021-01-28,M,W,Y,TBG 316,V1707
D1170,Saksham Gopal,2539073768,sakshamgopal@gmail.com,1996-03-22,2021-06-21,M,W,N,KUF 854,V1170
D1171,Anaya Tara,9612715514,anayatara@yahoo.com,1976-05-14,2021-11-27,M,W,N,H74-LRJ,V1410
D1172,Nakul Karnik,+919901803110,nakulkarnik@yahoo.com,1974-11-17,2021-01-03,M,W,N,883 2EF,V1405
D1173,Aaryahi Shan,06579636488,aaryahishan@gmail.com,1985-05-20,2021-02-28,M,W,Y,ETG 837,V1441
D1174,Renee Sharaf,+913060378841,reneesharaf@gmail.com,1975-04-27,2021-12-14,M,W,Y,QGM-052,V1536
D1175,Shlok Kale,04089652256,shlokkale@gmail.com,1969-06-02,2021-01-27,M,W,N,SNZ1882,V1194
D1176,Advika Datta,08393450349,advikadatta@yahoo.com,1966-10-10,2021-11-26,M,W,Y,UDA-220,V0879
D1177,Madhup Sastry,03624176660,madhupsastry@yahoo.com,1989-02-25,2021-02-11,F,W,N,311M9,V1601
D1178,Ayesha Vasa,1389274037,ayeshavasa@gmail.com,1991-12-28,2021-10-19,M,W,N,WRG 862,V1595
D1179,Bhavin Randhawa,7000568750,bhavinrandhawa@gmail.com,1972-10-03,2021-10-29,M,W,N,867OEN,V1695
D1180,Dharmajan Lal,+919713740318,dharmajanlal@gmail.com,1986-11-08,2021-10-22,M,W,N,CKR-0611,V1107
D1181,Indrajit Korpal,06044998037,indrajitkorpal@yahoo.com,1989-11-29,2021-06-07,M,W,Y,0FQ 714,V1026
D1182,Heer Gour,8051918488,heergour@gmail.com,2001-10-16,2021-02-27,F,W,N,16R W89,V1159
D1183,Gatik Bassi,+912675038636,gatikbassi@gmail.com,1987-04-17,2021-02-17,M,W,Y,902-NRQ,V1185
D1184,Yuvaan Kaul,+916436907708,yuvaankaul@yahoo.com,1967-12-15,2021-06-25,M,W,N,1-29361Z,V0977
D1185,Aaina Deol,8003448660,aainadeol@gmail.com,1986-01-09,2021-03-20,M,L,N,QA 41659,V1008
D1186,Fateh Kibe,01567311916,fatehkibe@gmail.com,1967-05-24,2021-09-05,M,W,N,ZR 8520,V1195
D1187,Mohanlal Bora,+915636222801,mohanlalbora@yahoo.com,1969-04-29,2021-06-16,M,W,Y,LE5 3284,V1151
D1188,Divit Balan,07201863419,divitbalan@gmail.com,1967-04-30,2021-12-24,M,W,N,G25 0QY,V1039
D1189,Nehmat Garg,5929179155,nehmatgarg@gmail.com,1990-12-23,2021-02-10,M,W,N,B24-ZFO,V1162
D1190,Advika Ramaswamy,07097870327,advikaramaswamy@gmail.com,1962-06-19,2021-01-19,M,L,N,34R U52,V1225
D1191,Priyansh Babu,+915360011469,priyanshbabu@gmail.com,1978-11-28,2021-02-03,M,W,Y,59-U251,V0874
D1192,Divit Jayaraman,4464113514,divitjayaraman@gmail.com,1990-07-30,2021-07-20,M,W,N,VF4 U3D,V1097
D1193,Anahi Saha,+910422891693,anahisaha@yahoo.com,1999-03-15,2021-10-25,M,W,Y,T29 6NF,V1266
D1194,Kiaan Mangat,3250030045,kiaanmangat@yahoo.com,1998-11-20,2021-07-06,M,W,N,393 4830,V1548
D1195,Uthkarsh Sarkar,+916988722964,uthkarshsarkar@yahoo.com,1984-05-11,2021-10-30,M,W,N,1Z 3999P,V1444
D1196,Mehul Kalla,+910138859984,mehulkalla@gmail.com,1970-08-02,2021-03-30,F,W,N,962CUY,V1282
D1197,Sahil Sahni,+917586688683,sahilsahni@gmail.com,1964-08-24,2021-09-19,M,W,Y,721 CTO,V1180
D1198,Keya Mallick,7837825004,keyamallick@gmail.com,2001-07-15,2021-08-09,M,L,N,3W147,V1724
D1199,Aayush Sama,+917802352694,aayushsama@yahoo.com,2004-11-20,2021-06-02,M,W,Y,478-FZY,V0999
D1200,Ranbir Rattan,8147559990,ranbirrattan@yahoo.com,1987-02-15,2021-07-01,M,W,Y,DSS 753,V0865
D1201,Piya Hayer,+918726320627,piyahayer@gmail.com,1970-09-14,2021-07-16,M,W,Y,431 3IT,V1106
D1202,Navya Koshy,3186665083,navyakoshy@yahoo.com,1991-07-05,2021-02-04,M,W,Y,296-EFH,V1210
D1203,Armaan Grover,7203611879,armaangrover@yahoo.com,2003-10-27,2021-11-14,M,W,Y,5T VR813,V1568
D1204,Oorja Gole,1607907858,oorjagole@gmail.com,1985-09-15,2021-06-19,M,W,Y,936D5,V0995
D1205,Samaira Raju,05135782801,samairaraju@yahoo.com,1968-05-16,2021-04-09,M,W,N,LL-3440,V1158
D1206,Seher Wable,5310090949,seherwable@gmail.com,1971-07-17,2021-09-15,F,L,Y,5XR 889,V1113
D1207,Anika Grewal,+914467018864,anikagrewal@gmail.com,1997-11-01,2021-02-01,F,L,N,LKY-207,V1637
D1208,Samarth Dugar,+910954077771,samarthdugar@gmail.com,1968-10-21,2021-02-11,M,W,N,957 5XO,V1075
D1209,Baiju Srivastava,2430719912,baijusrivastava@gmail.com,1967-09-17,2021-09-22,F,W,Y,MLB 371,V0943
D1210,Lakshay Tella,+912526896107,lakshaytella@gmail.com,2001-10-07,2021-01-08,M,L,N,7K 08428,V1248
D1211,Jayesh Bhardwaj,+910730967003,jayeshbhardwaj@yahoo.com,1985-11-08,2021-09-01,M,W,Y,JPQ 305,V1397
D1212,Ishaan Sahni,00768919435,ishaansahni@gmail.com,1999-08-12,2021-10-25,M,W,Y,0-48311C,V1000
D1213,Neysa Tella,4230347876,neysatella@yahoo.com,1982-12-17,2021-12-03,M,W,Y,973 MOS,V1626
D1214,Indrans Swaminathan,03071718106,indransswaminathan@gmail.com,1996-10-09,2021-02-02,F,W,N,164-GNK,V1036
D1215,Neelofar Wali,4064746970,neelofarwali@yahoo.com,1996-07-18,2021-06-30,M,W,N,14L•380,V1625
D1216,Arhaan Kannan,6049353304,arhaankannan@gmail.com,1988-01-27,2021-08-04,M,W,Y,UGU 5314,V0944
D1217,Jiya Bahri,9350958953,jiyabahri@gmail.com,1995-01-24,2021-05-08,M,W,N,IF 99963,V1729
D1218,Aniruddh Dhaliwal,6278712157,aniruddhdhaliwal@yahoo.com,1988-02-01,2021-05-26,M,W,N,98-L923,V1467
D1219,Neelofar Sood,8113804075,neelofarsood@gmail.com,1977-12-13,2021-12-12,M,W,Y,6K 60443,V1368
D1220,Vihaan Singhal,+919430572716,vihaansinghal@gmail.com,1971-12-20,2021-06-06,F,W,N,VUV 811,V0885
D1221,Dhanush D’Alia,1096076850,dhanushd’alia@yahoo.com,1985-11-13,2021-12-15,F,W,Y,NRS 4713,V1240
D1222,Nitya Ravi,+912701561706,nityaravi@yahoo.com,1976-11-21,2021-11-29,M,L,N,MOY6999,V1596
D1223,Kismat Singh,+910258969750,kismatsingh@gmail.com,2003-11-11,2021-11-07,F,W,N,9KX 450,V1042
D1224,Zara Loyal,03681057012,zaraloyal@yahoo.com,1996-03-31,2021-10-31,M,W,N,U73 6RF,V1056
D1225,Vanya Korpal,9213050919,vanyakorpal@gmail.com,1972-02-08,2021-03-02,F,L,Y,3-5058P,V1012
D1226,Tara Raju,9133224256,tararaju@gmail.com,1995-08-21,2021-02-22,F,W,N,081 PA7,V1020
D1227,Aaina Tripathi,6214703648,aainatripathi@yahoo.com,2005-01-14,2021-01-17,M,W,Y,46VF707,V1425
D1228,Aniruddh Sidhu,0413421892,aniruddhsidhu@yahoo.com,2002-05-06,2021-10-13,M,W,N,NKQ 8681,V1351
D1229,Biju Gala,+919835151937,bijugala@gmail.com,2000-01-06,2021-03-09,M,W,Y,440GWG,V1606
D1230,Faiyaz Sangha,06590500496,faiyazsangha@yahoo.com,1964-02-14,2021-10-30,F,W,Y,J93-74S,V1437
D1231,Purab Dey,+918568393659,purabdey@yahoo.com,1991-04-15,2021-01-14,F,L,Y,HSR 641,V1562
D1232,Anahi Anne,+918249632222,anahianne@yahoo.com,1987-10-04,2021-03-16,M,W,Y,8WP Q36,V1699
D1233,Kaira Borra,6623989246,kairaborra@gmail.com,1983-02-03,2021-04-19,F,W,N,6CJ 122,V1520
D1234,Indrans Grewal,7948694347,indransgrewal@yahoo.com,1968-11-04,2021-01-28,M,W,N,VWN-5216,V1734
D1235,Navya Mani,+917336784805,navyamani@gmail.com,1982-10-30,2021-01-27,M,W,N,0SDM 66,V1010
D1236,Ryan Chaudhary,0713733470,ryanchaudhary@gmail.com,1993-09-07,2021-07-02,M,W,N,GPD 734,V1730
D1237,Raunak Dhar,00081322705,raunakdhar@gmail.com,1967-10-30,2021-08-24,M,W,N,XQK-7804,V0971
D1238,Tiya Wason,1772563054,tiyawason@yahoo.com,1970-07-14,2021-03-31,F,L,Y,21Q 446,V1324
D1239,Nishith Shetty,05659739031,nishithshetty@yahoo.com,1963-09-27,2021-11-23,M,L,Y,171 SQW,V1275
D1240,Shlok Kari,07093863986,shlokkari@gmail.com,1965-03-03,2021-09-23,F,W,N,1079 ME,V0991
D1241,Tanya Arora,02597000931,tanyaarora@gmail.com,1984-12-23,2021-04-01,F,W,N,70-2945L,V1070
D1242,Eva Khare,08372688489,evakhare@yahoo.com,2000-08-05,2021-09-10,M,W,N,MRP 716,V1088
D1243,Farhan Madan,+912903761570,farhanmadan@gmail.com,1965-07-21,2021-12-02,M,W,N,JL6 P0K,V1058
D1244,Tarini Sane,+912672459061,tarinisane@yahoo.com,1973-05-17,2021-01-07,M,W,Y,BU-1073,V1547
D1245,Ela Chad,+916706133821,elachad@gmail.com,1973-08-10,2021-01-07,M,W,Y,49-5320Z,V1619
D1246,Alia Bava,+913114597383,aliabava@gmail.com,1970-06-05,2021-05-02,M,W,Y,HGA 236,V1714
D1247,Chirag Sura,06864303642,chiragsura@gmail.com,1967-07-27,2021-09-05,M,L,N,J97 1YZ,V1079
D1248,Kismat Viswanathan,4571107941,kismatviswanathan@gmail.com,1991-05-18,2021-09-26,M,W,Y,VTQ5260,V1246
D1249,Jivika Amble,+912907405048,jivikaamble@gmail.com,1979-08-03,2021-03-21,F,L,Y,2283 NE,V1385
D1250,Romil Andra,1444657369,romilandra@gmail.com,1975-07-13,2021-03-10,M,L,Y,560H1,V1231
D1251,Advik Ahuja,7548015013,advikahuja@yahoo.com,1965-08-25,2021-04-04,F,W,N,465 DED,V1326
D1252,Bhavin Boase,03220985011,bhavinboase@gmail.com,1972-09-19,2021-11-06,M,W,Y,QRP 655,V1089
D1253,Myra Dani,5422837416,myradani@yahoo.com,1989-03-17,2021-01-21,M,W,N,477714,V0933
D1254,Shamik Varma,3777638474,shamikvarma@gmail.com,1983-12-20,2021-09-02,M,W,N,219 4QW,V1487
D1255,Rhea Srinivas,8598980849,rheasrinivas@yahoo.com,1990-12-29,2021-05-31,M,W,Y,DDK 3171,V1480
D1256,Shalv Chakrabarti,+917861980960,shalvchakrabarti@yahoo.com,1982-06-04,2021-06-25,M,W,N,728 FMS,V1310
D1257,Indrajit Chakraborty,+912982819355,indrajitchakraborty@yahoo.com,1999-01-17,2021-08-17,M,W,Y,LHI 956,V1511
D1258,Jiya Shetty,3172922743,jiyashetty@yahoo.com,1992-12-19,2021-11-21,M,L,Y,344-UZKL,V1509
D1259,Ayesha Tata,04461380440,ayeshatata@gmail.com,1968-09-07,2021-03-06,F,W,N,I 015540,V0967
D1260,Lavanya Mangat,+919220982280,lavanyamangat@yahoo.com,1966-07-22,2021-03-30,M,W,Y,098 2ZC,V1219
D1261,Tarini Dugar,01488771711,tarinidugar@yahoo.com,1999-03-14,2021-07-19,M,W,Y,0SY35,V1287
D1262,Keya Shukla,+915263510143,keyashukla@gmail.com,1996-11-04,2021-11-28,F,W,N,LUX 259,V1577
D1263,Samarth Chawla,03147715603,samarthchawla@gmail.com,1965-03-02,2021-11-07,M,W,N,4A K3947,V0852
D1264,Tarini Savant,6362985062,tarinisavant@yahoo.com,1975-03-31,2021-12-23,M,W,N,JCT-5377,V1001
D1265,Jayesh Mandal,+913910409028,jayeshmandal@gmail.com,1970-04-24,2021-05-21,M,W,N,0-Z5980,V0987
D1266,Pranay Chandran,+914669880246,pranaychandran@gmail.com,1975-07-09,2021-10-10,F,W,Y,430 8YZ,V1165
D1267,Urvi Chahal,+911554673719,urvichahal@gmail.com,1971-07-11,2021-06-17,F,W,N,6-6301P,V1140
D1268,Reyansh Comar,+912110457213,reyanshcomar@yahoo.com,1986-03-30,2021-03-11,M,W,Y,068 QZJ,V1370
D1269,Keya Venkatesh,+917024212473,keyavenkatesh@gmail.com,1995-01-25,2021-10-04,M,L,N,AT 1829,V1569
D1270,Stuvan Das,+910838839212,stuvandas@yahoo.com,1998-09-20,2021-10-30,M,W,Y,N15 1CN,V1149
D1271,Urvi Mani,+917600940302,urvimani@gmail.com,1962-09-18,2021-08-29,M,W,N,OBT5043,V1627
D1272,Samarth Soni,5293475409,samarthsoni@gmail.com,1970-07-10,2021-10-28,M,L,Y,687YZP,V0866
D1273,Abram Sandhu,3158400867,abramsandhu@gmail.com,1973-07-24,2021-03-15,M,W,Y,JCI 927,V1701
D1274,Diya Chakraborty,+913679366665,diyachakraborty@yahoo.com,1995-08-16,2021-11-29,M,W,Y,389 2RU,V1175
D1275,Samar Gopal,04960891158,samargopal@yahoo.com,1998-06-04,2021-07-24,M,W,N,48N MF0,V1531
D1276,Suhana Dey,06885010215,suhanadey@yahoo.com,1992-02-20,2021-03-02,M,W,N,0-J0841,V1436
D1277,Zeeshan Borde,01720236779,zeeshanborde@yahoo.com,1974-12-20,2021-07-02,M,W,N,548 ZOR,V1570
D1278,Samarth Yohannan,0058389761,samarthyohannan@yahoo.com,2003-10-08,2021-02-02,M,W,Y,7-31568,V1145
D1279,Emir Varkey,02404829075,emirvarkey@yahoo.com,1987-07-06,2021-02-09,M,W,N,OSF 991,V1635
D1280,Tushar Keer,+910633163798,tusharkeer@gmail.com,1972-12-08,2021-02-23,M,L,Y,NHF3418,V1032
D1281,Himmat Bhat,09822710307,himmatbhat@gmail.com,2003-05-18,2021-03-21,F,L,Y,357 NPU,V0881
D1282,Nehmat Kale,02399570716,nehmatkale@gmail.com,1963-07-24,2021-02-10,M,L,Y,2-90760,V1379
D1283,Riya Varty,4924077363,riyavarty@yahoo.com,1996-11-15,2021-02-21,M,W,N,DIV 859,V1557
D1284,Indranil Sachdeva,0430492195,indranilsachdeva@gmail.com,1974-04-23,2021-12-20,M,W,N,Z53 8VM,V1644
D1285,Jayant Rout,+914683680157,jayantrout@gmail.com,1972-10-24,2021-06-12,M,L,Y,AVD 344,V1723
D1286,Kanav Sane,09247271083,kanavsane@yahoo.com,1984-03-05,2021-05-28,M,W,N,3XO 450,V1062
D1287,Tushar Bera,04469486640,tusharbera@yahoo.com,1971-04-29,2021-07-01,M,W,Y,3OX 756,V1712
D1288,Miraan Doshi,+911242252434,miraandoshi@gmail.com,1990-10-16,2021-06-29,F,W,Y,157-NFR,V1055
D1289,Lagan Mani,3890882119,laganmani@yahoo.com,1986-07-28,2021-05-11,F,W,Y,55EV9,V1269
D1290,Saanvi Guha,08709359480,saanviguha@yahoo.com,1963-12-07,2021-12-05,F,W,Y,91TD674,V1401
D1291,Renee Varughese,00952913410,reneevarughese@gmail.com,1997-03-15,2021-12-01,M,L,N,LUZ 731,V1073
D1292,Rhea Chakrabarti,1745766483,rheachakrabarti@yahoo.com,1965-10-27,2021-03-21,M,W,N,108-GZP,V1414
D1293,Arhaan Grover,0420303651,arhaangrover@yahoo.com,1987-08-11,2021-03-29,M,W,N,295044,V1044
D1294,Anaya Bail,2571312297,anayabail@yahoo.com,1999-04-06,2021-08-06,F,W,N,38-1253A,V0856
D1295,Dhanuk Mahal,+913142664500,dhanukmahal@gmail.com,1999-12-20,2021-07-01,M,W,Y,029 SLZ,V1069
D1296,Rasha Sinha,+919270070916,rashasinha@gmail.com,1983-02-11,2021-06-29,M,W,Y,400 BGP,V1104
D1297,Diya Jani,04273356209,diyajani@yahoo.com,1962-10-10,2021-01-19,M,W,Y,194-WWD,V0873
D1298,Faiyaz Subramanian,09527575375,faiyazsubramanian@gmail.com,1973-09-08,2021-01-04,M,W,Y,989 LUR,V0916
D1299,Alisha Zacharia,+918380087029,alishazacharia@yahoo.com,2004-10-31,2021-01-21,M,L,Y,658 XDS,V1661
D1300,Inaaya  Bal,+918838467120,inaayabal@yahoo.com,1996-04-23,2021-01-23,M,W,N,109-ZDJ,V1740
D1301,Kashvi Garde,00295152975,kashvigarde@yahoo.com,2002-10-13,2021-04-14,M,W,Y,XIZ W61,V1278
D1302,Drishya Gandhi,+916217031740,drishyagandhi@yahoo.com,2003-03-27,2021-10-11,F,W,N,3TD 314,V1733
D1303,Nirvaan Khatri,0830090055,nirvaankhatri@gmail.com,1977-04-06,2021-07-16,M,W,Y,MOJ 024,V0912
D1304,Indrajit Sundaram,8000857957,indrajitsundaram@yahoo.com,1979-07-08,2021-07-24,M,W,N,0O 3J8WSD,V1367
D1305,Shaan Dara,00708639469,shaandara@gmail.com,1977-04-11,2021-12-22,M,W,Y,9-9896I,V1486
D1306,Lakshay Wason,5202840646,lakshaywason@gmail.com,1998-01-06,2021-02-28,M,W,N,9U H9243,V1047
D1307,Advika Apte,8893647512,advikaapte@yahoo.com,2001-04-23,2021-02-02,F,W,N,20X M47,V1115
D1308,Ehsaan Gupta,07764188096,ehsaangupta@yahoo.com,1988-02-02,2021-12-16,M,L,Y,258 LHU,V1634
D1309,Navya Kaur,+910256240213,navyakaur@yahoo.com,2005-04-24,2021-08-27,M,W,N,06X R38,V1228
D1310,Nitya Kade,+919798279961,nityakade@yahoo.com,1966-11-06,2021-02-06,F,W,N,V96 0HM,V1258
D1311,Ivan Vohra,03712588014,ivanvohra@gmail.com,1996-03-31,2021-06-24,M,L,Y,943-118,V1522
D1312,Vardaniya Dara,09743758893,vardaniyadara@gmail.com,1991-12-27,2021-08-17,M,W,N,OWL 966,V1456
D1313,Lagan Kara,+914032776669,lagankara@yahoo.com,1983-10-25,2021-12-01,M,W,Y,5EM H58,V1567
D1314,Heer Cheema,0126829001,heercheema@yahoo.com,2005-05-20,2021-01-28,M,L,Y,NUS5939,V1199
D1315,Jivin Shanker,03389983399,jivinshanker@gmail.com,1993-12-29,2021-07-21,F,W,N,1690 NU,V1356
D1316,Rasha Arora,6772302175,rashaarora@yahoo.com,1991-08-04,2021-08-12,M,W,Y,RQJ 913,V1483
D1317,Reyansh Andra,3303140506,reyanshandra@gmail.com,1970-07-22,2021-01-06,M,W,Y,GEB 648,V1515
D1318,Mahika Mani,+910199236438,mahikamani@gmail.com,1999-02-17,2021-11-12,M,L,Y,7D050,V1550
D1319,Aarna Manda,+912635163384,aarnamanda@gmail.com,1998-06-23,2021-08-04,M,W,N,1T UJ104,V0992
D1320,Nirvaan Rama,+919460961274,nirvaanrama@yahoo.com,1991-08-29,2021-11-27,M,W,Y,ZRL-0762,V1293
D1321,Dhruv Sahni,+915183671543,dhruvsahni@gmail.com,1981-05-12,2021-07-03,F,W,N,XIX6907,V1514
D1322,Himmat Talwar,+915286466698,himmattalwar@yahoo.com,1967-01-31,2021-09-01,M,L,Y,811-BMQD,V1375
D1323,Stuvan Virk,05229972607,stuvanvirk@yahoo.com,1968-11-11,2021-02-03,M,W,N,SGL-641,V1389
D1324,Ranbir Kara,00986462590,ranbirkara@gmail.com,2001-01-06,2021-06-15,M,W,Y,157HYI,V1029
D1325,Shamik Gola,+914314794700,shamikgola@yahoo.com,2000-05-25,2021-03-03,M,L,N,967 RGA,V1122
D1326,Jayesh Bahri,+918290250406,jayeshbahri@yahoo.com,1973-04-23,2021-12-10,M,W,N,ZZ 64183,V1471
D1327,Advik Upadhyay,00151071524,advikupadhyay@yahoo.com,1975-02-25,2021-07-15,M,W,N,011-VAO,V1630
D1328,Diya Loyal,+914954878829,diyaloyal@yahoo.com,2004-04-21,2021-10-28,M,W,N,210-WIE,V0989
D1329,Amira Sodhi,9448727759,amirasodhi@yahoo.com,1980-06-24,2021-01-02,M,W,N,40U A64,V1440
D1330,Divij Kothari,8300066851,divijkothari@gmail.com,1987-05-14,2021-10-04,M,W,Y,M36 4ZK,V1279
D1331,Yasmin Varkey,+915504834855,yasminvarkey@gmail.com,1966-03-23,2021-06-13,M,L,N,BQH 335,V1361
D1332,Devansh Raju,+911096457024,devanshraju@gmail.com,1973-09-26,2021-12-31,M,W,N,LZK 656,V1182
D1333,Kabir Ramaswamy,03220250212,kabirramaswamy@gmail.com,1995-09-09,2021-06-17,M,W,Y,956VV,V1477
D1334,Rania Bawa,8242259972,raniabawa@yahoo.com,1994-12-28,2021-08-13,M,W,N,ECJ-0858,V1580
D1335,Indrajit Lad,02281908478,indrajitlad@yahoo.com,1973-03-30,2021-08-03,M,L,N,5JV9963,V1566
D1336,Piya Uppal,02185991487,piyauppal@yahoo.com,1971-10-18,2021-01-08,F,W,Y,707-YYM,V1237
D1337,Sumer Ramaswamy,0495738781,sumerramaswamy@gmail.com,1963-01-27,2021-11-05,M,L,N,3-O8511,V1673
D1338,Shalv Hayer,03458367219,shalvhayer@gmail.com,1996-02-03,2021-08-13,M,W,Y,8X ZT583,V1657
D1339,Taimur Soman,01077196973,taimursoman@gmail.com,1992-12-30,2021-02-24,M,W,N,225882,V1013
D1340,Romil Iyer,+917773653199,romiliyer@yahoo.com,1963-03-21,2021-12-10,M,L,N,WPS 1920,V1496
D1341,Samarth Rastogi,1760406595,samarthrastogi@gmail.com,1999-08-10,2021-09-22,M,L,N,I53-43B,V1345
D1342,Dishani Bal,09487403059,dishanibal@yahoo.com,1992-12-09,2021-11-26,M,W,Y,7IA L81,V1409
D1343,Ryan Bhalla,1619995486,ryanbhalla@yahoo.com,1973-05-08,2021-12-07,M,W,Y,F78-99R,V1590
D1344,Prerak Mander,00230941064,prerakmander@gmail.com,1993-02-20,2021-03-11,M,L,N,9O F7601,V1587
D1345,Zoya Raju,3139593671,zoyaraju@gmail.com,1972-02-10,2021-06-21,M,L,Y,KGK 844,V1656
D1346,Baiju Singh,2011106868,baijusingh@gmail.com,1999-05-29,2021-06-23,M,W,Y,17-76805,V1603
D1347,Bhavin Sood,07595416133,bhavinsood@yahoo.com,1969-08-13,2021-06-29,M,L,Y,AX 5794,V1015
D1348,Charvi Bajaj,+913705159596,charvibajaj@yahoo.com,2001-10-25,2021-03-01,M,W,Y,5SH0314,V1501
D1349,Piya Vasa,3782159201,piyavasa@gmail.com,1990-10-14,2021-03-27,M,W,Y,S59 5SW,V1717
D1350,Badal Grover,09203129474,badalgrover@gmail.com,1971-12-21,2021-07-08,M,W,N,GZA8065,V1226
D1351,Rohan Baria,+917363811310,rohanbaria@gmail.com,1978-11-23,2021-11-09,M,L,N,19FS3,V1403
D1352,Eshani Koshy,9315279591,eshanikoshy@gmail.com,2004-11-17,2021-10-21,F,W,N,8P AZ883,V1432
D1353,Prisha Anand,4011725800,prishaanand@gmail.com,1991-03-10,2021-08-25,M,L,N,7-97445,V1037
D1354,Ishaan Kakar,07030142092,ishaankakar@gmail.com,2001-03-15,2021-04-22,M,W,N,HOI 891,V1564
D1355,Himmat Dugar,02916697653,himmatdugar@gmail.com,2004-01-01,2021-09-30,F,W,Y,397 HSW,V1424
D1356,Nayantara Sha,+910744264785,nayantarasha@yahoo.com,1978-03-12,2021-07-14,M,L,N,5HS55,V0952
D1357,Aradhya Shroff,9320590620,aradhyashroff@gmail.com,1988-10-13,2021-02-02,M,W,Y,283 PK6,V1588
D1358,Lagan Ratti,+918338408500,laganratti@gmail.com,1967-04-14,2021-12-16,M,W,Y,8-85631J,V1257
D1359,Emir Khosla,06521867697,emirkhosla@yahoo.com,1991-04-26,2021-04-01,M,L,Y,72L E51,V0876
D1360,Misha Sahni,02333778048,mishasahni@gmail.com,1995-11-06,2021-03-09,F,W,N,655W8,V1469
D1361,Zara Srivastava,+913057665629,zarasrivastava@yahoo.com,1967-09-14,2021-10-08,F,W,N,HZJ 837,V1508
D1362,Shray Wadhwa,+915870474098,shraywadhwa@gmail.com,1996-09-17,2021-07-11,M,W,N,YAE-571,V1676
D1363,Abram Contractor,08656683862,abramcontractor@gmail.com,2000-07-17,2021-01-28,M,L,N,864708,V1690
D1364,Amira Agate,+910144267289,amiraagate@yahoo.com,1996-10-07,2021-08-09,M,W,Y,1ET H96,V1119
D1365,Shalv Dixit,01520054878,shalvdixit@yahoo.com,1993-07-25,2021-09-18,M,W,N,4535 DD,V1095
D1366,Ira Shankar,4566478177,irashankar@gmail.com,2004-09-21,2021-02-16,M,W,Y,9472 RB,V0960
D1367,Darshit Tank,+916803539579,darshittank@gmail.com,1984-10-17,2021-08-25,M,W,Y,EN-2647,V0906
D1368,Aayush Sachdeva,+911078312393,aayushsachdeva@gmail.com,1973-11-30,2021-01-28,M,W,Y,0WQ 004,V1334
D1369,Divit Uppal,+911455371495,divituppal@gmail.com,2000-07-24,2021-04-19,M,W,Y,76-91696,V1650
D1370,Taran Dey,09846237071,tarandey@gmail.com,1999-03-29,2021-07-27,M,W,Y,4M 41623,V1074
D1371,Amani Mahal,03528436179,amanimahal@yahoo.com,1967-11-06,2021-03-19,M,W,N,62F•368,V1341
D1372,Vanya Madan,0109381888,vanyamadan@yahoo.com,1991-06-05,2021-01-01,F,W,Y,6-31954,V0985
D1373,Tiya Edwin,5024257547,tiyaedwin@yahoo.com,1971-12-24,2021-05-20,M,W,N,5MH 603,V0973
D1374,Arhaan Anne,08037895710,arhaananne@gmail.com,1988-08-21,2021-08-30,F,W,N,571Q2,V1128
D1375,Azad Gole,8749102588,azadgole@gmail.com,1962-11-14,2021-02-23,M,W,N,0N004,V1675
D1376,Umang Sachar,8263671787,umangsachar@yahoo.com,1966-08-20,2021-04-11,F,L,Y,43-0889X,V1646
D1377,Raunak Bhasin,+912410705587,raunakbhasin@gmail.com,1977-10-31,2021-03-16,M,W,N,9MG 087,V1599
D1378,Hansh Lalla,+911167759433,hanshlalla@yahoo.com,1997-09-28,2021-01-29,F,W,N,66C 6753,V1080
D1379,Jhanvi Joshi,4652741010,jhanvijoshi@gmail.com,1987-07-02,2021-05-09,M,W,N,87-XF69,V1090
D1380,Urvi Sridhar,09052243671,urvisridhar@yahoo.com,2005-03-31,2021-05-31,M,W,Y,IBZ-643,V1163
D1381,Nakul Sharaf,09733752900,nakulsharaf@yahoo.com,1965-08-31,2021-06-17,M,W,N,830-YYI,V1290
D1382,Abram Deshpande,+910996525289,abramdeshpande@yahoo.com,1984-10-25,2021-11-26,M,W,N,LSU-7791,V1600
D1383,Advika Bahri,3603800924,advikabahri@yahoo.com,1988-10-22,2021-08-10,M,L,Y,298 9EZ,V1311
D1384,Miraya Viswanathan,03385516784,mirayaviswanathan@yahoo.com,2003-07-07,2021-09-06,M,W,N,416-SLN,V1274
D1385,Saksham Banerjee,+919077407283,sakshambanerjee@yahoo.com,1989-03-28,2021-11-16,F,W,N,6GZ 821,V0907
D1386,Vanya Raval,+912698971823,vanyaraval@yahoo.com,1985-06-18,2021-08-25,M,W,Y,29P ZU1,V1177
D1387,Vaibhav Kamdar,2054426595,vaibhavkamdar@yahoo.com,1967-03-17,2021-05-19,M,W,N,J29-YUW,V1512
D1388,Jayan Hegde,+917185240788,jayanhegde@yahoo.com,1982-09-20,2021-06-28,M,W,Y,506Z2,V0930
D1389,Kabir Sathe,3992283489,kabirsathe@yahoo.com,1970-05-03,2021-01-18,M,L,Y,JB1 N4O,V1474
D1390,Badal Dhaliwal,04458694757,badaldhaliwal@gmail.com,1967-11-15,2021-04-05,M,W,Y,4T G6868,V1629
D1391,Aaryahi Koshy,+912363077256,aaryahikoshy@gmail.com,1981-02-28,2021-09-06,M,L,N,418WNR,V1457
D1392,Manjari Saraf,06022076594,manjarisaraf@yahoo.com,1965-04-16,2021-07-12,M,L,N,8CX9006,V1215
D1393,Bhavin Khosla,+913288030685,bhavinkhosla@gmail.com,1965-08-20,2021-09-14,M,W,Y,304-TFW,V1462
D1394,Bhamini Aurora,04506692456,bhaminiaurora@gmail.com,1971-07-25,2021-10-17,M,W,N,RCA-8843,V1156
D1395,Anika Gandhi,+915657151555,anikagandhi@gmail.com,1991-07-18,2021-03-30,M,W,Y,HKB 960,V1314
D1396,Alia Sarraf,+915779314604,aliasarraf@gmail.com,1972-03-08,2021-11-12,M,W,Y,4AQ 878,V1123
D1397,Devansh Kata,+919883740013,devanshkata@gmail.com,1981-01-05,2021-07-31,M,W,Y,49Y 481,V0878
D1398,Vardaniya Divan,09338998325,vardaniyadivan@yahoo.com,1988-12-11,2021-12-12,M,L,Y,Z63 0WR,V1540
D1399,Hazel Contractor,+917316747274,hazelcontractor@gmail.com,1978-08-18,2021-09-25,M,W,Y,LU5 5204,V1022
D1400,Shray Dyal,+915761253725,shraydyal@yahoo.com,2002-01-29,2021-04-28,M,W,N,5928 PJ,V1422
D1401,Eshani Divan,00692267745,eshanidivan@yahoo.com,1985-12-05,2021-04-27,M,L,N,I84 3QZ,V1419
D1402,Rasha Bhatt,6316303115,rashabhatt@gmail.com,1982-08-25,2021-05-23,M,W,N,Z01-04E,V1429
D1403,Alisha Das,09023475875,alishadas@yahoo.com,2005-04-04,2021-03-06,M,W,N,9760 BM,V1516
D1404,Himmat Tiwari,+911854624509,himmattiwari@gmail.com,1984-12-26,2021-12-11,F,L,Y,335 XHG,V1281
D1405,Manjari Sharma,05528723102,manjarisharma@gmail.com,1977-05-07,2021-06-24,M,W,N,E 751274,V1247
D1406,Parinaaz Kadakia,06330483259,parinaazkadakia@yahoo.com,1977-05-28,2021-01-20,M,W,N,QSJ 533,V1705
D1407,Tanya Dasgupta,09556171292,tanyadasgupta@yahoo.com,1971-08-28,2021-09-23,F,W,Y,605 ZMT,V1027
D1408,Faiyaz Yogi,9522710379,faiyazyogi@yahoo.com,2005-02-24,2021-12-09,M,W,Y,4-02543I,V1535
D1409,Vidur Rege,4580118178,vidurrege@gmail.com,1992-01-13,2021-03-24,M,W,N,719 SIQ,V1137
D1410,Stuvan Kale,01004511632,stuvankale@yahoo.com,1985-09-27,2021-06-05,M,W,N,C45 3SN,V1693
D1411,Yuvaan Yadav,4443684269,yuvaanyadav@gmail.com,1965-05-26,2021-10-13,M,W,N,746-YPK,V1394
D1412,Ranbir Kurian,+918283145543,ranbirkurian@yahoo.com,2003-01-17,2021-06-18,F,W,N,200 BEF,V1234
D1413,Jiya Chatterjee,+914164976648,jiyachatterjee@gmail.com,1995-07-01,2021-12-28,M,W,N,720-EPB,V1046
D1414,Parinaaz Uppal,1898160153,parinaazuppal@yahoo.com,1962-09-10,2021-10-10,M,L,N,ICF-646,V1153
D1415,Aarav Mammen,07369823091,aaravmammen@yahoo.com,1963-03-07,2021-07-21,M,W,N,319SW,V0951
D1416,Aarush Kari,0647258087,aarushkari@gmail.com,1981-02-12,2021-09-18,M,W,N,ILY M64,V1004
D1417,Jayant Sheth,03343572503,jayantsheth@yahoo.com,1968-07-15,2021-04-22,M,W,N,K59-41H,V1648
D1418,Yashvi Das,05963715402,yashvidas@yahoo.com,1982-04-07,2021-12-07,M,W,N,0026,V1265
D1419,Advik Ratta,+912758589973,advikratta@gmail.com,1964-10-24,2021-02-08,F,W,N,66-5057I,V1363
D1420,Manjari Dara,07453123026,manjaridara@gmail.com,1973-12-11,2021-12-17,M,W,N,4B 8880S,V1305
D1421,Farhan Madan,+911238243985,farhanmadan@gmail.com,1997-02-21,2021-02-18,M,W,N,439-428,V1114
D1422,Ivana Bhargava,9555432770,ivanabhargava@gmail.com,1987-09-17,2021-09-08,M,W,Y,ZKI 369,V0869
D1423,Nayantara Chatterjee,00790118531,nayantarachatterjee@yahoo.com,2004-10-28,2021-10-08,F,W,N,VWR 724,V1014
D1424,Sara Randhawa,+917076371816,sararandhawa@gmail.com,2001-03-10,2021-06-12,M,W,N,A 839697,V0883
D1425,Yashvi Sem,+915477696537,yashvisem@yahoo.com,1964-10-20,2021-09-26,M,W,N,CZ 2188,V1612
D1426,Saksham Bobal,06759273197,sakshambobal@gmail.com,1984-04-26,2021-11-04,M,W,Y,54L•212,V1295
D1427,Ishita Rajagopal,04295019746,ishitarajagopal@gmail.com,1982-06-14,2021-05-26,M,W,Y,UPR-2755,V1198
D1428,Stuvan Rana,2878265362,stuvanrana@gmail.com,1982-11-22,2021-05-15,M,W,Y,GAT-512,V1253
D1429,Vihaan Kuruvilla,+918631413708,vihaankuruvilla@yahoo.com,1968-01-30,2021-08-14,F,W,N,TSO-273,V0897
D1430,Taran Ghosh,01830038172,taranghosh@gmail.com,1990-11-27,2021-06-07,F,W,N,0FT B07,V0898
D1431,Mahika Sem,+915191187707,mahikasem@yahoo.com,1973-02-12,2021-01-07,M,W,N,IRI-5939,V1722
D1432,Rati Kala,+913644560976,ratikala@yahoo.com,1989-03-09,2021-06-28,M,W,N,105 5EV,V1103
D1433,Heer Soni,08442949394,heersoni@gmail.com,1972-05-06,2021-01-28,M,W,N,YW1 5098,V1475
D1434,Aarna Sachar,+916037291947,aarnasachar@gmail.com,2001-11-18,2021-07-11,M,W,N,HFY 564,V0889
D1435,Eshani Khare,08072618790,eshanikhare@yahoo.com,1994-07-03,2021-05-13,M,L,Y,QDL 699,V1613
D1436,Dishani Divan,+917958286703,dishanidivan@yahoo.com,2001-12-17,2021-05-17,M,W,Y,YEH 494,V1387
D1437,Jhanvi Reddy,+916473344928,jhanvireddy@gmail.com,1965-06-21,2021-09-28,M,W,Y,9161 CV,V1331
D1438,Samiha Kala,+915375267173,samihakala@yahoo.com,1998-07-11,2021-03-16,M,W,N,605 3198,V1084
D1439,Veer Dixit,7730829992,veerdixit@gmail.com,1980-04-11,2021-03-14,M,W,N,342 NZN,V1400
D1440,Sara Goda,1590164044,saragoda@yahoo.com,1988-09-07,2021-12-16,M,W,Y,PEG 231,V1288
D1441,Reyansh Wason,00498472168,reyanshwason@gmail.com,1980-05-09,2021-07-29,F,W,Y,VOC-955,V1563
D1442,Adah Ravi,00067494797,adahravi@yahoo.com,1988-02-26,2021-02-04,M,W,Y,5F 17853,V1152
D1443,Dhanuk Ahuja,+912429375528,dhanukahuja@gmail.com,1989-02-04,2021-10-12,M,W,Y,529-FSG,V0928
D1444,Priyansh Saxena,07179858570,priyanshsaxena@yahoo.com,1990-06-30,2021-04-30,M,W,Y,445UIB,V0887
D1445,Indrans Kaul,04543103865,indranskaul@gmail.com,1968-02-17,2021-01-29,M,L,N,3-4503J,V1748
D1446,Prerak Babu,7695870973,prerakbabu@gmail.com,1970-10-08,2021-05-31,M,W,Y,ARC C49,V1280
D1447,Suhana Sampath,+912400670705,suhanasampath@gmail.com,1990-11-29,2021-12-05,M,W,N,F29 6JO,V1700
D1448,Dharmajan Bhatnagar,8142483765,dharmajanbhatnagar@yahoo.com,1996-08-23,2021-03-25,M,W,Y,W 518226,V1694
D1449,Vardaniya Gopal,00795958324,vardaniyagopal@yahoo.com,1978-10-15,2021-05-16,M,L,N,YTD 275,V1533
D1450,Kavya Wali,08170506107,kavyawali@gmail.com,1981-04-24,2021-01-15,F,L,N,63F 4552,V1291
D1451,Urvi Dani,+914821906522,urvidani@gmail.com,2005-01-25,2021-08-04,M,L,N,1C 85059,V1718
D1452,Umang Thakur,9873690467,umangthakur@yahoo.com,2005-04-21,2021-08-19,F,W,Y,948QE,V1355
D1453,Siya Sur,00917314493,siyasur@gmail.com,2004-02-01,2021-05-13,M,W,N,83H 806,V1082
D1454,Darshit Date,2841725539,darshitdate@gmail.com,1972-01-12,2021-08-07,F,W,Y,403-IAC,V1502
D1455,Sara Subramanian,+910688864025,sarasubramanian@gmail.com,1999-07-22,2021-11-21,M,L,Y,7BA 916,V1186
D1456,Hazel Keer,07516166878,hazelkeer@yahoo.com,1970-07-11,2021-01-10,M,W,Y,1098,V1559
D1457,Ranbir Som,6655404238,ranbirsom@yahoo.com,2004-10-28,2021-06-19,F,W,N,JC5 T1P,V1571
D1458,Prerak Bansal,2413808710,prerakbansal@gmail.com,1964-09-06,2021-02-18,M,W,N,TGO-722,V1028
D1459,Shaan Chauhan,03036768928,shaanchauhan@gmail.com,1989-01-12,2021-03-20,F,L,Y,YXP-3432,V1431
D1460,Ira Babu,+912412026661,irababu@yahoo.com,1972-09-13,2021-02-07,M,L,N,577OQ,V1317
D1461,Hansh Bhavsar,06020560158,hanshbhavsar@yahoo.com,1966-03-24,2021-11-06,M,W,N,15LD706,V1378
D1462,Navya Chahal,4833036123,navyachahal@yahoo.com,1987-11-12,2021-09-06,M,W,Y,0F P3759,V1702
D1463,Yashvi Divan,+914075774658,yashvidivan@yahoo.com,1989-01-02,2021-07-07,M,W,N,064 8WL,V1136
D1464,Eshani Reddy,06433946901,eshanireddy@yahoo.com,1976-05-14,2021-12-27,M,W,Y,EHW-9345,V1252
D1465,Yuvraj  Krishna,1470417033,yuvrajkrishna@yahoo.com,1962-11-12,2021-08-05,M,L,Y,HKC2547,V1645
D1466,Madhup Bath,08818430621,madhupbath@gmail.com,1972-05-14,2021-05-14,M,W,N,4W 03705,V0919
D1467,Lavanya Kothari,3169322432,lavanyakothari@yahoo.com,1989-07-25,2021-01-01,M,W,N,6-33352,V1099
D1468,Mehul Rout,01749862683,mehulrout@gmail.com,1995-08-15,2021-01-29,M,W,Y,661 CYY,V1078
D1469,Mishti Guha,4064605743,mishtiguha@gmail.com,1979-08-18,2021-01-26,F,W,N,C98-DFI,V1561
D1470,Divyansh Garde,+917588425385,divyanshgarde@gmail.com,1994-06-27,2021-06-01,M,L,Y,4U 5356L,V0975
D1471,Drishya Mangat,4940344479,drishyamangat@yahoo.com,1983-05-24,2021-01-25,M,W,Y,05C RY8,V1404
D1472,Sara Shukla,05503775366,sarashukla@gmail.com,1979-01-17,2021-01-15,M,W,Y,025-CKK,V1443
D1473,Ritvik Jha,1679651900,ritvikjha@gmail.com,1997-06-18,2021-07-04,M,L,Y,TML 780,V1593
D1474,Aarav Dani,+918539261412,aaravdani@gmail.com,1970-07-09,2021-08-16,M,W,Y,1C 0283W,V0899
D1475,Vaibhav Vohra,06390132764,vaibhavvohra@gmail.com,1976-10-28,2021-05-04,M,L,Y,383 TPF,V1309
D1476,Zoya Kaur,08202382356,zoyakaur@yahoo.com,2003-12-25,2021-10-07,M,W,Y,EUP-4272,V1212
D1477,Aradhya Balay,6033854927,aradhyabalay@gmail.com,1983-03-10,2021-02-05,M,W,N,XK-1396,V1005
D1478,Uthkarsh Apte,+917720399547,uthkarshapte@yahoo.com,1995-12-14,2021-03-03,M,L,Y,055K,V1094
D1479,Elakshi Saini,9042845191,elakshisaini@gmail.com,1979-02-11,2021-07-14,M,W,Y,4JL6426,V1166
D1480,Yuvaan Date,0751842921,yuvaandate@gmail.com,1973-08-11,2021-06-16,M,W,N,95-N221,V1241
D1481,Taimur Mall,8780809587,taimurmall@yahoo.com,1988-09-19,2021-08-17,M,L,N,7PA C99,V0984
D1482,Urvi Gill,09458902306,urvigill@gmail.com,1983-04-12,2021-10-02,F,W,N,UU-1275,V0911
D1483,Vanya Doshi,02847868231,vanyadoshi@gmail.com,1996-06-19,2021-05-30,M,W,N,5W 7404I,V1499
D1484,Miraya Raman,+916740960053,mirayaraman@yahoo.com,1986-08-25,2021-06-17,F,W,N,309TPY,V1121
D1485,Rati Kanda,03551336160,ratikanda@gmail.com,1986-10-27,2021-04-01,M,W,N,5NI 572,V1552
D1486,Kiara Shetty,08227474077,kiarashetty@yahoo.com,1982-06-11,2021-06-29,F,L,N,LOI J81,V1201
D1487,Emir Yohannan,3722263652,emiryohannan@gmail.com,1978-06-11,2021-06-08,M,W,Y,533 RHD,V1572
D1488,Ryan Boase,3033292328,ryanboase@gmail.com,1989-05-11,2021-02-17,F,W,Y,MCO3406,V1124
D1489,Keya Jani,05177333596,keyajani@yahoo.com,1998-12-17,2021-11-30,M,W,Y,BPX-645,V1725
D1490,Anahi Ramanathan,09991588265,anahiramanathan@yahoo.com,1980-08-07,2021-05-30,M,W,N,1CU B91,V1505
D1491,Vidur Edwin,00489572377,viduredwin@yahoo.com,2001-05-11,2021-09-03,M,W,N,I07 8DL,V1031
D1492,Aarush Jaggi,1552064189,aarushjaggi@yahoo.com,1967-02-13,2021-10-21,M,W,N,BWR-587,V0859
D1493,Neelofar Gade,6384413772,neelofargade@yahoo.com,1979-03-08,2021-08-06,M,W,N,7MG1377,V1230
D1494,Bhavin Jhaveri,+915196901838,bhavinjhaveri@gmail.com,1969-03-25,2021-12-13,M,L,N,5636,V1325
D1495,Himmat Cheema,+910356903995,himmatcheema@yahoo.com,2002-07-21,2021-03-21,F,W,N,LZJ 235,V1582
D1496,Aradhya Brar,4708230511,aradhyabrar@gmail.com,2004-10-02,2021-07-04,M,W,Y,0DW 351,V0900
D1497,Kavya Kumer,+919842988763,kavyakumer@gmail.com,1970-04-02,2021-07-07,M,W,N,PDI 760,V1208
D1498,Ira Datta,+910220219803,iradatta@yahoo.com,1971-10-23,2021-03-03,M,W,Y,1126,V1390
D1499,Shlok Sachar,0054770017,shloksachar@yahoo.com,1998-02-26,2021-03-30,M,L,Y,21E 0395,V1160
D1500,Yashvi Tripathi,9975277345,yashvitripathi@gmail.com,1968-04-18,2021-03-06,M,W,N,6NT I01,V1002
D1501,Eva Tailor,9003150841,evatailor@gmail.com,1975-10-13,2021-11-28,M,W,Y,373DUF,V0937
D1502,Vaibhav Dyal,2608687818,vaibhavdyal@gmail.com,1974-10-10,2021-05-25,M,W,Y,FSX6470,V1583
D1503,Manjari Gole,08171050330,manjarigole@yahoo.com,2001-03-01,2021-03-18,M,W,N,ZFQ 521,V1312
D1504,Kaira Varma,+916200085915,kairavarma@yahoo.com,1975-10-07,2021-09-15,M,L,N,HZF 536,V1125
D1505,Dharmajan Dash,2035121328,dharmajandash@yahoo.com,1962-11-03,2021-11-10,M,W,N,376 MWB,V0980
D1506,Charvi Samra,4562253524,charvisamra@gmail.com,2001-04-28,2021-07-02,M,W,Y,265 KIU,V1579
D1507,Taimur Hegde,02953515067,taimurhegde@gmail.com,1971-11-05,2021-03-16,M,W,Y,267-XTRW,V1521
D1508,Aradhya Doctor,+913036618596,aradhyadoctor@gmail.com,1987-04-23,2021-09-12,F,W,Y,712 NR4,V1386
D1509,Divit Aggarwal,9589844339,divitaggarwal@gmail.com,1982-06-20,2021-08-02,M,W,Y,CNU V80,V1602
D1510,Yashvi Grover,07392883982,yashvigrover@yahoo.com,1969-04-11,2021-08-12,M,W,Y,ZAM 652,V1719
D1511,Adah Shroff,09772172783,adahshroff@yahoo.com,2003-05-19,2021-08-06,M,W,N,KMA-3594,V1134
D1512,Keya Thaker,3804214254,keyathaker@gmail.com,2001-03-16,2021-01-21,M,W,Y,46H T69,V0974
D1513,Advik Mani,06474812435,advikmani@yahoo.com,1996-08-19,2021-03-27,M,W,Y,48-O149,V1399
D1514,Pranay Goel,00049625686,pranaygoel@gmail.com,1997-09-29,2021-06-30,M,W,Y,ZZ-8410,V1061
D1515,Hunar Deol,07197698252,hunardeol@gmail.com,1962-11-23,2021-11-25,M,W,N,KTJ-5900,V1109
D1516,Rhea Kant,+917328907146,rheakant@gmail.com,1998-11-30,2021-02-24,M,W,N,6PO81,V1468
D1517,Drishya Gill,+916016252224,drishyagill@gmail.com,1977-10-31,2021-06-10,M,W,N,LJU 160,V0932
D1518,Ehsaan Saini,+919912683980,ehsaansaini@yahoo.com,1987-02-13,2021-12-28,M,W,Y,817 XSW,V1575
D1519,Romil Chaudry,9727028627,romilchaudry@gmail.com,1997-08-06,2021-06-10,M,W,Y,MWL 586,V1543
D1520,Kimaya Wadhwa,+916511505626,kimayawadhwa@gmail.com,1978-12-17,2021-04-20,F,W,Y,1BZ 327,V1686
D1521,Anahi Date,9882575040,anahidate@gmail.com,1975-03-04,2021-09-08,M,W,Y,BIA6034,V1320
D1522,Aaryahi Chakrabarti,+918214420232,aaryahichakrabarti@gmail.com,1985-10-29,2021-04-01,M,W,Y,EP3 2938,V1054
D1523,Zaina Walla,0240923927,zainawalla@gmail.com,1975-03-25,2021-05-13,M,W,Y,YLL-041,V1739
D1524,Charvi Som,02952369125,charvisom@yahoo.com,1986-05-02,2021-04-23,F,W,Y,4L 5224I,V1666
D1525,Kanav Sem,09090122064,kanavsem@yahoo.com,1998-12-15,2021-01-26,M,W,Y,748-XGY,V0986
D1526,Tarini Sengupta,+917696865978,tarinisengupta@yahoo.com,1980-05-16,2021-05-05,M,W,Y,18K B12,V1623
D1527,Mehul Singh,08954860077,mehulsingh@gmail.com,1965-11-01,2021-08-13,M,W,N,85-F909,V1574
D1528,Tanya Chacko,+919693600069,tanyachacko@yahoo.com,1984-04-07,2021-03-19,M,W,Y,AUY 239,V1525
D1529,Yasmin Sem,1208800794,yasminsem@yahoo.com,1993-04-18,2021-06-01,M,W,N,7LPE 56,V1127
D1530,Kabir Iyer,+918326553045,kabiriyer@gmail.com,1968-06-13,2021-05-26,M,W,N,USX-1680,V1618
D1531,Dhruv Krishnan,+917722127422,dhruvkrishnan@yahoo.com,2004-11-04,2021-05-31,M,L,Y,9D665,V0924
D1532,Khushi Saxena,6512394092,khushisaxena@gmail.com,1972-02-29,2021-09-07,M,W,Y,677 RNW,V1382
D1533,Aaryahi Chaudhuri,03652619914,aaryahichaudhuri@gmail.com,2001-05-11,2021-07-08,M,W,N,XTN-0525,V1426
D1534,Nishith Zachariah,2564919877,nishithzachariah@yahoo.com,1985-09-08,2021-11-30,M,W,Y,7-40468Q,V1451
D1535,Umang Tata,07353381468,umangtata@yahoo.com,1992-09-19,2021-01-22,F,W,Y,8-2457K,V0954
D1536,Indranil Bhatt,8020558409,indranilbhatt@yahoo.com,1965-12-12,2021-12-30,M,W,Y,266CEY,V1406
D1537,Jayesh Vora,0616604184,jayeshvora@yahoo.com,1999-06-17,2021-09-28,M,L,N,ZYT 283,V1598
D1538,Damini Tailor,+915965096967,daminitailor@gmail.com,1995-10-04,2021-02-18,M,W,Y,RPK-1855,V1327
D1539,Rania Chokshi,6103584677,raniachokshi@gmail.com,2000-11-08,2021-04-08,M,L,N,5F 44291,V0888
D1540,Miraan Karan,5609177902,miraankaran@gmail.com,1994-10-28,2021-02-26,M,W,N,NTJ-1951,V0936
D1541,Biju Halder,06783020848,bijuhalder@yahoo.com,1964-08-02,2021-05-01,M,W,N,XTT5734,V0979
D1542,Tanya Handa,09842448431,tanyahanda@gmail.com,1983-06-08,2021-01-19,M,W,N,13Z 026,V0940
D1543,Purab Bhardwaj,+914661925564,purabbhardwaj@gmail.com,1999-06-03,2021-05-20,F,L,Y,367 NVQ,V1238
D1544,Sahil Mander,00797835630,sahilmander@gmail.com,1991-07-12,2021-08-15,M,W,Y,083 REQ,V1065
D1545,Ryan Lad,08299637617,ryanlad@gmail.com,2003-02-17,2021-04-18,M,L,Y,TSO 484,V1329
D1546,Alisha Kumar,+919139655675,alishakumar@gmail.com,1973-09-25,2021-11-04,M,L,Y,2F959,V0955
D1547,Jayesh Bera,+911797444015,jayeshbera@gmail.com,1965-09-05,2021-12-21,F,W,Y,4OR 850,V0934
D1548,Indranil Ray,+913675707926,indranilray@gmail.com,1980-10-31,2021-12-05,F,W,N,31O•586,V1344
D1549,Aniruddh Soni,8893689096,aniruddhsoni@yahoo.com,1977-08-05,2021-11-03,M,W,Y,JKE 771,V1708
D1550,Navya Varty,04290491682,navyavarty@yahoo.com,1989-06-24,2021-12-25,M,W,Y,ZPZ 054,V0993
D1551,Samarth Seshadri,+914693629231,samarthseshadri@gmail.com,2003-05-31,2021-03-25,M,W,N,11OQ470,V1102
D1552,Inaaya  Sampath,6713139273,inaayasampath@gmail.com,1995-05-28,2021-02-01,M,W,Y,005 GPX,V1038
D1553,Gatik Garg,7644197446,gatikgarg@gmail.com,1992-08-17,2021-05-22,M,W,Y,467-ICV,V1135
D1554,Seher Bahl,+917540005935,seherbahl@yahoo.com,2000-08-29,2021-08-05,M,W,N,23-17530,V1391
D1555,Indranil Mannan,3390002735,indranilmannan@yahoo.com,1993-06-17,2021-04-24,F,W,N,673KRO,V1259
D1556,Myra Malhotra,04060931802,myramalhotra@gmail.com,1964-02-17,2021-12-20,M,W,Y,LRY-8359,V1668
D1557,Shanaya Goswami,+910917966349,shanayagoswami@yahoo.com,1990-06-21,2021-09-13,F,W,Y,BPA 149,V1193
D1558,Priyansh Malhotra,4621712976,priyanshmalhotra@yahoo.com,1986-10-04,2021-02-17,M,W,Y,729 ACM,V1297
D1559,Keya Ravi,7027124498,keyaravi@yahoo.com,1963-06-05,2021-12-22,M,L,N,0B KI741,V1513
D1560,Yashvi Walla,+912005619148,yashviwalla@gmail.com,1963-12-26,2021-09-15,M,W,Y,LY 00922,V1597
D1561,Aarna Karan,07212248170,aarnakaran@gmail.com,1998-06-29,2021-11-24,M,W,Y,XPK-5093,V1357
D1562,Darshit Iyengar,+911102830058,darshitiyengar@yahoo.com,1962-10-19,2021-04-18,M,L,Y,165-IUU,V1284
D1563,Gatik Sibal,3894399511,gatiksibal@yahoo.com,1997-08-12,2021-08-05,M,W,N,51-37516,V1338
D1564,Myra Savant,7561158684,myrasavant@gmail.com,1988-11-14,2021-10-15,M,L,N,1FY 235,V0894
D1565,Krish Sanghvi,05162657798,krishsanghvi@yahoo.com,1982-02-17,2021-05-05,F,W,N,905364,V1434
D1566,Miraya Dara,9104178110,mirayadara@gmail.com,2000-10-28,2021-03-09,M,W,N,598988,V1465
D1567,Kanav Konda,+919830762743,kanavkonda@yahoo.com,1977-02-14,2021-07-30,M,W,Y,8BA 123,V1518
D1568,Aaryahi Maharaj,08723985513,aaryahimaharaj@yahoo.com,1982-04-04,2021-11-11,M,W,N,PNO 859,V1033
D1569,Jayesh Sharaf,+910630803038,jayeshsharaf@gmail.com,1964-03-22,2021-10-02,M,W,N,WSF 285,V1377
D1570,Hridaan Shere,+913355342763,hridaanshere@yahoo.com,1996-02-03,2021-05-21,M,W,N,YLU 638,V0853
D1571,Jiya Bir,4356475575,jiyabir@gmail.com,1964-04-30,2021-12-08,M,W,Y,855-DOP,V1660
D1572,Miraya Mand,02877780952,mirayamand@yahoo.com,1986-04-12,2021-08-22,F,W,Y,FWK G77,V1715
D1573,Zeeshan Bora,09039941314,zeeshanbora@gmail.com,2002-11-03,2021-05-24,M,W,N,557-EFX,V1301
D1574,Dhanuk Goswami,07479688257,dhanukgoswami@gmail.com,1993-04-07,2021-11-07,M,W,Y,390 MOH,V0956
D1575,Diya Garde,1654462719,diyagarde@yahoo.com,1966-12-28,2021-11-15,F,W,N,131-YPF,V1141
D1576,Yuvraj  Dey,00798642151,yuvrajdey@yahoo.com,1975-03-08,2021-06-16,M,W,N,938 AAE,V0957
D1577,Shalv Chakrabarti,08327372131,shalvchakrabarti@gmail.com,1971-07-04,2021-10-12,F,W,N,137ESV,V1617
D1578,Arnav Agate,06889105136,arnavagate@yahoo.com,1988-12-04,2021-05-01,M,L,N,KDV-629,V1343
D1579,Samar Zacharia,09964497059,samarzacharia@yahoo.com,2000-02-18,2021-01-25,F,W,Y,2VM 596,V0942
D1580,Ojas Majumdar,+912078159791,ojasmajumdar@gmail.com,2004-11-16,2021-08-10,F,L,Y,MLM-1827,V1316
D1581,Manjari Wason,03860574205,manjariwason@yahoo.com,1990-06-27,2021-11-11,M,W,Y,W29 3QA,V1220
D1582,Tiya Sundaram,+911546622258,tiyasundaram@gmail.com,2000-03-09,2021-08-24,M,W,N,965LVM,V1473
D1583,Diya Sharma,+913803416813,diyasharma@gmail.com,1967-09-08,2021-02-20,F,W,Y,T 220175,V1374
D1584,Hrishita Bala,06060964116,hrishitabala@yahoo.com,1963-08-09,2021-09-18,M,L,Y,619 8089,V1447
D1585,Kabir Chowdhury,06878230572,kabirchowdhury@gmail.com,1969-12-19,2021-10-28,M,W,Y,J92 2EY,V1392
D1586,Madhav Kota,+915641459458,madhavkota@yahoo.com,1978-09-10,2021-11-19,M,W,N,8J 3507N,V1491
D1587,Gatik Hari,4362408212,gatikhari@yahoo.com,1968-02-02,2021-01-29,M,L,Y,758 9785,V1184
D1588,Ayesha Kumer,04440782060,ayeshakumer@yahoo.com,1983-06-06,2021-06-07,M,W,Y,535 YFF,V1482
D1589,Raghav Setty,9883471783,raghavsetty@yahoo.com,1998-08-22,2021-01-11,F,W,N,WYN-722,V1688
D1590,Baiju Sachdev,+914815823405,baijusachdev@gmail.com,1978-04-09,2021-08-29,M,W,N,0-W0199,V1296
D1591,Mahika Chandra,+917911763499,mahikachandra@gmail.com,1984-01-16,2021-06-13,F,W,N,0C 4R0YLX,V1706
D1592,Vihaan Sur,0718345566,vihaansur@gmail.com,1967-10-13,2021-02-20,M,W,N,856 AWO,V1615
D1593,Pihu Mall,07256586505,pihumall@gmail.com,1983-08-18,2021-12-06,M,W,Y,7PH T44,V1024
D1594,Zain Singh,09742271928,zainsingh@gmail.com,1963-11-12,2021-10-17,M,W,Y,36GK274,V0851
D1595,Riya Biswas,01266575822,riyabiswas@yahoo.com,1968-08-15,2021-09-09,M,W,Y,3IC8804,V1649
D1596,Dhanush Chana,+914324865896,dhanushchana@yahoo.com,2004-08-07,2021-05-10,F,W,Y,3875,V0858
D1597,Manikya Sethi,+919139777227,manikyasethi@gmail.com,1997-12-17,2021-11-11,F,W,N,ZCN 770,V1438
D1598,Kiara Kala,4031282802,kiarakala@gmail.com,1987-06-11,2021-01-30,M,W,N,8-97056G,V1667
D1599,Urvi Shan,00548627322,urvishan@gmail.com,1979-12-27,2021-12-03,M,W,Y,66I ZT2,V0915
D1600,Indranil Bora,03593290776,indranilbora@gmail.com,2000-09-19,2021-08-23,M,W,N,OFE-2431,V1504
D1601,Suhana Loke,05159991434,suhanaloke@gmail.com,1981-04-22,2021-06-08,F,W,N,OZC U22,V1453
D1602,Advika Sidhu,+918887417606,advikasidhu@gmail.com,1978-07-08,2021-11-30,M,W,N,0-80571G,V1319
D1603,Jhanvi Tripathi,08022775852,jhanvitripathi@yahoo.com,1975-04-13,2021-10-26,M,W,N,70UA866,V1270
D1604,Purab Cherian,02782077025,purabcherian@yahoo.com,1983-01-31,2021-10-11,M,L,Y,4JL9051,V1328
D1605,Aaryahi Tank,+913979804905,aaryahitank@yahoo.com,2004-09-15,2021-01-07,M,L,N,IJT 123,V1524
D1606,Nishith Srinivas,+916547645286,nishithsrinivas@yahoo.com,1978-07-09,2021-06-20,M,W,Y,1PA 122,V1704
D1607,Seher Khurana,3820087281,seherkhurana@yahoo.com,1973-11-28,2021-02-19,F,W,N,565 BFB,V1299
D1608,Riaan Barad,7014656248,riaanbarad@gmail.com,1969-10-30,2021-09-18,M,W,N,386 GRJ,V1736
D1609,Manikya Warrior,00149386445,manikyawarrior@gmail.com,1972-05-11,2021-10-04,M,L,Y,289R7,V1249
D1610,Lakshit Hayre,0350508665,lakshithayre@yahoo.com,1982-02-10,2021-01-23,M,L,N,NJQ 570,V1352
D1611,Shamik Varughese,04674681134,shamikvarughese@gmail.com,1985-12-10,2021-02-06,F,W,N,634-273,V1530
D1612,Rohan Sathe,4829462231,rohansathe@yahoo.com,1995-12-18,2021-04-09,M,W,N,46D KC0,V1555
D1613,Lakshit Goel,03717850347,lakshitgoel@yahoo.com,1988-03-09,2021-07-18,M,L,N,LNS 665,V1353
D1614,Kashvi Dalal,08556614419,kashvidalal@yahoo.com,1973-06-26,2021-11-17,M,W,Y,ZTQ 523,V1298
D1615,Advika Sridhar,+910507340014,advikasridhar@gmail.com,1972-06-18,2021-07-12,M,W,Y,3LC 448,V1318
D1616,Renee Chowdhury,+911226337626,reneechowdhury@yahoo.com,1991-02-06,2021-04-24,M,W,N,369ED,V1183
D1617,Stuvan Thaker,3081425241,stuvanthaker@gmail.com,1991-05-07,2021-03-16,M,W,Y,029EYB,V1251
D1618,Anika Chacko,+911117226849,anikachacko@yahoo.com,1993-05-22,2021-11-03,F,W,N,9DOZ979,V1250
D1619,Jhanvi Mand,5856884477,jhanvimand@yahoo.com,1969-02-07,2021-06-29,M,W,N,ZCH 532,V1224
D1620,Alia Tara,2489119195,aliatara@yahoo.com,1974-06-20,2021-02-14,M,W,Y,832-UKE,V1685
D1621,Suhana Bhattacharyya,02191995277,suhanabhattacharyya@gmail.com,1996-12-30,2021-09-27,F,W,Y,26A•865,V1573
D1622,Anvi Varughese,4637725206,anvivarughese@gmail.com,2002-05-17,2021-01-27,M,W,N,39-W186,V1624
D1623,Aaina Sarkar,+919084854179,aainasarkar@yahoo.com,1969-03-27,2021-01-24,M,W,Y,417-WUU,V1307
D1624,Sana Batta,+911536248951,sanabatta@gmail.com,1968-12-03,2021-11-25,M,W,N,24C EQ5,V1181
D1625,Anahita Mahajan,+915836003828,anahitamahajan@yahoo.com,1982-09-04,2021-06-21,M,W,N,YDK-9577,V1308
D1626,Pranay Shanker,+910077547798,pranayshanker@gmail.com,1976-02-25,2021-11-27,M,W,N,20PX0,V1221
D1627,Inaaya  Lad,5035230812,inaayalad@gmail.com,1976-08-07,2021-05-16,F,W,Y,4YN 195,V0860
D1628,Piya Bajaj,+917460704074,piyabajaj@gmail.com,1984-09-01,2021-03-22,F,W,N,9EM P87,V1050
D1629,Darshit Chana,+917996913806,darshitchana@gmail.com,1964-03-25,2021-02-19,M,L,N,DTT 119,V1747
D1630,Ryan Barad,07113442862,ryanbarad@gmail.com,1988-02-23,2021-06-19,M,L,Y,CHQ7584,V1242
D1631,Jhanvi Solanki,09482194538,jhanvisolanki@yahoo.com,1981-09-23,2021-04-15,M,W,N,71-Z421,V0935
D1632,Himmat Kuruvilla,+910192492788,himmatkuruvilla@gmail.com,2002-08-20,2021-06-13,M,W,Y,197-DEU,V1300
D1633,Ehsaan Bora,01990382959,ehsaanbora@yahoo.com,1999-02-11,2021-09-25,M,W,Y,08O 197,V1696
D1634,Nishith Varkey,6305832886,nishithvarkey@yahoo.com,1965-08-01,2021-12-03,M,W,N,6-86630,V1655
D1635,Ranbir Dube,3340605766,ranbirdube@gmail.com,1982-11-10,2021-03-19,M,W,N,4WRO957,V0908
D1636,Azad Srinivas,08757198587,azadsrinivas@yahoo.com,1973-02-05,2021-01-21,F,W,N,CYK5781,V1105
D1637,Yashvi Kamdar,+913547195245,yashvikamdar@gmail.com,2004-01-03,2021-08-07,F,W,Y,108 9VR,V1286
D1638,Dishani Mall,+913450619924,dishanimall@gmail.com,1978-11-13,2021-02-07,M,W,Y,130-OEI,V1454
D1639,Nishith Walla,03707541336,nishithwalla@yahoo.com,1974-09-05,2021-05-21,M,W,N,652NCD,V1463
D1640,Yuvraj  Dayal,+919493515207,yuvrajdayal@gmail.com,1992-01-19,2021-02-07,M,L,Y,89Y 577,V0964
D1641,Shanaya Rao,7405964770,shanayarao@gmail.com,2000-02-13,2021-08-29,M,W,Y,85-45831,V1227
D1642,Pihu Kulkarni,0876053946,pihukulkarni@yahoo.com,1989-02-24,2021-09-01,M,W,Y,221NXY,V1197
D1643,Drishya Mangal,+918712362602,drishyamangal@gmail.com,1987-06-15,2021-03-11,M,W,Y,373G3,V1544
D1644,Stuvan Gara,7344251240,stuvangara@yahoo.com,1988-07-24,2021-05-21,M,W,Y,LHA 596,V0890
D1645,Mahika Mangal,+918788314906,mahikamangal@gmail.com,2003-02-02,2021-09-21,F,W,N,ELJ 741,V1161
D1646,Chirag Karpe,08204451103,chiragkarpe@yahoo.com,1987-11-06,2021-01-05,M,W,N,VJZ 419,V0972
D1647,Shalv Samra,00032654993,shalvsamra@yahoo.com,2004-12-06,2021-07-21,M,W,N,6WH3548,V1203
D1648,Nitara Walla,+912395087517,nitarawalla@gmail.com,1980-04-19,2021-08-02,M,L,Y,20K U15,V1589
D1649,Emir Mann,8898505231,emirmann@yahoo.com,1993-01-12,2021-03-08,M,W,Y,PSR9987,V1565
D1650,Vivaan Kulkarni,1708519660,vivaankulkarni@gmail.com,2003-10-02,2021-10-26,M,W,N,896 AHQ,V1187
D1651,Veer Raja,+917646813757,veerraja@gmail.com,1980-08-28,2021-02-26,M,W,N,3-51194I,V0927
D1652,Tarini Lala,5087412961,tarinilala@yahoo.com,1978-10-07,2021-03-04,M,W,N,657 HXC,V1087
D1653,Raunak Sampath,+917551556405,raunaksampath@gmail.com,1965-02-19,2021-12-26,M,W,Y,QSV 890,V1057
D1654,Drishya Sethi,04703637530,drishyasethi@yahoo.com,1971-01-12,2021-03-07,M,W,N,9744,V1683
D1655,Rati Goswami,06393860864,ratigoswami@yahoo.com,1995-12-31,2021-08-01,M,L,N,V73 7BQ,V1591
D1656,Amani Khosla,3836150210,amanikhosla@yahoo.com,1966-06-27,2021-05-28,F,W,Y,544-QZL,V1651
D1657,Dhanuk Wali,3003060747,dhanukwali@gmail.com,1970-04-27,2021-03-25,M,W,N,803XWU,V1654
D1658,Jiya Chacko,9135185997,jiyachacko@gmail.com,1978-10-11,2021-07-10,M,W,N,M87-DVW,V1495
D1659,Misha Sarraf,05477746374,mishasarraf@gmail.com,1967-04-17,2021-12-29,M,W,N,0BD M90,V0862
D1660,Kimaya Rau,+912317284591,kimayarau@yahoo.com,1981-07-26,2021-06-12,F,L,N,ZPK 092,V1528
D1661,Aradhya Khalsa,02793125692,aradhyakhalsa@gmail.com,1970-04-10,2021-04-06,M,W,N,0344,V1633
D1662,Kismat Sarna,+918781353793,kismatsarna@gmail.com,1992-11-28,2021-11-01,M,W,N,7-61196W,V1093
D1663,Shaan Shan,01437226409,shaanshan@yahoo.com,1969-11-21,2021-12-01,M,W,Y,KHS 629,V1333
D1664,Nitara Lala,06818584980,nitaralala@yahoo.com,1985-02-03,2021-12-02,M,W,N,8JBO 57,V0998
D1665,Ira Viswanathan,9802588991,iraviswanathan@gmail.com,1965-01-31,2021-05-04,M,W,Y,9U 4I9XSV,V1380
D1666,Anya Doshi,02014025828,anyadoshi@yahoo.com,1999-05-08,2021-01-08,M,W,N,WI5 T3T,V1490
D1667,Stuvan Bhandari,07407444656,stuvanbhandari@yahoo.com,1984-05-12,2021-09-01,M,W,Y,856 LFW,V1526
D1668,Arhaan Bala,2318307121,arhaanbala@yahoo.com,1987-08-29,2021-10-25,M,W,Y,PIO 728,V1172
D1669,Emir Mallick,+918809869007,emirmallick@yahoo.com,1989-07-30,2021-01-05,M,L,Y,FMI A87,V1641
D1670,Ahana  Reddy,+916916416439,ahanareddy@gmail.com,1990-10-07,2021-12-28,M,W,Y,299 JMU,V1497
D1671,Ishita Zacharia,+911987896554,ishitazacharia@gmail.com,1962-07-05,2021-06-16,M,W,N,707-583,V1433
D1672,Ehsaan Tata,+914826725630,ehsaantata@gmail.com,1996-05-12,2021-10-14,M,W,Y,065 OC0,V1680
D1673,Yuvaan Mammen,8284443602,yuvaanmammen@yahoo.com,1980-07-29,2021-12-21,F,W,Y,00H•993,V1620
D1674,Ojas Gade,+917199961805,ojasgade@gmail.com,1990-09-24,2021-12-21,F,W,N,492ZNE,V1120
D1675,Kismat Mahajan,03116894131,kismatmahajan@yahoo.com,1998-09-04,2021-01-02,M,W,Y,JJ 91909,V1071
D1676,Kavya Bahl,06034095739,kavyabahl@yahoo.com,1964-09-07,2021-03-27,M,W,Y,4BEY 87,V1470
D1677,Pihu Reddy,9832207331,pihureddy@yahoo.com,1968-05-18,2021-12-07,M,W,N,3O 0301U,V1332
D1678,Ritvik Desai,04949936180,ritvikdesai@yahoo.com,1966-05-25,2021-11-08,F,L,N,PXG-3324,V0949
D1679,Ishaan Balakrishnan,03633635186,ishaanbalakrishnan@yahoo.com,1974-09-19,2021-07-28,M,W,Y,93W 3268,V1416
D1680,Divyansh Gala,5775267581,divyanshgala@yahoo.com,1982-09-18,2021-06-11,M,W,N,YE6 3426,V1131
D1681,Anya Gara,1453505007,anyagara@yahoo.com,1972-07-09,2021-05-02,M,W,N,6EM74,V1025
D1682,Hiran Saini,3465754115,hiransaini@yahoo.com,1981-03-31,2021-08-18,F,W,N,271 WSB,V1256
D1683,Sahil Jayaraman,05860938119,sahiljayaraman@yahoo.com,2001-01-08,2021-02-11,M,W,N,059 CBN,V1116
D1684,Aarna Contractor,8006090958,aarnacontractor@gmail.com,1984-03-13,2021-09-14,M,W,Y,3U EF862,V0946
D1685,Alia Ramanathan,04000502090,aliaramanathan@gmail.com,1993-03-03,2021-03-07,M,L,N,9XP R62,V0983
D1686,Faiyaz Biswas,05111285477,faiyazbiswas@yahoo.com,1998-11-11,2021-03-06,M,L,N,LJJ 070,V1642
D1687,Kanav Gera,+915875581880,kanavgera@yahoo.com,1968-08-04,2021-08-29,M,L,Y,76F 0107,V1196
D1688,Dhanush Bal,2351172557,dhanushbal@yahoo.com,1970-11-05,2021-04-27,M,L,N,795-928,V1393
D1689,Adah Ravi,1847213455,adahravi@gmail.com,1981-08-31,2021-01-12,M,W,Y,623-863,V1030
D1690,Navya Sharma,04983501639,navyasharma@yahoo.com,1991-06-13,2021-10-09,M,W,N,QSE 705,V1339
D1691,Nitya Doshi,5638259864,nityadoshi@gmail.com,1991-07-28,2021-08-22,M,W,Y,307XDZ,V1236
D1692,Taimur Vasa,03595095313,taimurvasa@gmail.com,1990-02-21,2021-11-03,F,W,Y,6YMN923,V1372
D1693,Saanvi Krish,+915153523670,saanvikrish@gmail.com,1980-05-12,2021-12-23,M,W,N,523 REY,V1101
D1694,Divyansh Sachar,+912531781492,divyanshsachar@yahoo.com,1996-02-04,2021-05-20,M,W,N,05V 0154,V1628
D1695,Farhan Devi,01501045829,farhandevi@yahoo.com,1967-05-30,2021-08-28,M,L,N,8V 5933T,V1643
D1696,Chirag Singhal,03908523353,chiragsinghal@gmail.com,1983-10-22,2021-05-23,F,W,N,KSK 944,V1216
D1697,Oorja Kuruvilla,+917464046063,oorjakuruvilla@yahoo.com,1997-04-04,2021-02-25,M,W,N,TFF-735,V0877
D1698,Madhav Ramesh,+913783305672,madhavramesh@gmail.com,1996-10-02,2021-07-24,M,W,Y,9BC 311,V1592
D1699,Tushar Master,2194133455,tusharmaster@yahoo.com,1991-11-02,2021-10-27,M,W,Y,8HF 376,V1500
D1700,Mehul Badami,08973160730,mehulbadami@yahoo.com,1993-02-22,2021-08-29,M,W,Y,YS7 T9Y,V1745
D1701,Elakshi Thaker,03851494947,elakshithaker@yahoo.com,1989-08-29,2021-05-02,M,W,Y,3UQL793,V0947
D1702,Shlok Kulkarni,2600965828,shlokkulkarni@gmail.com,1991-04-03,2021-01-30,M,W,Y,3U 58373,V1217
D1703,Hansh Kanda,+914972878527,hanshkanda@yahoo.com,1982-12-31,2021-04-13,M,W,Y,190 LGP,V1235
D1704,Aradhya Basu,+910499198604,aradhyabasu@gmail.com,1987-03-18,2021-02-22,F,W,Y,MBI 761,V1608
D1705,Uthkarsh Dave,04978797792,uthkarshdave@yahoo.com,1988-04-12,2021-12-08,M,L,N,80U Y63,V0884
D1706,Biju Wagle,6785136005,bijuwagle@gmail.com,1974-10-30,2021-11-19,M,W,N,146 UPA,V1671
D1707,Hrishita Grover,+919365231343,hrishitagrover@gmail.com,1976-07-15,2021-01-26,M,W,Y,433 ZJW,V1697
D1708,Abram Bassi,9317951617,abrambassi@gmail.com,2000-09-15,2021-03-20,M,W,N,KBL 017,V1292
D1709,Suhana Subramanian,03077575387,suhanasubramanian@gmail.com,1992-04-16,2021-07-11,M,L,N,OW7 J7G,V1348
D1710,Aayush Bajwa,08136957235,aayushbajwa@gmail.com,1967-08-01,2021-12-04,M,W,Y,8OA1728,V1663
D1711,Anahi Salvi,8416839410,anahisalvi@yahoo.com,1970-09-06,2021-08-22,F,W,N,4282 QC,V1021
D1712,Manikya Ganesh,9109090132,manikyaganesh@gmail.com,1974-06-14,2021-11-24,M,W,N,TXZ-5532,V0963
D1713,Mehul Rout,4402677004,mehulrout@gmail.com,1989-08-06,2021-01-23,F,W,N,104Y7,V1289
D1714,Heer Sachar,+918942219130,heersachar@yahoo.com,1979-01-21,2021-09-10,M,W,Y,PYR-2136,V1488
D1715,Ishita Gill,03764002402,ishitagill@gmail.com,1965-06-18,2021-04-13,M,W,N,WTA 744,V1464
D1716,Uthkarsh Chad,+910728718564,uthkarshchad@gmail.com,2003-05-22,2021-12-22,M,W,Y,KCN 451,V1369
D1717,Ishita Brar,2003246054,ishitabrar@gmail.com,1997-12-30,2021-11-23,M,W,Y,624-559,V1100
D1718,Divit Saraf,+914639387047,divitsaraf@yahoo.com,1975-01-19,2021-01-27,M,W,Y,WZU8822,V0938
D1719,Jivin Kala,07094775712,jivinkala@yahoo.com,2000-12-19,2021-01-27,M,W,Y,913 GN0,V0918
D1720,Anahi Kalita,00175712574,anahikalita@yahoo.com,1975-11-13,2021-03-20,M,W,N,8DT8356,V1607
D1721,Anika Ravel,+918281695922,anikaravel@yahoo.com,1977-09-25,2021-06-12,M,W,Y,OH 13565,V1178
D1722,Hunar Balan,2264311764,hunarbalan@gmail.com,1975-10-07,2021-09-19,M,L,N,3A 8G6LMR,V1402
D1723,Jayant Batra,7422729581,jayantbatra@gmail.com,1968-01-30,2021-10-19,F,L,N,OFA-2135,V1478
D1724,Kavya Kar,5269647622,kavyakar@gmail.com,1993-11-25,2021-05-08,M,W,Y,095 PSL,V1340
D1725,Riya Kothari,+910027991607,riyakothari@yahoo.com,1964-12-25,2021-10-18,M,W,Y,7-9951K,V1202
D1726,Ojas Hayer,5854738313,ojashayer@gmail.com,1976-08-02,2021-06-18,M,W,Y,284 1IE,V1396
D1727,Jayesh Chowdhury,+915169950103,jayeshchowdhury@gmail.com,1997-11-08,2021-08-30,M,L,N,HYV 257,V0923
D1728,Indrajit Tara,06693007166,indrajittara@yahoo.com,1970-05-02,2021-09-29,M,W,N,6-0822S,V1254
D1729,Hansh Chana,+912549594928,hanshchana@gmail.com,1984-10-13,2021-01-11,M,W,N,29E G41,V1358
D1730,Kashvi Khurana,9573354499,kashvikhurana@yahoo.com,1993-06-26,2021-04-21,M,W,N,855 TXM,V1427
D1731,Shanaya Banerjee,7966260410,shanayabanerjee@yahoo.com,1975-05-17,2021-01-12,M,W,N,BAK 779,V1006
D1732,Neelofar Tata,+917675860506,neelofartata@yahoo.com,1966-02-05,2021-07-10,M,W,Y,009573,V1306
D1733,Yakshit Bora,6226549530,yakshitbora@gmail.com,1971-03-06,2021-04-15,F,W,Y,6-66548Z,V0863
D1734,Rohan Sama,06760751621,rohansama@yahoo.com,1962-08-28,2021-01-27,M,W,Y,5IH 108,V1359
D1735,Jayesh Bath,08607680462,jayeshbath@gmail.com,1977-08-11,2021-02-08,M,W,Y,828 IYI,V1460
D1736,Aarav Kanda,+915240373854,aaravkanda@gmail.com,1973-01-29,2021-08-04,M,W,Y,I21-71R,V1632
D1737,Nirvaan Suresh,00999079394,nirvaansuresh@yahoo.com,2000-04-26,2021-12-12,M,L,Y,807UY,V1144
D1738,Sahil Edwin,04130299864,sahiledwin@gmail.com,1975-01-20,2021-02-19,M,W,N,5D EM039,V1053
D1739,Nitya Mane,03350780271,nityamane@gmail.com,1990-11-13,2021-05-23,M,W,Y,6AOM 85,V0880
D1740,Raghav Raman,+918644956710,raghavraman@yahoo.com,1993-08-05,2021-05-13,M,W,N,SOH2568,V1417
D1741,Charvi Vasa,02533238096,charvivasa@gmail.com,1983-10-05,2021-01-23,M,W,N,BFR-4555,V1096
D1742,Seher Sandhu,+916661684446,sehersandhu@yahoo.com,1962-09-30,2021-12-16,M,W,N,340 UCL,V1354
D1743,Hazel Dhar,06020173322,hazeldhar@yahoo.com,1999-01-08,2021-08-23,M,W,N,MQV-163,V0978
D1744,Oorja Kunda,+919492504770,oorjakunda@yahoo.com,1963-05-04,2021-09-25,M,W,N,5X ZG644,V1636
D1745,Yashvi Bora,8332396581,yashvibora@yahoo.com,1987-03-24,2021-01-18,F,W,Y,IRC-5723,V1430
D1746,Bhamini Atwal,+916345657000,bhaminiatwal@gmail.com,1970-12-31,2021-03-11,M,W,N,096-FUD,V1664
D1747,Heer Solanki,01019825248,heersolanki@yahoo.com,1969-11-26,2021-05-25,M,W,Y,GDH 982,V1337
D1748,Vidur Krishna,+919639163020,vidurkrishna@gmail.com,1994-08-26,2021-09-10,M,L,Y,9166 RZ,V1413
D1749,Drishya Uppal,+913261244268,drishyauppal@gmail.com,1999-12-30,2021-06-21,F,W,N,HHN6482,V1448
D1750,Zoya Vaidya,04702070729,zoyavaidya@yahoo.com,1998-09-24,2021-05-18,M,L,N,677 3803,V1472
