d_id,d_name,d_ph_N,d_email,d_dob,d_doj,d_gender,d_status,joined_with_referral,d_license_N,d_v_id
D0001,Samiha Khalsa,01511638759,samihakhalsa@yahoo.com,1986-05-21,2020-04-17,M,W,N,8QR B51,V0746
D0002,Veer Thakur,07727719389,veerthakur@gmail.com,1969-12-21,2020-08-12,M,L,Y,8865 LO,V0308
D0003,Aarna Saxena,00830603255,aarnasaxena@gmail.com,1962-12-14,2020-05-18,M,W,Y,170-NIVL,V0668
D0004,Lakshit Grover,+910770172464,lakshitgrover@gmail.com,1990-07-05,2020-01-27,M,W,N,12J 7668,V0135
D0005,Alia Kurian,2174910452,aliakurian@yahoo.com,1969-05-16,2020-11-10,M,W,N,0257 YU,V0743
D0006,Jivin Kunda,0650979683,jivinkunda@gmail.com,1985-02-26,2020-11-16,M,W,N,S65 2KB,V0416
D0007,Raunak Dey,03670799381,raunakdey@gmail.com,1976-09-10,2020-05-13,F,W,Y,0XR 179,V0334
D0008,Kiara Sawhney,+918544743441,kiarasawhney@gmail.com,1985-08-20,2020-01-09,M,W,N,335 RO6,V0572
D0009,Aradhya Maharaj,0654930056,aradhyamaharaj@yahoo.com,1966-04-10,2020-04-22,F,W,N,4R 9X8XHR,V0062
D0010,Anika Srinivas,+919602312840,anikasrinivas@yahoo.com,1995-07-03,2020-02-18,M,W,Y,Y02 7LR,V0522
D0011,Inaaya  Brahmbhatt,06064260669,inaayabrahmbhatt@yahoo.com,2005-04-15,2020-07-09,M,W,Y,822-501,V0213
D0012,Biju Tak,8550547357,bijutak@yahoo.com,1978-04-17,2020-07-06,M,W,Y,3D 6X5HIX,V0642
D0013,Hridaan Deol,8776202559,hridaandeol@yahoo.com,1984-02-19,2020-07-25,F,W,Y,0C 20635,V0434
D0014,Mohanlal Bansal,3713109230,mohanlalbansal@yahoo.com,1975-03-28,2020-05-16,M,W,Y,25-Y542,V0474
D0015,Piya Master,04546253030,piyamaster@gmail.com,1992-01-04,2020-11-29,M,W,Y,SWW 308,V0695
D0016,Aaina Varghese,00520909735,aainavarghese@gmail.com,1995-10-03,2020-01-21,F,W,N,NIK-2919,V0587
D0017,Vidur Hari,0876925205,vidurhari@yahoo.com,1985-03-23,2020-04-20,M,W,N,39L B93,V0483
D0018,Yasmin Dewan,9003271535,yasmindewan@yahoo.com,1970-10-09,2020-01-23,F,L,Y,2DM0799,V0633
D0019,Jivika Bala,06605914967,jivikabala@yahoo.com,1993-12-17,2020-05-09,F,L,Y,473-AQB,V0839
D0020,Madhup Cheema,05174655920,madhupcheema@gmail.com,2003-07-13,2020-02-08,M,L,N,YG9 5513,V0369
D0021,Shalv Brar,+910390122815,shalvbrar@gmail.com,1967-10-24,2020-06-26,F,L,N,91P•017,V0767
D0022,Jayant Issac,7578021604,jayantissac@gmail.com,1966-07-08,2020-03-04,F,W,N,NV6 4792,V0427
D0023,Ojas Divan,01748020912,ojasdivan@yahoo.com,1972-04-12,2020-04-06,F,L,Y,133303,V0314
D0024,Zain Trivedi,02915491243,zaintrivedi@yahoo.com,1974-02-04,2020-06-09,M,W,N,02A XC7,V0268
D0025,Ayesha Shetty,8453178614,ayeshashetty@yahoo.com,1999-08-11,2020-04-26,M,L,Y,SWD 569,V0685
D0026,Saanvi Sastry,05472931646,saanvisastry@gmail.com,1963-06-16,2020-03-30,M,W,N,743 KHO,V0619
D0027,Madhup Devi,+919901757167,madhupdevi@yahoo.com,1995-05-30,2020-02-03,F,L,N,970G,V0129
D0028,Darshit Gour,+919622341966,darshitgour@gmail.com,1982-10-18,2020-08-31,M,W,Y,682HMQ,V0537
D0029,Miraan Venkatesh,+914476911557,miraanvenkatesh@gmail.com,1996-03-05,2020-10-31,M,L,Y,3874,V0295
D0030,Raunak Chaudry,+918366742282,raunakchaudry@gmail.com,2002-06-05,2020-05-08,M,W,Y,2QN G67,V0805
D0031,Nayantara Thaker,07502465870,nayantarathaker@gmail.com,1984-01-17,2020-12-17,F,W,N,GML 906,V0037
D0032,Adah Sarraf,05206249233,adahsarraf@gmail.com,2003-10-20,2020-02-01,M,W,N,8NE0533,V0351
D0033,Mehul Loke,01632019590,mehulloke@gmail.com,1968-12-05,2020-11-05,M,W,Y,0-87426E,V0528
D0034,Aarav Goel,09985758502,aaravgoel@yahoo.com,1997-07-16,2020-07-01,M,W,Y,037 QTK,V0150
D0035,Kavya Mall,6756514509,kavyamall@gmail.com,1989-11-02,2020-01-17,F,W,Y,XWG V08,V0656
D0036,Stuvan Sura,7942706105,stuvansura@yahoo.com,1980-07-07,2020-10-30,M,L,N,2UHH 07,V0171
D0037,Alia Chander,4573872463,aliachander@gmail.com,1998-07-23,2020-10-03,M,W,Y,10-93115,V0538
D0038,Arhaan Kulkarni,+919877726532,arhaankulkarni@gmail.com,1976-05-19,2020-11-01,M,W,Y,972 RTJ,V0147
D0039,Farhan Wali,6108289105,farhanwali@gmail.com,1973-10-13,2020-07-28,M,W,N,338-UQO,V0554
D0040,Dishani Mallick,+916916201989,dishanimallick@gmail.com,2003-02-03,2020-09-03,M,W,Y,HSI 287,V0703
D0041,Navya Kibe,+912110111952,navyakibe@yahoo.com,1964-02-06,2020-11-11,M,W,N,084 ECE,V0592
D0042,Khushi Varma,1876963871,khushivarma@yahoo.com,1978-04-28,2020-12-18,M,W,N,1PX 277,V0054
D0043,Kimaya Salvi,02209118276,kimayasalvi@gmail.com,1966-05-29,2020-03-13,M,W,N,089LSQ,V0761
D0044,Kaira Chowdhury,+913188144940,kairachowdhury@gmail.com,1996-01-04,2020-05-31,M,W,Y,CPH 017,V0315
D0045,Bhamini Devan,+916749354682,bhaminidevan@gmail.com,1985-02-18,2020-01-11,M,W,N,TG9 0006,V0339
D0046,Fateh Golla,+914492595070,fatehgolla@yahoo.com,1967-06-28,2020-08-01,M,W,Y,4D746,V0165
D0047,Alia Baria,+919167258946,aliabaria@yahoo.com,1992-02-04,2020-09-08,M,L,N,N40 9NU,V0738
D0048,Manikya Rama,09136161088,manikyarama@yahoo.com,1989-06-07,2020-11-29,M,W,N,KGB 805,V0214
D0049,Hiran Gola,+912823630318,hirangola@yahoo.com,1963-05-20,2020-05-29,F,L,N,837-ABU,V0529
D0050,Reyansh Ramanathan,04932758507,reyanshramanathan@gmail.com,1962-09-23,2020-11-17,F,W,N,055 YDS,V0603
D0051,Ryan Rao,+913458297614,ryanrao@gmail.com,2004-09-30,2020-08-27,M,W,Y,12H S09,V0682
D0052,Tejas Rajagopal,7335614704,tejasrajagopal@gmail.com,1962-08-24,2020-05-18,F,W,N,Z40 7TU,V0784
D0053,Hansh Kala,07979665807,hanshkala@gmail.com,1988-07-15,2020-09-17,M,W,Y,0B 3112W,V0022
D0054,Onkar Dubey,0410233759,onkardubey@gmail.com,1985-03-17,2020-08-09,M,W,Y,23A 0602,V0405
D0055,Anahita Bedi,+918043252404,anahitabedi@yahoo.com,1980-02-24,2020-12-10,M,W,Y,5071 KO,V0459
D0056,Mishti Basu,+914222061423,mishtibasu@gmail.com,1973-10-07,2020-06-10,M,W,N,X99 8KE,V0849
D0057,Ahana  Garde,02875781185,ahanagarde@gmail.com,1987-08-10,2020-04-05,M,W,N,4YF 674,V0424
D0058,Anya Sankaran,+913859900321,anyasankaran@gmail.com,1998-01-16,2020-02-22,M,W,N,U10 9PI,V0088
D0059,Nishith Doctor,03763848913,nishithdoctor@gmail.com,1986-08-15,2020-12-31,M,W,Y,89SD597,V0742
D0060,Stuvan Korpal,6076799327,stuvankorpal@yahoo.com,2002-11-24,2020-05-27,M,L,Y,423 AUD,V0659
D0061,Samar Badal,+911502924240,samarbadal@gmail.com,1970-08-30,2020-03-23,F,W,N,5-04182,V0680
D0062,Suhana Grover,9896236125,suhanagrover@gmail.com,1977-07-20,2020-08-31,M,W,Y,KHT 515,V0408
D0063,Jivika Sahni,+912608106978,jivikasahni@yahoo.com,1971-01-30,2020-05-06,F,W,Y,HXA V17,V0246
D0064,Mahika Rajagopalan,4426579275,mahikarajagopalan@gmail.com,1996-03-24,2020-10-10,M,W,Y,51N 4371,V0274
D0065,Gatik Mall,+913525957248,gatikmall@yahoo.com,2003-11-22,2020-02-11,M,L,N,98EJ6,V0120
D0066,Mishti Batta,+913712260001,mishtibatta@gmail.com,1998-03-31,2020-08-21,M,W,Y,DQM-558,V0758
D0067,Nayantara Comar,07297960471,nayantaracomar@yahoo.com,2004-03-19,2020-05-10,F,W,Y,4ZI4117,V0728
D0068,Ivan Bains,1080879077,ivanbains@gmail.com,1983-07-29,2020-03-31,M,W,N,477-VGE,V0634
D0069,Sara Mahajan,05310549679,saramahajan@gmail.com,1972-11-19,2020-08-09,F,L,N,9UAQ171,V0173
D0070,Amira Dugar,03942115663,amiradugar@gmail.com,1981-03-03,2020-01-26,M,W,N,417 QCC,V0196
D0071,Nirvi Amble,2197194321,nirviamble@gmail.com,1985-01-18,2020-02-14,M,W,Y,WGE-931,V0616
D0072,Priyansh Dhingra,09320505184,priyanshdhingra@gmail.com,1974-05-11,2020-07-01,F,W,N,49N•520,V0484
D0073,Tara Shanker,03971011284,tarashanker@gmail.com,1974-01-01,2020-10-12,M,W,Y,175 SHF,V0510
D0074,Damini Goyal,0943669276,daminigoyal@yahoo.com,1972-03-03,2020-11-17,F,W,Y,4E U3725,V0262
D0075,Pranay Bhargava,05142203745,pranaybhargava@gmail.com,2003-07-21,2020-05-02,F,W,Y,351 RLR,V0009
D0076,Manjari Salvi,9626077462,manjarisalvi@yahoo.com,1972-09-20,2020-08-31,M,W,N,4263,V0320
D0077,Bhamini Iyengar,9637735474,bhaminiiyengar@yahoo.com,1976-02-22,2020-05-31,M,W,N,54-68992,V0399
D0078,Jayesh Atwal,03644852903,jayeshatwal@yahoo.com,1980-11-24,2020-03-14,M,W,Y,OBC-579,V0757
D0079,Alisha Garde,00730699543,alishagarde@gmail.com,1981-04-24,2020-04-02,M,W,N,5IH 901,V0565
D0080,Renee Kunda,+913888804211,reneekunda@gmail.com,1993-04-13,2020-04-29,F,W,N,72E K96,V0848
D0081,Aarav Varty,09050871036,aaravvarty@gmail.com,1964-09-24,2020-11-30,M,W,N,863321,V0665
D0082,Jivin Bath,2868135023,jivinbath@gmail.com,1965-02-10,2020-09-17,M,W,N,AIO 560,V0012
D0083,Shaan Shetty,2830036235,shaanshetty@yahoo.com,1982-08-20,2020-09-02,M,W,Y,S 065331,V0097
D0084,Ritvik Hora,03248740108,ritvikhora@yahoo.com,1975-11-20,2020-10-19,M,L,Y,B 443226,V0264
D0085,Parinaaz Goswami,04835942741,parinaazgoswami@yahoo.com,1987-01-31,2020-05-23,M,L,N,Q26 8IM,V0393
D0086,Lavanya Sunder,05124746054,lavanyasunder@yahoo.com,1989-02-22,2020-01-06,F,W,N,835-RANV,V0793
D0087,Yuvaan Rama,09525247221,yuvaanrama@yahoo.com,1971-03-24,2020-02-24,M,L,Y,5DJ7286,V0395
D0088,Dhanush Tiwari,0838498339,dhanushtiwari@yahoo.com,1965-01-20,2020-05-17,M,W,N,TAF 589,V0260
D0089,Zain Arora,+918755975091,zainarora@gmail.com,1982-03-16,2020-03-21,F,W,Y,127 1151,V0752
D0090,Akarsh Behl,+913828377375,akarshbehl@yahoo.com,1976-08-19,2020-06-17,M,L,N,GLA 980,V0244
D0091,Tejas Sood,+915720964814,tejassood@gmail.com,1994-12-13,2020-04-07,M,W,Y,P74 0UH,V0041
D0092,Fateh Grover,0050893204,fatehgrover@yahoo.com,1978-12-03,2020-02-01,M,W,Y,LTD-898,V0210
D0093,Vardaniya Swamy,2415535759,vardaniyaswamy@gmail.com,1983-09-25,2020-09-29,M,W,Y,K06-25L,V0192
D0094,Azad Kannan,01784731901,azadkannan@gmail.com,1999-06-01,2020-07-31,M,W,Y,LUD 363,V0733
D0095,Tanya Lad,+912883977637,tanyalad@yahoo.com,2003-09-06,2020-04-12,F,W,Y,JGF Y21,V0801
D0096,Shlok Balasubramanian,+917968715051,shlokbalasubramanian@yahoo.com,1969-01-09,2020-05-19,M,W,N,7G G4681,V0645
D0097,Rati Seth,+915191230688,ratiseth@gmail.com,1990-06-27,2020-06-15,M,W,Y,C77 3WS,V0442
D0098,Vivaan Rege,+918943372914,vivaanrege@yahoo.com,1964-04-18,2020-04-07,F,L,N,174-FMU,V0406
D0099,Tejas Bains,2831275159,tejasbains@gmail.com,1969-12-29,2020-01-11,M,W,N,22KE342,V0591
D0100,Vaibhav Seth,1131475959,vaibhavseth@yahoo.com,1971-03-12,2020-08-20,M,W,Y,598 FCG,V0748
D0101,Elakshi Chandran,9999062979,elakshichandran@gmail.com,2003-07-22,2020-07-02,M,W,N,4I X0739,V0756
D0102,Saksham Bhagat,02395422458,sakshambhagat@gmail.com,1991-08-18,2020-12-17,F,W,Y,WR 9901,V0435
D0103,Kartik Rana,6871759035,kartikrana@gmail.com,1996-02-07,2020-08-12,M,W,N,6-6913T,V0570
D0104,Madhav Salvi,03335283486,madhavsalvi@yahoo.com,1979-03-03,2020-10-31,F,L,Y,066-ETC,V0820
D0105,Nirvaan Soman,+916429245165,nirvaansoman@yahoo.com,1982-11-23,2020-01-19,M,W,N,67-14996,V0545
D0106,Mishti Kalla,+910394262218,mishtikalla@yahoo.com,1982-03-07,2020-12-12,F,W,Y,1-0037B,V0615
D0107,Ishita Sarin,05606236128,ishitasarin@gmail.com,1991-01-18,2020-07-24,M,W,Y,SIY 377,V0067
D0108,Eshani Bassi,+918113033506,eshanibassi@gmail.com,1989-09-05,2020-07-30,M,L,Y,LVV-5135,V0327
D0109,Parinaaz Dugar,8835430744,parinaazdugar@yahoo.com,1998-04-21,2020-04-01,M,W,Y,LYR 268,V0364
D0110,Kashvi Gupta,+916752191463,kashvigupta@gmail.com,1996-08-29,2020-01-23,M,W,N,59-MI94,V0148
D0111,Arhaan Sarkar,+914590837163,arhaansarkar@gmail.com,1970-03-14,2020-05-09,F,W,N,TKZ 564,V0507
D0112,Veer Ganesan,+913697022941,veerganesan@gmail.com,1987-12-14,2020-11-14,M,W,Y,0-N6875,V0318
D0113,Himmat Kurian,03927493491,himmatkurian@yahoo.com,1979-07-08,2020-11-18,M,W,N,XYB-111,V0383
D0114,Devansh Khalsa,+915835752955,devanshkhalsa@yahoo.com,1995-12-28,2020-01-20,M,W,N,PSU 519,V0723
D0115,Zara Bhargava,+917675747932,zarabhargava@gmail.com,1976-10-05,2020-07-19,M,W,N,49-2451W,V0023
D0116,Divyansh Basak,+918812610818,divyanshbasak@gmail.com,1987-04-16,2020-12-20,M,W,N,PG 0730,V0629
D0117,Faiyaz Sandhu,3137858304,faiyazsandhu@yahoo.com,1968-01-12,2020-05-01,M,W,Y,938 UOZ,V0218
D0118,Suhana Yadav,+911481943220,suhanayadav@gmail.com,2004-03-20,2020-11-08,M,W,N,AHL 166,V0699
D0119,Uthkarsh Bhasin,04925897491,uthkarshbhasin@gmail.com,1998-04-18,2020-10-28,M,W,Y,U13 4SI,V0081
D0120,Diya Agate,01066203724,diyaagate@gmail.com,1984-09-11,2020-08-18,F,W,N,3T SJ167,V0099
D0121,Adira Halder,+914283808083,adirahalder@yahoo.com,1982-09-05,2020-07-04,F,W,N,556 QHY,V0237
D0122,Vihaan Yohannan,+919869067282,vihaanyohannan@yahoo.com,1982-12-16,2020-06-18,M,W,N,575-NFX,V0804
D0123,Navya Tak,2793292650,navyatak@yahoo.com,1980-09-30,2020-05-04,M,W,Y,HBL-288,V0331
D0124,Eshani Kade,00599081439,eshanikade@yahoo.com,1975-07-12,2020-11-12,F,L,Y,668-KCL,V0386
D0125,Tejas Gopal,+916896308283,tejasgopal@gmail.com,1998-11-25,2020-12-08,M,W,N,84N Y11,V0138
D0126,Ritvik Sanghvi,0689037458,ritviksanghvi@gmail.com,1969-04-04,2020-10-17,M,L,N,F41-44H,V0160
D0127,Pranay Srinivas,+917786621033,pranaysrinivas@yahoo.com,1981-05-12,2020-12-28,M,W,N,875-EKWZ,V0110
D0128,Ira Dey,04796678496,iradey@gmail.com,1964-02-07,2020-07-30,M,W,N,7DZ T04,V0296
D0129,Kiara De,2769039486,kiarade@gmail.com,1972-10-25,2020-03-17,M,W,N,EPO K63,V0802
D0130,Aniruddh Srinivas,6505080394,aniruddhsrinivas@gmail.com,2003-02-10,2020-06-03,M,W,N,HO 0853,V0332
D0131,Mehul Bhardwaj,+912182755505,mehulbhardwaj@gmail.com,2001-02-10,2020-02-19,M,W,N,430ZYO,V0771
D0132,Mehul Batra,5119042295,mehulbatra@gmail.com,1988-07-06,2020-04-26,M,W,Y,402T9,V0725
D0133,Miraan Ganesh,+910777577207,miraanganesh@yahoo.com,1975-02-15,2020-02-17,M,W,Y,593 FFZ,V0056
D0134,Diya Chander,02924019389,diyachander@gmail.com,1970-01-05,2020-05-14,M,W,Y,9DS98,V0299
D0135,Khushi Aggarwal,4677083056,khushiaggarwal@gmail.com,2004-04-21,2020-12-13,M,W,N,846259,V0782
D0136,Farhan Ratti,00518465662,farhanratti@gmail.com,1965-02-19,2020-03-02,M,W,Y,740 JWI,V0188
D0137,Aaryahi Jhaveri,2937150846,aaryahijhaveri@gmail.com,1982-02-20,2020-05-18,M,W,Y,81-MD05,V0184
D0138,Shaan Sani,+919710791491,shaansani@gmail.com,1965-07-13,2020-01-13,M,W,N,614Y,V0449
D0139,Aarav Rajagopal,0599620950,aaravrajagopal@gmail.com,1974-08-18,2020-09-02,M,W,Y,EFT9010,V0250
D0140,Nirvi Dora,+911455805190,nirvidora@gmail.com,1972-07-08,2020-01-17,M,W,N,72-ZS20,V0131
D0141,Saksham Manne,00374346414,sakshammanne@yahoo.com,1991-03-23,2020-07-16,M,L,Y,8B077,V0438
D0142,Divij Bansal,1821331917,divijbansal@yahoo.com,1976-08-11,2020-03-19,M,W,N,910 WXY,V0607
D0143,Arhaan Mand,09061488995,arhaanmand@yahoo.com,1995-09-28,2020-10-23,M,W,N,792 FZT,V0577
D0144,Shlok Subramaniam,01212243698,shloksubramaniam@gmail.com,2000-07-29,2020-01-27,M,W,Y,YZO-7592,V0648
D0145,Adah Edwin,09513158841,adahedwin@gmail.com,1976-08-23,2020-01-03,F,W,N,3JY02,V0307
D0146,Madhav Hayer,8346368269,madhavhayer@yahoo.com,1994-10-21,2020-08-06,M,W,Y,425-DSS,V0588
D0147,Urvi Trivedi,5724360480,urvitrivedi@yahoo.com,1964-04-11,2020-11-30,F,W,Y,MYW 9811,V0578
D0148,Fateh Sani,04234451080,fatehsani@gmail.com,1995-09-09,2020-10-19,M,W,Y,AX-2378,V0489
D0149,Yasmin Dada,03448490608,yasmindada@gmail.com,2004-12-12,2020-08-17,M,W,N,3-Q3372,V0293
D0150,Navya Lanka,+915403121986,navyalanka@yahoo.com,2003-11-09,2020-09-06,M,L,N,118J,V0342
D0151,Ira Rao,07191570570,irarao@gmail.com,1981-04-03,2020-06-08,M,W,Y,OZN-7197,V0555
D0152,Divij Jain,00011746184,divijjain@yahoo.com,2000-07-04,2020-10-19,M,L,N,HVB 961,V0747
D0153,Khushi Thakur,7902937331,khushithakur@gmail.com,1992-03-01,2020-06-27,M,L,N,KIZ 989,V0079
D0154,Seher Chowdhury,8328477497,seherchowdhury@yahoo.com,1988-04-02,2020-10-01,F,W,Y,767 BKG,V0595
D0155,Onkar Manne,9129155396,onkarmanne@gmail.com,1969-06-20,2020-03-14,F,W,Y,Z59 5BR,V0571
D0156,Pari Shere,03499016547,parishere@yahoo.com,1971-07-09,2020-10-14,F,W,Y,324-QQFY,V0835
D0157,Kaira Anne,+912026152961,kairaanne@gmail.com,2004-03-11,2020-11-28,M,W,N,BND-654,V0064
D0158,Ira Kala,+910305323646,irakala@yahoo.com,1992-03-16,2020-02-12,M,L,N,5FMK502,V0370
D0159,Priyansh Wagle,0552836020,priyanshwagle@yahoo.com,1994-08-03,2020-09-27,M,L,Y,0WAR 54,V0391
D0160,Nirvi Walla,0968841805,nirviwalla@yahoo.com,1984-04-13,2020-11-19,M,W,Y,990 AEG,V0454
D0161,Parinaaz Kumar,5742996670,parinaazkumar@yahoo.com,1995-08-16,2020-07-04,M,W,Y,1K LS544,V0270
D0162,Priyansh Comar,05611233283,priyanshcomar@gmail.com,1983-08-24,2020-11-27,M,W,Y,DV3 2737,V0238
D0163,Jayesh Hora,7106776108,jayeshhora@yahoo.com,1965-05-05,2020-12-07,M,W,Y,W34-38K,V0622
D0164,Nirvi D’Alia,+911316866126,nirvid’alia@gmail.com,1983-05-02,2020-05-06,M,W,N,GMY-5161,V0051
D0165,Akarsh Bhalla,+913985706905,akarshbhalla@gmail.com,1976-01-02,2020-02-08,M,W,Y,WUJ5444,V0785
D0166,Arnav Grover,+917624084923,arnavgrover@yahoo.com,1986-01-02,2020-09-11,M,W,N,9Q 14801,V0482
D0167,Azad Raj,+915622508783,azadraj@yahoo.com,1972-06-02,2020-02-27,M,W,N,0F Z8330,V0468
D0168,Kavya Ghosh,+916283479188,kavyaghosh@gmail.com,1985-09-16,2020-06-10,F,L,N,4-27998I,V0267
D0169,Kiaan Talwar,02788331834,kiaantalwar@yahoo.com,1996-09-17,2020-06-09,M,W,N,9J 91549,V0684
D0170,Dishani Tella,8941909874,dishanitella@yahoo.com,1981-01-05,2020-10-02,M,W,Y,LG 56511,V0272
D0171,Zeeshan Kunda,+910206110695,zeeshankunda@yahoo.com,1975-01-05,2020-05-03,M,W,N,629Y4,V0004
D0172,Urvi Datta,+916653219901,urvidatta@gmail.com,1992-09-16,2020-01-13,M,W,Y,955-HQB,V0568
D0173,Yasmin Sem,00445131390,yasminsem@yahoo.com,1982-07-15,2020-05-08,F,W,Y,3IS3002,V0042
D0174,Samarth Aurora,8310631823,samarthaurora@yahoo.com,2002-12-19,2020-08-03,M,W,Y,555 FNY,V0179
D0175,Onkar Rattan,+912754517663,onkarrattan@gmail.com,1962-07-25,2020-09-11,F,W,Y,ZRW 398,V0828
D0176,Baiju Bhatia,07997116326,baijubhatia@gmail.com,1997-08-21,2020-12-20,M,W,Y,ETP 786,V0100
D0177,Diya Kaur,+917164934253,diyakaur@yahoo.com,1983-01-27,2020-07-30,M,W,Y,BLD 812,V0011
D0178,Yuvaan Contractor,5429335663,yuvaancontractor@yahoo.com,1986-09-03,2020-10-27,M,W,Y,9IT R00,V0091
D0179,Hansh Solanki,00981457377,hanshsolanki@yahoo.com,1969-08-19,2020-01-04,M,L,N,95-5278N,V0751
D0180,Baiju Vohra,+913304357582,baijuvohra@gmail.com,1982-06-18,2020-02-08,F,W,Y,293-DSF,V0419
D0181,Samarth Randhawa,+916276079196,samarthrandhawa@yahoo.com,1965-08-03,2020-08-17,F,W,Y,3-G1580,V0373
D0182,Kiara Bahl,2152580198,kiarabahl@yahoo.com,1963-12-24,2020-02-06,M,W,Y,4QU H16,V0291
D0183,Advika Kibe,09438858853,advikakibe@gmail.com,1975-09-24,2020-02-16,M,L,Y,GPB-925,V0813
D0184,Baiju Tata,1430674494,baijutata@gmail.com,1999-10-29,2020-05-02,M,W,N,586 4PQ,V0055
D0185,Kabir Suresh,06238907565,kabirsuresh@gmail.com,1988-06-11,2020-07-08,F,L,N,892 GV8,V0618
D0186,Shanaya Randhawa,+916525639556,shanayarandhawa@yahoo.com,1980-07-21,2020-07-15,M,L,Y,3SV W44,V0500
D0187,Myra Johal,08555477136,myrajohal@yahoo.com,1965-02-06,2020-09-08,F,L,Y,43-S896,V0372
D0188,Lakshay Doshi,8156084186,lakshaydoshi@yahoo.com,1996-02-09,2020-03-07,M,W,Y,QKP 951,V0020
D0189,Dharmajan Bhalla,1546788956,dharmajanbhalla@gmail.com,2000-10-07,2020-09-10,M,W,N,4MVM900,V0601
D0190,Reyansh Bora,1245088540,reyanshbora@yahoo.com,1996-10-23,2020-02-06,M,L,Y,116QOH,V0548
D0191,Aaryahi Bhavsar,+910865830305,aaryahibhavsar@yahoo.com,1972-06-25,2020-11-02,M,W,Y,JKY 317,V0448
D0192,Shray Dalal,9658747984,shraydalal@yahoo.com,1999-09-01,2020-11-27,M,W,Y,186 1275,V0630
D0193,Jivin Hari,+912355039747,jivinhari@yahoo.com,1997-10-27,2020-08-11,F,W,Y,MRK-7270,V0284
D0194,Himmat Khatri,+915173685586,himmatkhatri@gmail.com,1969-01-06,2020-04-12,M,W,N,DUF1874,V0278
D0195,Myra Dhingra,00970502367,myradhingra@gmail.com,1971-07-03,2020-10-21,F,W,N,1O123,V0850
D0196,Saanvi Sathe,+910692866458,saanvisathe@yahoo.com,1974-04-03,2020-12-05,M,W,Y,9DA 465,V0223
D0197,Ayesha Krish,+913321866156,ayeshakrish@yahoo.com,1980-08-02,2020-06-13,M,L,Y,586-100,V0686
D0198,Divit Raja,5546041499,divitraja@yahoo.com,1986-05-30,2020-08-07,F,W,N,JWU-097,V0551
D0199,Hiran Hans,+913671010031,hiranhans@yahoo.com,1977-05-13,2020-10-19,M,L,Y,226 FZ4,V0706
D0200,Adira Suresh,+910145806916,adirasuresh@yahoo.com,1969-11-20,2020-03-10,F,W,N,RP8 5106,V0836
D0201,Lakshit Singh,+914039961856,lakshitsingh@gmail.com,1975-03-13,2020-04-03,M,L,Y,618 NUU,V0440
D0202,Nitara Randhawa,+912526630153,nitararandhawa@yahoo.com,1979-12-30,2020-04-27,M,W,N,297 SOU,V0596
D0203,Darshit Joshi,03634787874,darshitjoshi@gmail.com,1968-10-09,2020-08-16,F,W,Y,916 ZAQ,V0109
D0204,Ishaan Barad,+914418773131,ishaanbarad@gmail.com,1996-08-12,2020-06-26,M,W,N,IOX 757,V0059
D0205,Yuvaan Sem,04737494052,yuvaansem@yahoo.com,2002-02-11,2020-01-30,M,W,Y,NUL-2537,V0517
D0206,Tanya Divan,1903876438,tanyadivan@gmail.com,1967-12-14,2020-05-22,M,W,N,9A033,V0306
D0207,Shlok Shroff,+918833889554,shlokshroff@gmail.com,2004-07-23,2020-07-11,M,W,N,68-4518D,V0026
D0208,Zara Shah,0358992622,zarashah@gmail.com,1973-12-21,2020-05-06,M,W,N,759 JZF,V0142
D0209,Darshit Bhardwaj,8443881086,darshitbhardwaj@yahoo.com,1987-07-03,2020-10-29,M,L,N,27E 9246,V0355
D0210,Prisha Rama,+912958487017,prisharama@gmail.com,2004-12-22,2020-04-25,M,W,N,RPQ6302,V0049
D0211,Rasha Kakar,3514686214,rashakakar@yahoo.com,1968-03-16,2020-11-14,M,W,Y,7JK58,V0333
D0212,Ivana Iyengar,04511936259,ivanaiyengar@yahoo.com,1964-12-14,2020-10-15,M,W,Y,48V 4668,V0336
D0213,Taran Bains,03141784843,taranbains@gmail.com,1963-08-04,2020-07-01,M,W,Y,758 BXG,V0234
D0214,Rohan Chakrabarti,+918435716942,rohanchakrabarti@gmail.com,1972-05-30,2020-02-07,M,W,Y,FHA 742,V0178
D0215,Yuvaan Guha,4931719023,yuvaanguha@yahoo.com,1985-04-19,2020-09-26,M,W,N,315 PZB,V0014
D0216,Heer Deo,05097013526,heerdeo@yahoo.com,1990-01-25,2020-08-10,M,W,Y,254S,V0390
D0217,Khushi Bajwa,00276541772,khushibajwa@yahoo.com,2003-12-12,2020-02-12,M,L,N,8-B6546,V0749
D0218,Onkar Kant,06726653032,onkarkant@gmail.com,1967-03-27,2020-08-19,M,W,Y,3U 0392U,V0368
D0219,Hridaan Chokshi,05652158277,hridaanchokshi@yahoo.com,1964-12-10,2020-10-19,M,L,N,58B HP9,V0010
D0220,Neysa Choudhry,2273480030,neysachoudhry@gmail.com,1991-07-07,2020-07-09,M,L,Y,3-04680M,V0145
D0221,Baiju Chandran,5510474039,baijuchandran@gmail.com,1971-02-18,2020-05-20,F,W,Y,5BM4046,V0769
D0222,Zara Golla,3414778950,zaragolla@yahoo.com,1978-12-19,2020-09-16,M,W,N,KVG 574,V0134
D0223,Baiju Venkataraman,02224771243,baijuvenkataraman@gmail.com,1998-09-16,2020-01-12,M,W,Y,9NI Y97,V0563
D0224,Abram Bahri,03472265069,abrambahri@gmail.com,1973-04-27,2020-10-26,M,W,N,0-73790,V0186
D0225,Sana Thakur,9922767390,sanathakur@gmail.com,1966-02-15,2020-05-24,M,L,Y,JRU-9359,V0814
D0226,Pranay Batta,2980042342,pranaybatta@yahoo.com,1974-01-21,2020-07-07,M,W,Y,9EK 592,V0599
D0227,Biju Buch,3522726579,bijubuch@yahoo.com,2002-06-09,2020-01-13,M,W,Y,808-BFL,V0705
D0228,Vardaniya Loyal,8457453996,vardaniyaloyal@yahoo.com,1969-05-22,2020-04-06,M,W,N,221 IJ0,V0018
D0229,Taimur Dugar,+910962380558,taimurdugar@gmail.com,1979-06-15,2020-05-03,M,L,N,272 DQP,V0102
D0230,Tarini Balasubramanian,00826762287,tarinibalasubramanian@yahoo.com,2000-01-24,2020-02-27,M,W,Y,5BB7359,V0303
D0231,Trisha Dalal,9478019967,trishadalal@gmail.com,1989-12-04,2020-01-02,F,W,N,P59 2ZQ,V0289
D0232,Himmat Sethi,+912854181488,himmatsethi@gmail.com,1966-08-11,2020-11-21,M,W,Y,302DSX,V0162
D0233,Misha Grewal,0131995828,mishagrewal@gmail.com,2002-09-26,2020-06-27,F,L,N,LGX 935,V0585
D0234,Jivin Badami,00867249949,jivinbadami@yahoo.com,1963-07-26,2020-08-30,M,W,Y,SGK 066,V0354
D0235,Ela Srinivasan,06367170219,elasrinivasan@yahoo.com,1973-04-20,2020-07-20,M,W,Y,8009,V0227
D0236,Ahana  Baria,+914688902935,ahanabaria@yahoo.com,1972-10-08,2020-06-06,M,W,N,W20 5CG,V0632
D0237,Divyansh Lal,02136614172,divyanshlal@yahoo.com,1999-04-23,2020-05-16,M,W,Y,748-337,V0727
D0238,Krish Badami,0744552596,krishbadami@yahoo.com,1964-10-04,2020-01-02,M,W,Y,5995,V0581
D0239,Adira Deshmukh,07072799931,adiradeshmukh@yahoo.com,1982-11-20,2020-10-27,F,L,Y,118 KUB,V0313
D0240,Drishya Dash,4067942018,drishyadash@gmail.com,1972-09-14,2020-02-08,M,W,N,QZQ 403,V0411
D0241,Misha Zachariah,+914687515367,mishazachariah@gmail.com,1988-06-05,2020-10-25,M,W,Y,QUM9233,V0065
D0242,Tara Sachdeva,+917147396189,tarasachdeva@gmail.com,1971-04-05,2020-01-03,M,L,Y,8FU Z89,V0521
D0243,Zara Kumar,06565984779,zarakumar@yahoo.com,1971-07-18,2020-03-25,M,W,Y,6Y 0Z4PJO,V0432
D0244,Badal Seshadri,+914595488404,badalseshadri@yahoo.com,1977-04-18,2020-05-25,M,W,N,907-OZJ,V0017
D0245,Hiran Kota,09433956307,hirankota@yahoo.com,1976-06-04,2020-02-22,F,W,Y,70-58185,V0678
D0246,Damini Bora,+915750111683,daminibora@yahoo.com,1998-11-14,2020-11-10,M,W,Y,IZX 0240,V0729
D0247,Kiara Bhat,03855361679,kiarabhat@yahoo.com,2000-03-03,2020-07-04,M,W,Y,YKS 105,V0467
D0248,Kanav Babu,2793680163,kanavbabu@yahoo.com,1998-09-20,2020-10-01,M,W,Y,074 TDO,V0847
D0249,Indrans Seshadri,+914335868284,indransseshadri@gmail.com,1993-11-13,2020-01-05,M,W,N,AWI 866,V0791
D0250,Shayak Hegde,08540559353,shayakhegde@yahoo.com,1973-12-22,2020-04-02,M,L,N,039 GEJ,V0132
D0251,Anay Bobal,02526434246,anaybobal@gmail.com,1962-11-10,2020-02-23,M,L,N,KXY 495,V0348
D0252,Hridaan Ratta,+913034600810,hridaanratta@yahoo.com,1985-05-11,2020-01-30,M,W,N,5-49021Y,V0226
D0253,Diya Master,+916000690982,diyamaster@gmail.com,1964-09-03,2020-09-05,F,W,Y,0-7556Z,V0544
D0254,Yakshit Swaminathan,+918399440603,yakshitswaminathan@yahoo.com,1976-11-27,2020-03-07,F,W,N,3-14892E,V0627
D0255,Lavanya Badami,0247127243,lavanyabadami@gmail.com,1969-04-05,2020-09-28,M,W,N,VJC-1212,V0189
D0256,Divij Datta,2267865467,divijdatta@yahoo.com,1996-03-08,2020-04-21,M,W,Y,W40-91I,V0389
D0257,Zeeshan Gill,+917385626782,zeeshangill@yahoo.com,1978-04-04,2020-05-24,M,W,Y,099 XS7,V0488
D0258,Shayak Kumar,0409650262,shayakkumar@yahoo.com,1966-02-21,2020-01-07,M,W,Y,SWW 440,V0649
D0259,Miraan Barad,5899063935,miraanbarad@gmail.com,2003-12-15,2020-10-30,F,W,N,979 NED,V0052
D0260,Fateh Sarin,+917631393979,fatehsarin@yahoo.com,1973-12-07,2020-04-14,M,L,Y,181 TEP,V0298
D0261,Tushar Raja,4664226432,tusharraja@yahoo.com,1971-12-31,2020-09-23,M,W,N,438POQ,V0831
D0262,Raunak Rattan,0813003049,raunakrattan@yahoo.com,1977-10-27,2020-09-01,M,L,N,XYZ 496,V0180
D0263,Kismat Bose,02224584135,kismatbose@yahoo.com,1981-09-05,2020-07-03,M,W,N,2234 RU,V0698
D0264,Diya Bansal,7588831881,diyabansal@gmail.com,1991-03-31,2020-06-02,M,W,N,8GV Y12,V0159
D0265,Onkar Raval,4933158965,onkarraval@yahoo.com,1966-08-20,2020-02-23,M,W,Y,LKZ-121,V0124
D0266,Ishaan Gill,06702397825,ishaangill@gmail.com,1986-06-19,2020-05-31,M,W,Y,67IE9,V0396
D0267,Mamooty Bera,3455104921,mamootybera@gmail.com,1985-10-06,2020-04-21,F,W,N,JVU1694,V0136
D0268,Aaina Balakrishnan,9868014149,aainabalakrishnan@yahoo.com,1982-02-11,2020-12-09,F,W,Y,XCS F02,V0676
D0269,Indranil Tiwari,05252563234,indraniltiwari@gmail.com,1968-03-30,2020-04-09,M,W,N,75-L304,V0174
D0270,Jayan Chakraborty,00161018741,jayanchakraborty@yahoo.com,1968-09-05,2020-12-17,M,W,N,653-541,V0499
D0271,Rasha Bakshi,00242430698,rashabakshi@yahoo.com,1989-05-11,2020-08-05,M,L,Y,7BU0929,V0115
D0272,Devansh Sagar,04371096471,devanshsagar@yahoo.com,1994-06-16,2020-07-13,M,W,N,90KE888,V0636
D0273,Yasmin Agate,+912742079151,yasminagate@yahoo.com,1978-07-24,2020-01-12,M,L,N,296-DKW,V0107
D0274,Dhanush Wali,06396102282,dhanushwali@yahoo.com,1992-12-04,2020-01-04,F,W,N,TMK-3343,V0105
D0275,Dishani Gokhale,+912473715773,dishanigokhale@yahoo.com,1976-09-07,2020-10-12,M,W,Y,30-XM63,V0182
D0276,Kaira Madan,07069018379,kairamadan@yahoo.com,2004-03-11,2020-03-17,M,W,N,483 QIY,V0013
D0277,Kabir Shan,4126736886,kabirshan@yahoo.com,1975-08-05,2020-04-29,M,W,Y,82-MQ79,V0844
D0278,Pari Wason,6793986247,pariwason@gmail.com,1979-03-28,2020-06-04,F,W,N,1T 97642,V0127
D0279,Madhav Tandon,8386194463,madhavtandon@gmail.com,1969-11-03,2020-05-31,F,W,N,27D NY5,V0716
D0280,Chirag D’Alia,+919635553878,chiragd’alia@gmail.com,1996-08-17,2020-03-20,M,W,N,3R 4V7FJV,V0443
D0281,Jiya Edwin,+912678809564,jiyaedwin@gmail.com,1966-05-17,2020-06-20,F,W,Y,5Q EH867,V0774
D0282,Azad Toor,+915278045168,azadtoor@gmail.com,1973-05-19,2020-05-01,M,W,N,40-3485J,V0597
D0283,Raunak Sarma,5635075884,raunaksarma@gmail.com,1989-06-27,2020-08-09,M,W,Y,259 NWT,V0787
D0284,Tushar Iyer,2675982204,tushariyer@yahoo.com,1989-03-24,2020-03-16,M,W,N,773 KHP,V0402
D0285,Kavya Vora,2837109159,kavyavora@yahoo.com,1972-05-20,2020-08-13,M,W,Y,4NOA020,V0717
D0286,Vihaan Yohannan,+917199961755,vihaanyohannan@yahoo.com,1964-10-27,2020-05-27,F,W,N,24AC7,V0202
D0287,Sara Johal,+915055476401,sarajohal@gmail.com,1964-09-25,2020-09-18,M,W,N,0OG7331,V0617
D0288,Mehul Upadhyay,+918864797757,mehulupadhyay@gmail.com,1967-11-17,2020-03-28,M,W,Y,N94 7QS,V0024
D0289,Ranbir Hari,3006798043,ranbirhari@gmail.com,1987-10-21,2020-07-26,M,W,N,164V,V0300
D0290,Farhan Mahal,4040608739,farhanmahal@yahoo.com,1990-08-22,2020-10-29,M,W,Y,758-XPE,V0518
D0291,Nirvi Sachar,+911974122515,nirvisachar@gmail.com,1977-04-09,2020-08-10,M,W,N,712 DFH,V0837
D0292,Tiya Kant,5465676530,tiyakant@gmail.com,1990-02-24,2020-11-19,F,W,N,0MN 550,V0288
D0293,Sara Ramachandran,5346056441,sararamachandran@yahoo.com,1996-12-05,2020-11-29,M,L,Y,RZI-4843,V0275
D0294,Nirvi Sahota,+916788530667,nirvisahota@yahoo.com,2003-11-12,2020-05-01,M,W,N,WGC-201,V0228
D0295,Gatik Wali,01750657149,gatikwali@yahoo.com,1994-10-17,2020-03-08,F,W,Y,NJ 90127,V0130
D0296,Prisha Sundaram,5060462308,prishasundaram@yahoo.com,1973-01-15,2020-11-07,F,W,N,368RUN,V0198
D0297,Hunar Dube,01315675646,hunardube@gmail.com,1999-12-10,2020-12-20,M,W,Y,AKV 618,V0281
D0298,Ryan Deep,09622331153,ryandeep@gmail.com,1979-07-06,2020-03-13,F,W,N,5H 0344P,V0032
D0299,Sahil Jayaraman,8585703156,sahiljayaraman@gmail.com,2005-05-21,2020-03-17,M,W,N,KNP-4854,V0233
D0300,Mahika Char,9980467474,mahikachar@yahoo.com,1973-04-21,2020-10-01,M,W,Y,MOY 203,V0643
D0301,Shayak Gill,+910816901051,shayakgill@gmail.com,1970-04-16,2020-09-18,M,W,N,025-926,V0594
D0302,Aarna Kalita,00403240256,aarnakalita@yahoo.com,1978-07-19,2020-07-13,M,W,N,720O7,V0297
D0303,Himmat Yohannan,1429957053,himmatyohannan@gmail.com,1998-07-22,2020-10-05,M,W,N,HGW 581,V0772
D0304,Yasmin Chandra,+912709712962,yasminchandra@gmail.com,1976-07-30,2020-02-23,M,L,N,2O 6T9AHV,V0515
D0305,Shayak Varma,+918277692828,shayakvarma@gmail.com,1989-09-22,2020-06-12,M,W,N,175QIY,V0021
D0306,Aniruddh Dubey,+914555544443,aniruddhdubey@yahoo.com,1971-06-01,2020-05-14,M,W,N,CCX-3860,V0085
D0307,Veer Keer,01877273384,veerkeer@yahoo.com,1978-12-30,2020-05-16,M,W,Y,5QJ J35,V0257
D0308,Vidur Sarin,3202221429,vidursarin@gmail.com,2001-08-21,2020-08-02,M,W,N,OCK-172,V0739
D0309,Divyansh Shenoy,07301687913,divyanshshenoy@gmail.com,1964-06-13,2020-12-05,M,W,Y,PJG 105,V0340
D0310,Keya Buch,8776960307,keyabuch@yahoo.com,1978-10-10,2020-12-17,M,W,Y,RW6 4400,V0143
D0311,Prerak Garg,5004912455,prerakgarg@gmail.com,2003-10-26,2020-05-23,M,W,N,LU0 6732,V0576
D0312,Sana Chaudhry,00084856962,sanachaudhry@yahoo.com,1992-01-14,2020-08-03,M,L,N,259 ZU7,V0345
D0313,Ishaan Swamy,+915013380589,ishaanswamy@yahoo.com,1973-08-23,2020-10-25,F,W,N,1-U2458,V0446
D0314,Ela Goel,02642734129,elagoel@yahoo.com,1993-10-06,2020-11-28,M,W,N,JBN 497,V0688
D0315,Hansh Mandal,+914696707743,hanshmandal@gmail.com,1967-02-21,2020-09-08,M,W,Y,2T XV047,V0628
D0316,Ivan Shenoy,+911519687157,ivanshenoy@gmail.com,1982-04-22,2020-01-03,F,W,N,BIP4163,V0248
D0317,Uthkarsh Sinha,05361466470,uthkarshsinha@yahoo.com,1976-05-22,2020-04-14,M,W,Y,G 233971,V0361
D0318,Neysa Kalita,+916857031842,neysakalita@yahoo.com,1969-09-07,2020-06-16,M,W,N,8-5677S,V0103
D0319,Khushi Dhar,+918728256262,khushidhar@gmail.com,1991-02-21,2020-04-03,M,L,Y,LWV 649,V0047
D0320,Raunak Thakur,2977445905,raunakthakur@yahoo.com,1972-01-15,2020-04-11,M,W,N,963-UBD,V0610
D0321,Kashvi Grover,0416913135,kashvigrover@gmail.com,1987-05-13,2020-02-05,M,L,Y,53X HD0,V0133
D0322,Mohanlal Uppal,8795986298,mohanlaluppal@yahoo.com,1971-03-04,2020-11-12,M,W,Y,ZYU 685,V0516
D0323,Umang Raju,+916496285653,umangraju@yahoo.com,1995-06-29,2020-09-18,M,W,Y,URO1453,V0170
D0324,Advik Dada,6926071582,advikdada@gmail.com,1965-04-26,2020-05-19,F,W,Y,768 XQJ,V0455
D0325,Ojas Sidhu,05622401657,ojassidhu@yahoo.com,1985-11-12,2020-02-09,M,W,N,BNS0369,V0519
D0326,Saksham Kapoor,1101009458,sakshamkapoor@yahoo.com,1981-07-06,2020-02-14,F,W,N,672XRY,V0543
D0327,Eva Andra,+912103978401,evaandra@gmail.com,1963-07-15,2020-12-13,M,W,Y,75V O71,V0808
D0328,Mishti Issac,+913504290003,mishtiissac@gmail.com,2002-12-20,2020-03-06,M,W,N,424 QR0,V0480
D0329,Priyansh Sura,5824219827,priyanshsura@gmail.com,1999-01-26,2020-07-15,M,L,N,192-LCU,V0477
D0330,Himmat Walla,09420343199,himmatwalla@gmail.com,2001-05-14,2020-03-24,M,W,Y,X23-SMB,V0720
D0331,Sara Bobal,09923558035,sarabobal@gmail.com,1969-11-18,2020-11-05,M,W,Y,094 JZB,V0631
D0332,Samar Chokshi,08427457017,samarchokshi@yahoo.com,2002-08-23,2020-09-28,M,W,Y,46-G905,V0187
D0333,Drishya Verma,+916816742675,drishyaverma@gmail.com,1983-03-24,2020-11-04,M,W,Y,M56 1AI,V0073
D0334,Vritika Babu,+914142247307,vritikababu@gmail.com,1998-02-14,2020-04-30,M,W,N,34L O19,V0211
D0335,Jiya Sood,3568635740,jiyasood@yahoo.com,1973-08-05,2020-07-07,M,W,Y,75-67062,V0497
D0336,Yakshit Sura,03676854741,yakshitsura@gmail.com,2001-09-13,2020-01-18,F,W,N,193-PJV,V0271
D0337,Jiya Sane,00556566706,jiyasane@yahoo.com,1962-08-20,2020-01-06,M,W,N,DAQ-7101,V0514
D0338,Sumer Goyal,4538805499,sumergoyal@yahoo.com,2001-03-14,2020-12-10,M,W,N,508LPD,V0487
D0339,Nehmat Dyal,+910329187054,nehmatdyal@gmail.com,1973-10-29,2020-10-05,M,W,N,4741 NG,V0212
D0340,Mahika Raju,+913045719119,mahikaraju@gmail.com,1969-08-18,2020-06-03,F,W,Y,763-JDV,V0387
D0341,Mannat Kale,9401245636,mannatkale@gmail.com,1966-02-06,2020-05-27,M,L,N,VWE 350,V0811
D0342,Aarna Basu,+916267224991,aarnabasu@gmail.com,1992-05-23,2020-06-16,M,W,N,1I 07652,V0653
D0343,Renee Sangha,7619429266,reneesangha@yahoo.com,1967-08-12,2020-02-07,M,W,Y,205-QKK,V0123
D0344,Raghav Balasubramanian,08753268055,raghavbalasubramanian@yahoo.com,1990-09-08,2020-03-08,M,W,N,617-KJK,V0526
D0345,Tiya Mangal,1504522446,tiyamangal@gmail.com,1986-01-28,2020-11-25,F,W,N,478 JRS,V0721
D0346,Ivana Goyal,09887488330,ivanagoyal@gmail.com,1963-06-07,2020-03-02,M,W,N,969 9HB,V0609
D0347,Jivin Hegde,01076262094,jivinhegde@gmail.com,1992-10-02,2020-10-19,M,W,Y,98H 3608,V0669
D0348,Madhav Swaminathan,06203169361,madhavswaminathan@yahoo.com,1966-06-22,2020-09-14,F,L,Y,5R 04402,V0117
D0349,Ehsaan Saini,9933502003,ehsaansaini@gmail.com,1979-10-11,2020-10-27,F,W,N,MTR 414,V0553
D0350,Kashvi Tiwari,+912698575926,kashvitiwari@yahoo.com,2000-11-11,2020-03-06,M,L,N,9AI9001,V0646
D0351,Raunak Kala,+913475166163,raunakkala@yahoo.com,1993-12-02,2020-07-19,M,W,N,90K 639,V0644
D0352,Aaryahi Deol,+919557052713,aaryahideol@yahoo.com,1976-05-08,2020-07-02,M,W,Y,95H UL0,V0843
D0353,Aarna Sehgal,05347425802,aarnasehgal@yahoo.com,1995-02-22,2020-08-17,M,W,Y,873 QEZ,V0230
D0354,Jiya Tata,+912759341541,jiyatata@yahoo.com,1965-09-13,2020-05-10,M,W,N,E44 4TC,V0841
D0355,Tejas Gill,9368299825,tejasgill@gmail.com,1970-06-14,2020-02-07,M,W,Y,5EX 754,V0525
D0356,Kanav Rattan,+913526558584,kanavrattan@yahoo.com,1966-05-22,2020-03-15,M,L,N,152CRX,V0726
D0357,Darshit Kari,+916030203718,darshitkari@gmail.com,1986-08-11,2020-08-21,M,W,N,D19-CUM,V0441
D0358,Dhanush Ahluwalia,+912306161298,dhanushahluwalia@yahoo.com,1984-03-11,2020-04-05,M,L,N,E11-21R,V0437
D0359,Nehmat Kade,3120767101,nehmatkade@gmail.com,1982-06-09,2020-11-18,M,W,Y,NY7 3885,V0426
D0360,Romil Manne,8020438419,romilmanne@yahoo.com,1999-01-17,2020-08-24,M,L,N,RWD 188,V0245
D0361,Rasha Kant,7975283471,rashakant@gmail.com,1968-01-02,2020-08-25,F,L,N,YHZ 065,V0722
D0362,Riya Shanker,+913033311050,riyashanker@gmail.com,2003-11-21,2020-07-03,M,W,Y,HTT 230,V0712
D0363,Renee Wason,+910059972647,reneewason@gmail.com,1988-10-26,2020-10-03,M,W,Y,0-93759,V0710
D0364,Riaan Varty,6161550458,riaanvarty@yahoo.com,1965-10-07,2020-04-23,M,W,N,S47 6WC,V0031
D0365,Nitara Tata,4314952072,nitaratata@yahoo.com,2003-11-28,2020-08-05,M,W,Y,OPB-211,V0286
D0366,Vardaniya Mander,0050089236,vardaniyamander@yahoo.com,1984-04-28,2020-08-05,M,W,N,38-H631,V0128
D0367,Miraya Suresh,+910777338160,mirayasuresh@yahoo.com,1995-03-12,2020-11-20,M,W,N,K34-64R,V0044
D0368,Raunak Vig,+916271766113,raunakvig@yahoo.com,1997-11-09,2020-05-10,M,W,N,KHE S04,V0242
D0369,Fateh Bora,00600965432,fatehbora@gmail.com,2003-05-18,2020-07-19,M,L,Y,53E OT5,V0667
D0370,Vritika Bhattacharyya,4250813592,vritikabhattacharyya@yahoo.com,2003-08-23,2020-11-26,M,W,N,MSZ 405,V0358
D0371,Abram Garde,06708541886,abramgarde@yahoo.com,1993-01-29,2020-12-07,M,W,Y,017-AAD,V0458
D0372,Adah Hora,+913287842101,adahhora@gmail.com,1968-11-26,2020-04-27,F,L,Y,455-SKL,V0090
D0373,Nayantara Handa,+919497342379,nayantarahanda@yahoo.com,1975-05-17,2020-04-03,F,W,Y,5OW16,V0176
D0374,Renee Lall,+914027249277,reneelall@yahoo.com,1998-09-09,2020-04-01,M,W,Y,V97 3WI,V0704
D0375,Krish Kale,02874421936,krishkale@yahoo.com,1979-07-16,2020-02-08,M,W,N,3L 02589,V0549
D0376,Navya Madan,+916044303152,navyamadan@yahoo.com,1997-07-28,2020-06-30,M,W,Y,2K I0337,V0524
D0377,Nakul Raman,00023677000,nakulraman@gmail.com,1984-02-04,2020-07-20,M,W,N,29W KV6,V0070
D0378,Anvi Wadhwa,03419341244,anviwadhwa@gmail.com,1966-12-05,2020-04-08,M,W,N,9SW S85,V0418
D0379,Sahil Madan,+912500059074,sahilmadan@yahoo.com,1989-07-17,2020-06-28,M,L,Y,DMI-781,V0322
D0380,Saanvi Kapur,+915997043729,saanvikapur@gmail.com,1994-11-18,2020-04-01,M,L,Y,KDS-5417,V0702
D0381,Ritvik Brahmbhatt,1322701911,ritvikbrahmbhatt@yahoo.com,1968-07-28,2020-06-18,M,W,N,575-BYK,V0823
D0382,Vardaniya Agarwal,+918074565617,vardaniyaagarwal@yahoo.com,1999-03-25,2020-12-01,F,W,N,2YC3004,V0783
D0383,Pari Savant,2972303286,parisavant@gmail.com,1998-07-22,2020-07-10,M,W,N,823 SDP,V0203
D0384,Prisha Taneja,09395915729,prishataneja@yahoo.com,1963-08-29,2020-06-16,M,W,N,LDQ 898,V0146
D0385,Vardaniya Kant,+910351112666,vardaniyakant@yahoo.com,1965-08-31,2020-09-29,M,W,Y,633TLK,V0612
D0386,Azad Koshy,04319780437,azadkoshy@yahoo.com,1965-01-23,2020-08-13,M,W,N,894A8,V0476
D0387,Faiyaz Sharma,+910171212744,faiyazsharma@gmail.com,1992-04-26,2020-01-31,F,W,Y,169-576,V0076
D0388,Ivan Mander,00914086950,ivanmander@gmail.com,1977-07-02,2020-04-17,M,W,N,850 5FF,V0324
D0389,Vanya Choudhry,9347569557,vanyachoudhry@yahoo.com,1999-12-27,2020-03-02,F,W,Y,UOC7766,V0694
D0390,Samar Cherian,05194660221,samarcherian@gmail.com,1964-08-23,2020-09-20,M,W,Y,61HC8,V0485
D0391,Eshani Sehgal,0169049411,eshanisehgal@gmail.com,1979-10-05,2020-04-05,F,W,N,818-DWX,V0789
D0392,Siya Vig,7944129318,siyavig@yahoo.com,1969-01-17,2020-03-16,M,W,Y,9155,V0708
D0393,Nitya Bail,05987706315,nityabail@yahoo.com,1979-11-24,2020-05-09,F,W,N,YUS8970,V0530
D0394,Mehul Kuruvilla,8720014940,mehulkuruvilla@yahoo.com,1970-07-05,2020-09-27,M,W,Y,FXF-7882,V0175
D0395,Nayantara Bali,6943045246,nayantarabali@yahoo.com,1979-04-24,2020-05-02,M,W,Y,744337,V0539
D0396,Kiara Sawhney,06851744049,kiarasawhney@yahoo.com,1963-01-23,2020-03-11,F,W,Y,KZ 2364,V0414
D0397,Kartik Yogi,06213428255,kartikyogi@gmail.com,1987-12-17,2020-02-13,M,W,N,QF6 T0R,V0535
D0398,Zoya Bir,09070840654,zoyabir@yahoo.com,1983-10-22,2020-06-30,M,W,Y,812 SFW,V0241
D0399,Anahi Devi,05840448380,anahidevi@gmail.com,1984-06-10,2020-02-16,M,W,N,78TE505,V0420
D0400,Bhavin Sarma,04898461203,bhavinsarma@yahoo.com,1965-03-22,2020-03-28,M,W,Y,RM-8988,V0204
D0401,Vedika D’Alia,05874089286,vedikad’alia@gmail.com,1962-08-17,2020-04-17,M,W,Y,925-604,V0584
D0402,Darshit Madan,1835051563,darshitmadan@gmail.com,1979-04-19,2020-10-03,M,W,N,MKM 679,V0066
D0403,Anya Uppal,07668391982,anyauppal@yahoo.com,1974-12-09,2020-07-12,M,L,Y,6OY51,V0735
D0404,Rasha Dara,01812244153,rashadara@gmail.com,1963-10-27,2020-04-28,M,W,Y,CP-3624,V0821
D0405,Siya Garg,06470543919,siyagarg@yahoo.com,1994-03-07,2020-02-18,M,W,Y,2-4963Y,V0495
D0406,Misha Bobal,+917525158447,mishabobal@yahoo.com,1995-07-11,2020-02-23,M,W,Y,AGU 966,V0451
D0407,Yuvraj  Vaidya,6009963803,yuvrajvaidya@gmail.com,1991-04-19,2020-01-12,M,W,Y,3VOP376,V0715
D0408,Lavanya Srinivasan,00391546755,lavanyasrinivasan@gmail.com,1995-01-31,2020-08-04,M,W,Y,LSZ-008,V0490
D0409,Tarini Ratta,03726831249,tariniratta@yahoo.com,1991-03-27,2020-03-17,M,L,N,67QU4,V0080
D0410,Saksham Chand,+911086100925,sakshamchand@gmail.com,1963-09-17,2020-09-12,M,W,Y,IBK 952,V0359
D0411,Zain Dara,06464841237,zaindara@yahoo.com,1990-10-30,2020-09-13,M,L,N,04J 1196,V0071
D0412,Ishaan Chakraborty,2948382179,ishaanchakraborty@yahoo.com,1991-11-01,2020-10-10,M,W,N,624-NRQ,V0834
D0413,Indranil Tandon,07109737198,indraniltandon@yahoo.com,1968-11-03,2020-11-12,M,L,Y,8A Z0195,V0763
D0414,Dhanuk Badami,+910327360473,dhanukbadami@yahoo.com,1998-10-04,2020-06-27,F,L,N,837ID,V0194
D0415,Baiju Shah,+914831667789,baijushah@yahoo.com,1982-04-07,2020-09-17,M,L,Y,978-NQJ,V0154
D0416,Prerak Singhal,09171996190,preraksinghal@yahoo.com,1970-10-11,2020-11-15,M,W,Y,4P 76234,V0696
D0417,Ishaan Bajaj,03341173873,ishaanbajaj@gmail.com,1968-03-26,2020-04-27,M,W,Y,788-TBN,V0106
D0418,Oorja Dugal,9170012549,oorjadugal@gmail.com,2003-11-17,2020-10-05,F,W,N,976VQX,V0183
D0419,Arnav Tripathi,09250636335,arnavtripathi@gmail.com,1983-02-15,2020-12-10,M,W,Y,SGY 360,V0236
D0420,Elakshi Goda,00758821725,elakshigoda@gmail.com,1998-03-27,2020-04-30,F,W,Y,609 ZEW,V0496
D0421,Aarav Arya,6202187774,aaravarya@yahoo.com,1962-07-16,2020-09-13,F,L,Y,6769,V0536
D0422,Jivin Mane,01889774273,jivinmane@yahoo.com,1990-01-03,2020-09-06,M,L,N,8ZR Y32,V0505
D0423,Divit Kaur,+913486543814,divitkaur@gmail.com,1974-11-30,2020-03-27,M,W,Y,IFU-542,V0412
D0424,Shanaya Vora,04239516408,shanayavora@gmail.com,1962-08-19,2020-09-13,F,W,N,LWG 409,V0058
D0425,Zaina Comar,+910068877121,zainacomar@yahoo.com,1978-11-30,2020-11-09,M,W,Y,QJ5 4711,V0118
D0426,Mannat Lanka,04957871046,mannatlanka@gmail.com,2002-04-22,2020-12-11,M,W,N,093 BZY,V0191
D0427,Elakshi Chad,02516851550,elakshichad@yahoo.com,1975-03-11,2020-12-18,M,W,Y,532-YWC,V0605
D0428,Indrans Kurian,8049878634,indranskurian@gmail.com,2000-11-05,2020-02-11,F,W,N,9P702,V0317
D0429,Anahita Swamy,+915198486687,anahitaswamy@yahoo.com,1978-02-16,2020-11-21,M,W,N,7-3496F,V0775
D0430,Renee Soman,+918913911242,reneesoman@yahoo.com,1968-01-23,2020-08-05,M,W,Y,D 415922,V0422
D0431,Vidur Rastogi,06367186432,vidurrastogi@yahoo.com,1963-08-19,2020-11-23,M,W,Y,0998 LL,V0343
D0432,Hrishita Krishnamurthy,+911392522899,hrishitakrishnamurthy@gmail.com,1971-11-27,2020-05-18,M,W,N,173E,V0283
D0433,Nayantara Sur,+915336327733,nayantarasur@yahoo.com,2005-01-29,2020-04-07,M,L,Y,6589 YT,V0005
D0434,Renee Mand,01491810226,reneemand@yahoo.com,2001-08-28,2020-11-17,M,W,Y,811-242,V0845
D0435,Nitara Gera,01152744841,nitaragera@gmail.com,1983-12-03,2020-08-23,M,W,Y,KGQ 0780,V0556
D0436,Adah Datta,+913161268289,adahdatta@gmail.com,2004-04-28,2020-03-21,M,W,Y,066 SSG,V0338
D0437,Heer Hegde,+912401910749,heerhegde@gmail.com,1978-03-18,2020-05-23,M,W,N,MB-4132,V0741
D0438,Lagan Majumdar,1959007748,laganmajumdar@gmail.com,1976-04-25,2020-02-09,F,W,Y,0T952,V0453
D0439,Shamik Varkey,6469870448,shamikvarkey@gmail.com,1995-05-22,2020-09-12,M,W,N,GVJ-6251,V0464
D0440,Anvi Sarin,+914926264684,anvisarin@gmail.com,1962-11-22,2020-06-26,M,W,N,785-ENJ,V0421
D0441,Charvi Sachar,8115552618,charvisachar@gmail.com,1975-03-05,2020-05-08,M,W,Y,805-CVV,V0063
D0442,Nirvaan Vohra,0314617656,nirvaanvohra@yahoo.com,1983-06-04,2020-12-16,F,W,N,7-37374,V0243
D0443,Chirag Gulati,+910115530817,chiraggulati@yahoo.com,1964-09-20,2020-04-18,M,L,N,MTL 244,V0463
D0444,Miraya Bali,+919316146918,mirayabali@yahoo.com,1968-11-03,2020-11-27,M,W,N,182O4,V0215
D0445,Jhanvi Boase,9023831602,jhanviboase@gmail.com,1989-05-27,2020-05-18,F,W,Y,GSR9013,V0350
D0446,Kavya Johal,00172538630,kavyajohal@gmail.com,2001-09-16,2020-03-14,M,W,N,TVC 213,V0550
D0447,Ivan Sridhar,6884190614,ivansridhar@yahoo.com,1965-05-07,2020-10-16,F,W,Y,KQB 956,V0658
D0448,Badal Contractor,7275514952,badalcontractor@yahoo.com,1997-05-15,2020-05-04,M,W,Y,HD-0222,V0439
D0449,Rati Barman,7950836560,ratibarman@yahoo.com,1962-06-21,2020-03-28,M,W,Y,4AR 567,V0765
D0450,Eva Suri,02925093650,evasuri@yahoo.com,2002-06-24,2020-08-13,M,W,Y,03-J935,V0679
D0451,Aarav Chawla,5506724377,aaravchawla@gmail.com,2004-10-11,2020-12-09,F,W,Y,LLY 884,V0428
D0452,Aarav Mann,+919596134463,aaravmann@yahoo.com,1992-11-21,2020-06-07,M,W,N,0H TR417,V0734
D0453,Sara Sandhu,+918568482726,sarasandhu@gmail.com,1971-09-26,2020-11-12,M,L,Y,ACT 502,V0181
D0454,Stuvan Lala,7852879553,stuvanlala@gmail.com,2002-05-10,2020-10-06,M,W,Y,2JZ26,V0473
D0455,Dishani Srinivas,+919056872362,dishanisrinivas@gmail.com,1981-02-05,2020-03-14,M,W,Y,DJ-6789,V0104
D0456,Kartik Goel,05523667836,kartikgoel@yahoo.com,1986-01-21,2020-09-26,M,L,Y,17E VK6,V0255
D0457,Manjari Saxena,+915328559703,manjarisaxena@yahoo.com,1987-02-16,2020-03-05,M,W,N,805 VO6,V0567
D0458,Manikya Tata,0130684201,manikyatata@yahoo.com,1979-05-05,2020-02-07,M,W,Y,7HF2780,V0501
D0459,Arnav Soni,06840870048,arnavsoni@gmail.com,2002-09-18,2020-08-15,F,W,N,1J411,V0007
D0460,Yakshit Sagar,+918645836810,yakshitsagar@gmail.com,1978-09-22,2020-09-22,F,W,Y,ZS1 W9X,V0006
D0461,Anvi Brar,2061791624,anvibrar@yahoo.com,1980-03-17,2020-10-29,F,W,N,0NU 437,V0035
D0462,Prerak Shukla,+919072913352,prerakshukla@gmail.com,1971-01-16,2020-01-10,F,W,N,507CIQ,V0675
D0463,Gatik Dube,+913631774500,gatikdube@gmail.com,1962-08-20,2020-07-16,M,W,N,XCP 0114,V0222
D0464,Gokul Sem,07489567777,gokulsem@yahoo.com,1966-04-25,2020-09-30,F,W,Y,VJU-6526,V0799
D0465,Anahita Grewal,0598990297,anahitagrewal@gmail.com,1991-01-12,2020-02-05,M,W,Y,MJD W29,V0766
D0466,Adah Chadha,+912787463995,adahchadha@yahoo.com,1995-01-02,2020-05-04,M,W,Y,ZSJ-0519,V0666
D0467,Aayush Dhawan,6560641100,aayushdhawan@gmail.com,1996-07-30,2020-09-16,M,W,Y,727 ZHA,V0360
D0468,Rohan Soman,+916127205159,rohansoman@gmail.com,1974-11-08,2020-09-02,M,W,N,86-0955B,V0753
D0469,Amani Sodhi,5137719177,amanisodhi@yahoo.com,1967-12-16,2020-07-05,M,W,Y,AH5 4921,V0168
D0470,Pranay Balay,2779107513,pranaybalay@gmail.com,1968-03-26,2020-06-09,F,W,N,HQ3 8485,V0687
D0471,Hazel Bumb,8388282135,hazelbumb@gmail.com,1992-09-23,2020-02-09,F,W,Y,2BRR 11,V0225
D0472,Krish Bandi,+912316632811,krishbandi@gmail.com,1965-11-07,2020-07-23,M,W,N,03B 8741,V0542
D0473,Prisha Ramakrishnan,07070120458,prisharamakrishnan@yahoo.com,2002-03-16,2020-10-07,M,W,Y,PX 0056,V0697
D0474,Nitya Badal,+913335064225,nityabadal@yahoo.com,1968-02-22,2020-07-24,M,W,N,KOC-037,V0003
D0475,Aayush Dhingra,+914823855965,aayushdhingra@yahoo.com,2004-02-14,2020-09-20,F,L,N,757 THB,V0374
D0476,Anahi Balay,+918662446895,anahibalay@yahoo.com,1980-08-14,2020-01-18,M,L,Y,NF8 B4C,V0376
D0477,Shanaya Chokshi,+918141516318,shanayachokshi@gmail.com,1977-08-13,2020-09-22,M,L,N,8-51941X,V0310
D0478,Yashvi Krishnamurthy,+913556646177,yashvikrishnamurthy@yahoo.com,1970-12-11,2020-07-25,M,W,Y,095YS,V0094
D0479,Parinaaz Bhakta,+918477461333,parinaazbhakta@yahoo.com,1981-01-22,2020-11-21,M,W,N,354 HLS,V0378
D0480,Umang Walia,+913748453437,umangwalia@yahoo.com,2004-05-18,2020-02-01,M,W,Y,U36 9II,V0719
D0481,Azad Sethi,00192856403,azadsethi@yahoo.com,1977-05-26,2020-05-20,M,W,N,D53 0GQ,V0575
D0482,Badal Lata,+916700557669,badallata@yahoo.com,1975-10-12,2020-07-01,M,W,N,EXQ-8725,V0002
D0483,Stuvan Dar,7303972446,stuvandar@yahoo.com,1972-07-13,2020-02-01,M,W,N,460YG,V0328
D0484,Shlok Grewal,+918393649774,shlokgrewal@yahoo.com,1984-10-23,2020-08-02,M,W,N,1GB K48,V0025
D0485,Ayesha Sachar,9100243769,ayeshasachar@gmail.com,1974-08-24,2020-11-13,M,W,N,092 6TU,V0028
D0486,Arhaan Keer,7024761164,arhaankeer@yahoo.com,1969-01-31,2020-03-23,M,W,N,149N9,V0561
D0487,Divyansh Kaul,04618713817,divyanshkaul@gmail.com,1963-02-19,2020-12-21,M,W,Y,AYC-155,V0158
D0488,Ira Chatterjee,9181005198,irachatterjee@gmail.com,1967-02-21,2020-01-13,F,W,N,3P 9720P,V0803
D0489,Nitara Bansal,05332804970,nitarabansal@yahoo.com,2000-03-14,2020-04-24,M,W,Y,1-59821R,V0265
D0490,Dhanush Grover,04956991596,dhanushgrover@yahoo.com,2005-02-05,2020-09-09,M,W,Y,DLY1925,V0606
D0491,Kashvi Chawla,09506262512,kashvichawla@yahoo.com,1976-02-23,2020-08-18,M,W,Y,FMY5981,V0253
D0492,Kavya Sheth,02385307033,kavyasheth@gmail.com,1967-10-28,2020-12-10,F,W,N,GIL 708,V0479
D0493,Jivin Kade,8424083509,jivinkade@gmail.com,1985-05-19,2020-11-28,M,W,Y,441 QBH,V0277
D0494,Manjari Vala,0143433429,manjarivala@gmail.com,1981-02-19,2020-10-26,M,W,N,W95 2BX,V0269
D0495,Stuvan D’Alia,+919766680006,stuvand’alia@yahoo.com,2002-02-08,2020-09-10,M,W,Y,7SV 082,V0586
D0496,Lavanya Brar,05286047595,lavanyabrar@yahoo.com,1988-02-10,2020-07-06,M,W,N,D 313337,V0560
D0497,Amira Raju,9446708826,amiraraju@yahoo.com,1995-09-11,2020-02-15,M,W,Y,933-SVH,V0048
D0498,Urvi Bawa,8334384199,urvibawa@gmail.com,1979-04-11,2020-03-26,M,L,Y,1-6100W,V0116
D0499,Raunak Gara,4378967966,raunakgara@yahoo.com,1972-06-21,2020-08-28,M,W,N,WFH-537,V0008
D0500,Shaan Chokshi,+910787162311,shaanchokshi@gmail.com,1975-12-16,2020-09-26,M,W,N,4-9958R,V0398
D0501,Kimaya Babu,+913323263587,kimayababu@yahoo.com,1982-06-19,2020-05-25,M,W,Y,3G369,V0392
D0502,Himmat Savant,9089167077,himmatsavant@yahoo.com,1972-02-13,2020-03-30,M,L,Y,NIA-078,V0547
D0503,Sahil Kakar,01686010266,sahilkakar@yahoo.com,2002-01-29,2020-04-09,M,W,N,XPX 4210,V0098
D0504,Nirvaan Golla,+917771345125,nirvaangolla@gmail.com,1992-02-22,2020-11-14,M,W,N,G08 6IP,V0777
D0505,Pihu Tata,+911704089849,pihutata@yahoo.com,1982-09-15,2020-09-21,M,W,N,99-LZ22,V0093
D0506,Nakul Gour,4534385835,nakulgour@gmail.com,1988-05-30,2020-10-13,F,W,Y,HAR5340,V0375
D0507,Trisha Edwin,+915682232032,trishaedwin@gmail.com,1992-09-18,2020-01-26,M,L,N,SZF-628,V0095
D0508,Lavanya Manda,9428136420,lavanyamanda@yahoo.com,1998-05-16,2020-07-14,F,W,Y,C43-70X,V0335
D0509,Saira Khanna,5972574493,sairakhanna@yahoo.com,1992-11-12,2020-11-13,M,W,Y,6846 JH,V0200
D0510,Nirvaan Raja,+916142816127,nirvaanraja@gmail.com,1963-09-21,2020-12-08,M,W,Y,307 8820,V0251
D0511,Vanya Manda,07249278125,vanyamanda@gmail.com,1972-12-15,2020-06-23,F,W,N,0AR5250,V0114
D0512,Neysa Reddy,7440154868,neysareddy@yahoo.com,1981-09-11,2020-09-11,M,L,N,723 2012,V0254
D0513,Zain Bhasin,+911520810094,zainbhasin@yahoo.com,2004-07-01,2020-12-02,M,W,Y,0N 00833,V0413
D0514,Ryan Bakshi,4621691795,ryanbakshi@yahoo.com,1978-05-12,2020-02-19,M,W,Y,RI1 9933,V0077
D0515,Tara Sodhi,0312080026,tarasodhi@gmail.com,1972-10-17,2020-08-18,M,W,N,RIK0470,V0072
D0516,Riaan Saxena,00842817115,riaansaxena@yahoo.com,2002-03-05,2020-12-01,M,W,Y,IRW-012,V0038
D0517,Tara Dasgupta,03867785596,taradasgupta@gmail.com,1993-05-25,2020-11-21,M,L,N,830 GY3,V0794
D0518,Dhanuk Sura,6147795768,dhanuksura@gmail.com,1967-11-30,2020-04-21,M,W,N,9-84624J,V0108
D0519,Damini Dani,02754902892,daminidani@gmail.com,1986-07-23,2020-08-15,F,L,N,629 ZRF,V0657
D0520,Devansh Randhawa,0499905295,devanshrandhawa@yahoo.com,1963-08-12,2020-03-19,M,W,Y,QCM 711,V0833
D0521,Chirag Ghosh,2073678532,chiragghosh@gmail.com,1994-07-12,2020-05-06,M,W,Y,262-FFD,V0533
D0522,Stuvan Bansal,1296389308,stuvanbansal@yahoo.com,1992-08-20,2020-02-06,F,W,Y,70NY653,V0053
D0523,Hansh Cherian,06432759926,hanshcherian@yahoo.com,1964-01-19,2020-07-01,M,W,Y,MDI 970,V0016
D0524,Nakul Mani,9412450181,nakulmani@gmail.com,1978-10-28,2020-03-19,F,W,Y,HA 2639,V0598
D0525,Ahana  Bhat,07255581964,ahanabhat@gmail.com,1987-12-20,2020-12-09,M,L,N,NHI 5915,V0287
D0526,Shamik Wali,8512124798,shamikwali@gmail.com,2003-03-20,2020-07-22,F,W,Y,584 4HL,V0593
D0527,Anvi Kalla,3612320442,anvikalla@yahoo.com,1996-03-02,2020-04-07,F,W,N,IET-0838,V0205
D0528,Yuvaan Goswami,+919479563978,yuvaangoswami@gmail.com,1976-03-05,2020-07-25,M,W,Y,RMA 352,V0164
D0529,Dharmajan Bhasin,09677915659,dharmajanbhasin@gmail.com,1962-06-20,2020-08-25,F,W,N,3-9368H,V0258
D0530,Vihaan Sarraf,+916973213606,vihaansarraf@yahoo.com,2002-11-13,2020-03-22,M,L,Y,195-XIG,V0326
D0531,Ranbir Sidhu,9292316518,ranbirsidhu@gmail.com,1962-08-04,2020-12-03,F,L,Y,FTY8323,V0252
D0532,Alia Gole,+919276201702,aliagole@yahoo.com,1987-12-09,2020-04-30,M,W,N,559-TIB,V0356
D0533,Kismat Raman,+914867784276,kismatraman@yahoo.com,1981-05-28,2020-12-15,M,W,Y,HWA 2540,V0282
D0534,Himmat Vasa,3181454960,himmatvasa@yahoo.com,2000-07-13,2020-04-15,M,L,N,I53-IGM,V0279
D0535,Zaina Khosla,02781375769,zainakhosla@yahoo.com,1984-04-14,2020-06-07,F,W,N,233XLA,V0157
D0536,Sahil Zacharia,+910443519380,sahilzacharia@gmail.com,1995-01-21,2020-02-12,M,W,Y,3W 2536C,V0655
D0537,Bhavin Chopra,+911584175937,bhavinchopra@gmail.com,1964-12-14,2020-02-22,M,L,Y,8L201,V0161
D0538,Nirvi Walia,01007994292,nirviwalia@gmail.com,1973-05-26,2020-07-21,F,W,N,MGK 6357,V0292
D0539,Vardaniya Balan,6999291722,vardaniyabalan@yahoo.com,1982-12-07,2020-11-01,M,W,Y,KUO-0976,V0478
D0540,Alisha Dyal,00595376049,alishadyal@yahoo.com,1982-03-19,2020-11-09,M,W,Y,QPT J32,V0809
D0541,Jayan Hayer,02556635472,jayanhayer@yahoo.com,1999-06-19,2020-09-25,M,W,Y,667-KTA,V0637
D0542,Nishith Handa,+915323235454,nishithhanda@yahoo.com,1972-07-18,2020-11-09,M,W,Y,91S Z90,V0546
D0543,Shalv Brahmbhatt,8302105973,shalvbrahmbhatt@gmail.com,1983-03-08,2020-06-29,M,W,N,NMR-6520,V0401
D0544,Khushi Dhillon,+915371122440,khushidhillon@yahoo.com,1986-10-09,2020-06-08,M,W,Y,GWW 913,V0290
D0545,Emir Thaman,+915621726456,emirthaman@yahoo.com,1973-08-16,2020-09-26,M,W,Y,ERN-062,V0177
D0546,Vritika Raj,8793119575,vritikaraj@gmail.com,1987-02-03,2020-07-09,F,W,Y,15-3802D,V0764
D0547,Anay Bhasin,+914056028787,anaybhasin@gmail.com,1992-04-22,2020-05-20,M,W,Y,AEE-485,V0082
D0548,Jivika Dada,9162079232,jivikadada@gmail.com,1968-02-02,2020-02-02,M,W,Y,5A 32021,V0193
D0549,Pranay Magar,6531559507,pranaymagar@yahoo.com,1973-04-10,2020-12-26,M,W,Y,2-53642,V0384
D0550,Shray Suri,+917022216768,shraysuri@yahoo.com,1980-11-23,2020-07-05,F,W,Y,654 9550,V0362
D0551,Manikya Rajagopal,07538384506,manikyarajagopal@gmail.com,1991-11-22,2020-11-23,M,W,Y,SN-9600,V0229
D0552,Azad Raj,01534131839,azadraj@gmail.com,2004-12-01,2020-03-21,F,W,Y,EBR-4842,V0015
D0553,Divyansh Lata,+912584734311,divyanshlata@gmail.com,1994-01-18,2020-04-18,F,W,Y,UPJ O45,V0559
D0554,Khushi Kara,+912019934451,khushikara@yahoo.com,1987-01-10,2020-01-04,F,W,Y,194858,V0423
D0555,Mishti Kashyap,02779402966,mishtikashyap@gmail.com,1990-08-06,2020-08-13,M,W,N,LKK 902,V0552
D0556,Reyansh Sarma,04725959221,reyanshsarma@yahoo.com,1981-03-08,2020-12-25,M,W,N,86L•439,V0674
D0557,Inaaya  Lad,04883695855,inaayalad@gmail.com,1969-07-04,2020-06-04,M,W,N,21-B035,V0762
D0558,Alia Dhar,3838207125,aliadhar@yahoo.com,2003-12-07,2020-11-11,M,W,N,MXK 527,V0075
D0559,Miraya Ramanathan,+917705324338,mirayaramanathan@yahoo.com,1989-09-18,2020-07-23,F,W,Y,269 GKN,V0319
D0560,Inaaya  Agate,+912010241829,inaayaagate@yahoo.com,1983-03-19,2020-01-19,F,L,N,876-OLF,V0498
D0561,Tanya Ramachandran,02668263549,tanyaramachandran@gmail.com,1999-01-23,2020-11-19,M,W,N,407 8JE,V0589
D0562,Miraan Dhaliwal,+915211620222,miraandhaliwal@gmail.com,1999-02-05,2020-09-16,M,W,N,48-N687,V0125
D0563,Mahika Boase,02602455281,mahikaboase@gmail.com,1985-01-10,2020-04-28,M,W,N,857 MHJ,V0349
D0564,Kiaan Amble,01467361667,kiaanamble@gmail.com,1972-05-06,2020-07-27,M,W,N,ZY5 2505,V0425
D0565,Ishaan Chaudhary,06079725887,ishaanchaudhary@gmail.com,1969-06-05,2020-08-13,M,W,Y,QY7 I5Z,V0740
D0566,Zain Chawla,1863718947,zainchawla@gmail.com,1976-10-06,2020-11-13,M,L,Y,QSG 273,V0060
D0567,Drishya Chana,02576107756,drishyachana@yahoo.com,1969-07-04,2020-08-21,M,W,N,KYX 428,V0033
D0568,Anya Chakrabarti,01435599441,anyachakrabarti@gmail.com,1978-07-07,2020-07-01,M,W,N,AH5 C5X,V0207
D0569,Armaan Raman,8265257287,armaanraman@gmail.com,2001-11-18,2020-09-06,M,W,N,SQI 8638,V0087
D0570,Ehsaan Srinivas,02035548175,ehsaansrinivas@gmail.com,1968-08-23,2020-05-25,M,L,Y,0EF 817,V0394
D0571,Suhana Solanki,07952833582,suhanasolanki@gmail.com,1964-08-09,2020-01-30,F,W,Y,076 VKK,V0569
D0572,Devansh Gulati,8709780580,devanshgulati@gmail.com,1990-11-12,2020-06-08,M,W,Y,4U 04156,V0709
D0573,Farhan Ghose,06571373130,farhanghose@yahoo.com,1983-06-04,2020-11-17,M,W,Y,KVM 189,V0466
D0574,Misha Bhat,5882644416,mishabhat@gmail.com,1986-11-07,2020-09-12,F,W,N,HQM2441,V0172
D0575,Tarini Hegde,5967262793,tarinihegde@yahoo.com,1994-08-23,2020-12-17,M,W,N,MWP 211,V0417
D0576,Hrishita Chaudhari,+910812183143,hrishitachaudhari@yahoo.com,2003-03-27,2020-02-20,M,W,N,96T 3431,V0736
D0577,Saksham Sharma,+917048977783,sakshamsharma@yahoo.com,1991-09-21,2020-02-25,M,W,N,KPT 822,V0664
D0578,Prisha Soman,+919762876673,prishasoman@gmail.com,1965-05-30,2020-11-08,M,W,N,796 JCD,V0367
D0579,Gatik Gopal,+917846413044,gatikgopal@gmail.com,1975-12-01,2020-07-28,F,W,Y,GP 5326,V0040
D0580,Samiha Dixit,+916498899061,samihadixit@yahoo.com,1999-04-12,2020-07-24,M,W,N,KOG 257,V0137
D0581,Inaaya  Ahuja,+916510992570,inaayaahuja@gmail.com,1998-12-29,2020-06-27,M,W,N,FYZ-461,V0513
D0582,Anika Walia,3047293688,anikawalia@gmail.com,1996-03-10,2020-08-03,M,L,N,1FO30,V0827
D0583,Ishita Choudhry,+910563283000,ishitachoudhry@yahoo.com,1996-05-23,2020-02-19,M,W,Y,617 OFL,V0520
D0584,Vardaniya Kala,4032156484,vardaniyakala@gmail.com,1974-10-23,2020-08-25,M,W,N,HCH 057,V0273
D0585,Badal Mall,+919725645846,badalmall@gmail.com,2004-09-21,2020-08-16,M,W,Y,6K H4741,V0558
D0586,Siya Dhaliwal,08771563194,siyadhaliwal@gmail.com,2001-02-13,2020-07-16,M,L,Y,461-295,V0662
D0587,Ehsaan Agrawal,07671512030,ehsaanagrawal@yahoo.com,1997-09-11,2020-03-20,M,W,Y,S 934527,V0768
D0588,Chirag De,05273632707,chiragde@gmail.com,1980-09-22,2020-07-12,M,L,Y,8EQ53,V0640
D0589,Jivin Chauhan,+912120294471,jivinchauhan@yahoo.com,1989-06-06,2020-01-01,M,L,N,193IU,V0112
D0590,Keya Rau,0126940333,keyarau@yahoo.com,1992-08-21,2020-07-30,M,W,N,WKD-7847,V0409
D0591,Kashvi Guha,5120224477,kashviguha@yahoo.com,2004-10-04,2020-01-24,M,W,N,NI 58777,V0534
D0592,Jayesh Gola,02225366818,jayeshgola@yahoo.com,1972-04-03,2020-01-04,M,W,N,P89-91V,V0713
D0593,Dishani Chaudhuri,04113105047,dishanichaudhuri@yahoo.com,1966-10-25,2020-12-17,M,W,Y,828-AMK,V0796
D0594,Riaan Kaur,01247471925,riaankaur@gmail.com,1984-09-23,2020-09-27,F,L,Y,617TRD,V0714
D0595,Lakshit Shere,+911665150314,lakshitshere@yahoo.com,1976-05-12,2020-09-25,M,W,Y,AFS-2354,V0461
D0596,Kabir Gera,07821837853,kabirgera@gmail.com,1993-01-01,2020-05-25,M,L,Y,ZBO 943,V0347
D0597,Prerak Ratti,1981698143,prerakratti@gmail.com,1988-11-21,2020-04-14,F,W,N,ZNE 987,V0321
D0598,Rohan Kamdar,06824537415,rohankamdar@gmail.com,1991-09-09,2020-12-15,M,W,Y,AU 1946,V0806
D0599,Tushar Chand,+914647135191,tusharchand@yahoo.com,1985-02-28,2020-08-03,M,L,Y,104 0AY,V0410
D0600,Hridaan Bora,+913039577234,hridaanbora@yahoo.com,1976-09-12,2020-06-19,M,W,N,754 7SN,V0481
D0601,Diya Kala,9074551947,diyakala@gmail.com,1973-05-19,2020-09-26,M,W,N,365 OIU,V0826
D0602,Tejas Banerjee,+910040007950,tejasbanerjee@yahoo.com,1972-12-12,2020-07-17,M,W,N,FTM-292,V0590
D0603,Chirag Anne,+910810404566,chiraganne@gmail.com,2001-08-31,2020-05-31,F,W,Y,0UW 967,V0509
D0604,Shayak Mahal,+919161402902,shayakmahal@yahoo.com,1987-12-15,2020-04-19,M,L,N,UIX 506,V0701
D0605,Vanya Kade,02315642367,vanyakade@gmail.com,1985-06-20,2020-08-26,F,L,Y,4828 ON,V0663
D0606,Urvi Kale,6175856347,urvikale@gmail.com,1994-09-01,2020-03-28,M,W,N,36BB216,V0363
D0607,Shaan Sodhi,+911979096104,shaansodhi@gmail.com,1963-02-21,2020-12-09,M,L,Y,KMY5140,V0475
D0608,Renee Bala,+918997192022,reneebala@gmail.com,1983-05-17,2020-09-27,M,L,Y,KTA 190,V0045
D0609,Raghav Mand,+918092913548,raghavmand@gmail.com,1976-07-15,2020-02-29,M,W,N,418255,V0755
D0610,Shray Kumer,02687182447,shraykumer@gmail.com,1999-04-22,2020-11-25,M,L,Y,23-RW08,V0388
D0611,Nayantara Kant,00316112493,nayantarakant@gmail.com,1971-05-02,2020-09-01,M,W,Y,WXO-304,V0689
D0612,Advik Manne,09797681316,advikmanne@gmail.com,2004-08-02,2020-10-22,M,W,Y,FNG 206,V0199
D0613,Faiyaz Ghosh,08224125486,faiyazghosh@yahoo.com,2002-01-14,2020-12-03,M,W,Y,HAY 566,V0061
D0614,Vivaan Sathe,02136734451,vivaansathe@gmail.com,1985-03-16,2020-02-29,M,L,Y,UDO 347,V0346
D0615,Baiju Bora,08275922251,baijubora@gmail.com,1988-08-26,2020-12-11,M,W,N,0JW G28,V0220
D0616,Yashvi Bhardwaj,4355077884,yashvibhardwaj@gmail.com,1990-02-10,2020-07-20,M,W,N,1AU V91,V0654
D0617,Indrans Biswas,05694178448,indransbiswas@gmail.com,1986-04-26,2020-01-09,M,L,N,628167,V0540
D0618,Oorja Bedi,9919494942,oorjabedi@yahoo.com,1984-05-26,2020-03-30,F,W,N,1L D9277,V0832
D0619,Nitara Kant,04838225150,nitarakant@yahoo.com,1991-07-15,2020-08-19,M,W,Y,6MV Q11,V0101
D0620,Priyansh Bora,+918470414601,priyanshbora@yahoo.com,1967-02-09,2020-09-22,M,W,N,FFP-268,V0673
D0621,Hrishita Dhingra,+918165236967,hrishitadhingra@gmail.com,2004-10-13,2020-11-28,M,L,N,U87 4KX,V0381
D0622,Aarna Chada,+915782587218,aarnachada@gmail.com,1963-06-15,2020-01-20,M,L,N,XLK 392,V0344
D0623,Bhavin Bhat,06812988810,bhavinbhat@gmail.com,1962-10-11,2020-10-14,M,L,N,HLZ 167,V0838
D0624,Riya Raman,6811528275,riyaraman@gmail.com,1996-02-18,2020-01-22,F,W,N,481HUE,V0600
D0625,Pihu Korpal,2751921443,pihukorpal@gmail.com,1996-01-14,2020-07-29,M,W,Y,LJE 816,V0206
D0626,Amani Chowdhury,+917042461954,amanichowdhury@yahoo.com,1980-07-29,2020-03-25,F,W,N,13ZY153,V0163
D0627,Darshit Kuruvilla,6834567014,darshitkuruvilla@yahoo.com,1968-03-23,2020-10-14,M,W,Y,GG1 6363,V0531
D0628,Khushi Mahajan,+917594467527,khushimahajan@gmail.com,1971-09-01,2020-12-19,M,L,N,YCU 381,V0580
D0629,Tara Thakkar,00289350808,tarathakkar@yahoo.com,2000-06-27,2020-11-30,M,W,N,TL-7118,V0397
D0630,Manjari Khanna,+910086619721,manjarikhanna@gmail.com,1977-02-24,2020-07-07,M,W,N,MCG 547,V0683
D0631,Rohan Goswami,09152909532,rohangoswami@yahoo.com,2004-03-09,2020-02-27,M,W,N,8OE 303,V0036
D0632,Saira Edwin,09612543939,sairaedwin@yahoo.com,1985-02-03,2020-08-07,M,L,N,ZGH 607,V0780
D0633,Advik Madan,07434128669,advikmadan@yahoo.com,1991-07-26,2020-12-08,M,W,Y,UWZ-0601,V0430
D0634,Kaira Khanna,+915201090087,kairakhanna@yahoo.com,1992-02-21,2020-01-19,M,W,Y,654D,V0309
D0635,Armaan Tandon,+917364385640,armaantandon@yahoo.com,1988-06-01,2020-01-22,M,W,Y,ZWO-4854,V0113
D0636,Kismat Gade,1361314675,kismatgade@gmail.com,1994-01-26,2020-12-22,M,W,Y,3154,V0039
D0637,Indrajit Randhawa,4445994194,indrajitrandhawa@gmail.com,1963-11-20,2020-12-21,F,W,N,VGO-5270,V0046
D0638,Badal Kota,+913519791810,badalkota@yahoo.com,2003-12-10,2020-11-23,F,W,N,1635,V0365
D0639,Baiju Wason,8105828433,baijuwason@gmail.com,1991-02-15,2020-07-01,M,L,N,KXC 972,V0312
D0640,Zoya Kara,0988348960,zoyakara@gmail.com,1998-08-17,2020-02-22,M,W,N,JHE 396,V0221
D0641,Mishti Krishnamurthy,07382023537,mishtikrishnamurthy@yahoo.com,1975-02-12,2020-06-02,F,W,N,RD 08274,V0731
D0642,Zain Raja,04112873379,zainraja@yahoo.com,1966-10-31,2020-06-29,F,W,N,289 ELO,V0152
D0643,Mannat Kale,4871252723,mannatkale@yahoo.com,1979-06-03,2020-03-26,F,L,Y,75-8726F,V0068
D0644,Renee Khanna,00498049975,reneekhanna@gmail.com,1974-04-12,2020-10-10,M,W,N,9F 8N2JOV,V0532
D0645,Divyansh Uppal,3921712997,divyanshuppal@gmail.com,1983-09-30,2020-05-16,M,W,N,285 CQT,V0506
D0646,Drishya Malhotra,5716363860,drishyamalhotra@yahoo.com,1995-12-18,2020-04-25,M,L,N,HVQ 260,V0341
D0647,Lagan Chandra,+913586542901,laganchandra@yahoo.com,1996-10-01,2020-07-01,M,W,N,06Z Z37,V0139
D0648,Prerak De,+915243362287,prerakde@yahoo.com,1983-12-03,2020-12-20,M,W,N,ZSZ 282,V0456
D0649,Nitara Srinivasan,03065152568,nitarasrinivasan@yahoo.com,1998-11-17,2020-02-23,M,W,Y,922 TA5,V0807
D0650,Lavanya Iyengar,6870907587,lavanyaiyengar@yahoo.com,1983-01-11,2020-05-11,M,W,N,16-51645,V0822
D0651,Saira Edwin,6626649212,sairaedwin@gmail.com,1969-09-13,2020-04-02,M,W,Y,DWR-8315,V0235
D0652,Ivan Ganesan,05207864532,ivanganesan@gmail.com,1963-02-17,2020-01-08,M,L,Y,BML 409,V0141
D0653,Armaan Bajaj,2665979395,armaanbajaj@gmail.com,2003-10-26,2020-12-10,M,W,N,356 CQN,V0620
D0654,Gokul Mahal,3186697669,gokulmahal@gmail.com,1982-08-06,2020-01-14,M,W,N,CTJ 666,V0825
D0655,Sahil Batra,04978277781,sahilbatra@yahoo.com,1990-08-02,2020-01-18,M,W,Y,66D 9661,V0239
D0656,Vihaan Bali,+910596781816,vihaanbali@yahoo.com,2004-10-14,2020-12-03,M,W,N,GSC-196,V0126
D0657,Tiya Bakshi,+913874241671,tiyabakshi@gmail.com,1978-02-19,2020-02-22,M,W,Y,T92 3WL,V0661
D0658,Damini Yogi,+919988738224,daminiyogi@gmail.com,1971-07-14,2020-10-25,M,W,Y,3E 67570,V0219
D0659,Aaina Chopra,+912635350872,aainachopra@gmail.com,1995-05-22,2020-03-09,M,W,Y,6-G2870,V0445
D0660,Zoya Dayal,+910264421404,zoyadayal@yahoo.com,1967-03-29,2020-08-31,M,W,Y,HRM 703,V0078
D0661,Aaryahi Wadhwa,+915155419172,aaryahiwadhwa@yahoo.com,1993-07-09,2020-06-09,M,W,N,257 SYP,V0670
D0662,Ahana  Raju,01147317418,ahanaraju@gmail.com,1991-07-03,2020-12-14,M,W,N,27Y WQ4,V0562
D0663,Myra Ganguly,06691264747,myraganguly@yahoo.com,1970-03-05,2020-09-05,F,W,Y,UGE0328,V0792
D0664,Jivika Vig,03184479222,jivikavig@yahoo.com,1965-01-11,2020-07-12,M,W,Y,PII 612,V0732
D0665,Uthkarsh Sha,8927164227,uthkarshsha@yahoo.com,1979-06-21,2020-08-20,F,W,N,G30 7AO,V0611
D0666,Taran Sur,+912903885892,taransur@yahoo.com,2002-09-11,2020-06-21,M,W,N,0VD 910,V0582
D0667,Navya Sridhar,3050308299,navyasridhar@gmail.com,1972-06-11,2020-02-06,M,W,N,411 4427,V0781
D0668,Kaira Shroff,+914369329892,kairashroff@gmail.com,2001-03-05,2020-04-08,M,W,N,466 POQ,V0259
D0669,Samaira Lall,5069089125,samairalall@gmail.com,2004-04-09,2020-12-12,M,W,Y,XTL 167,V0240
D0670,Kabir Bala,04571877022,kabirbala@yahoo.com,1982-02-28,2020-01-21,F,W,N,RCY-071,V0301
D0671,Hunar Saha,5557825563,hunarsaha@yahoo.com,1977-02-15,2020-10-04,M,W,N,630 LRT,V0169
D0672,Vidur Amble,3882066261,viduramble@gmail.com,2002-01-25,2020-05-20,M,L,Y,14-N250,V0623
D0673,Ojas Gala,06470426537,ojasgala@yahoo.com,1991-02-07,2020-04-12,M,W,Y,240TI,V0029
D0674,Jivika Soni,+919045092887,jivikasoni@gmail.com,1981-10-14,2020-02-08,M,L,N,LFN4499,V0504
D0675,Kiaan Talwar,+915940498559,kiaantalwar@gmail.com,1979-11-02,2020-07-18,F,W,Y,ZNH 712,V0337
D0676,Ojas Kibe,01715161294,ojaskibe@gmail.com,1980-09-23,2020-06-01,F,W,Y,4Y 1353X,V0583
D0677,Aayush Kaur,05252501791,aayushkaur@yahoo.com,1981-06-09,2020-12-30,M,L,N,159-LPV,V0429
D0678,Divij Kala,+919433228948,divijkala@yahoo.com,1986-01-12,2020-03-05,M,W,N,6002 IH,V0111
D0679,Navya Wason,+919565934315,navyawason@yahoo.com,1982-09-13,2020-05-16,M,W,N,789 NNJ,V0523
D0680,Riaan Johal,+911475868964,riaanjohal@yahoo.com,2003-05-16,2020-04-22,M,W,N,435 FQK,V0084
D0681,Gokul Kadakia,+918301954342,gokulkadakia@yahoo.com,1967-01-07,2020-07-20,M,W,N,568-GTCO,V0304
D0682,Nakul Hegde,1156317207,nakulhegde@gmail.com,1980-01-10,2020-06-22,M,W,N,773 9484,V0469
D0683,Misha Chana,04861892911,mishachana@yahoo.com,1976-02-28,2020-03-05,M,L,Y,649S9,V0700
D0684,Divit Dyal,02883725676,divitdyal@yahoo.com,1970-03-26,2020-09-30,M,L,N,D87-33P,V0280
D0685,Nakul Ravel,06812634193,nakulravel@yahoo.com,1988-04-16,2020-06-06,M,L,Y,501 BGT,V0261
D0686,Dhanuk Apte,08818727629,dhanukapte@gmail.com,1989-06-21,2020-04-28,M,W,N,546 FPM,V0329
D0687,Anahita Verma,2500859144,anahitaverma@yahoo.com,1975-07-23,2020-06-30,M,W,N,3QT 184,V0249
D0688,Faiyaz Jaggi,08480295682,faiyazjaggi@gmail.com,1997-04-21,2020-01-01,M,W,N,QO-2359,V0625
D0689,Inaaya  Bawa,01996287844,inaayabawa@gmail.com,1998-11-11,2020-08-07,F,W,N,294 6IN,V0001
D0690,Kimaya Solanki,9943688750,kimayasolanki@yahoo.com,1962-08-11,2020-04-07,M,L,N,330-LLRY,V0624
D0691,Mohanlal Magar,02922938338,mohanlalmagar@gmail.com,2002-10-08,2020-04-12,F,W,N,85T 304,V0815
D0692,Fateh Sheth,01482558078,fatehsheth@gmail.com,2002-12-22,2020-04-14,M,W,Y,TGT 7679,V0371
D0693,Madhup Gulati,+910933765984,madhupgulati@gmail.com,1996-04-10,2020-03-10,M,W,Y,15P 981,V0557
D0694,Dhanuk Kapur,5411998877,dhanukkapur@yahoo.com,1985-12-27,2020-11-28,F,W,N,2XT R11,V0030
D0695,Kiaan Varghese,0449982062,kiaanvarghese@gmail.com,2003-09-09,2020-06-03,M,W,N,590-435,V0450
D0696,Suhana Babu,+912455130436,suhanababu@yahoo.com,1981-07-25,2020-04-07,M,W,N,BEI L12,V0050
D0697,Diya Manda,0780307396,diyamanda@yahoo.com,1967-09-25,2020-11-28,M,W,Y,315-ZUCA,V0778
D0698,Nirvi Doctor,6826381688,nirvidoctor@yahoo.com,1982-03-07,2020-03-24,M,W,Y,57X 8574,V0819
D0699,Zara Sachar,+912389519410,zarasachar@yahoo.com,1995-11-01,2020-01-09,M,W,Y,BVO-7542,V0829
D0700,Ishaan Lad,+912668602513,ishaanlad@gmail.com,2005-02-23,2020-05-15,F,W,Y,Y 893129,V0564
D0701,Armaan Kale,8903148120,armaankale@yahoo.com,1994-03-03,2020-02-06,M,W,N,543 DFZ,V0681
D0702,Shamik Gokhale,05738847964,shamikgokhale@gmail.com,1985-09-12,2020-09-29,M,L,N,38-JG95,V0444
D0703,Indrajit Babu,0139190193,indrajitbabu@gmail.com,1980-07-23,2020-03-16,F,W,Y,5AL0893,V0144
D0704,Aradhya Mahajan,5590138877,aradhyamahajan@gmail.com,1980-03-28,2020-02-12,F,W,N,315 YGS,V0776
D0705,Priyansh Shan,6550041839,priyanshshan@gmail.com,1987-11-14,2020-02-05,M,W,N,540 NZM,V0492
D0706,Anya Solanki,+916181988320,anyasolanki@gmail.com,1994-03-04,2020-12-19,M,W,Y,JES-841,V0652
D0707,Aniruddh Sundaram,00034403368,aniruddhsundaram@yahoo.com,1999-11-30,2020-08-16,M,W,N,HBR-812,V0608
D0708,Kiaan Sama,08806607302,kiaansama@yahoo.com,2004-09-25,2020-01-09,F,L,N,VHB-2907,V0635
D0709,Jiya Chandra,01619018796,jiyachandra@gmail.com,1967-06-19,2020-09-23,M,W,Y,51-Y884,V0672
D0710,Sara Loke,+911316903493,saraloke@gmail.com,1963-03-05,2020-07-10,M,W,Y,WHX 128,V0471
D0711,Lavanya Atwal,+913704322013,lavanyaatwal@yahoo.com,1997-07-24,2020-08-24,M,L,Y,278J7,V0830
D0712,Jivin Sood,3184919938,jivinsood@yahoo.com,1982-05-31,2020-09-12,M,W,N,I62 2OR,V0508
D0713,Uthkarsh Roy,7048698100,uthkarshroy@gmail.com,1970-08-03,2020-08-16,F,W,Y,G63 6ZT,V0353
D0714,Chirag Baria,+918116768477,chiragbaria@gmail.com,1997-12-12,2020-01-01,M,W,N,99-18383,V0190
D0715,Hazel Choudhury,0620978706,hazelchoudhury@gmail.com,2001-06-09,2020-10-31,F,W,N,M34 9UV,V0707
D0716,Himmat Sethi,05188508882,himmatsethi@gmail.com,1963-11-25,2020-11-02,F,L,Y,56E KR4,V0573
D0717,Rania Dugal,+911690728768,raniadugal@yahoo.com,2004-07-06,2020-08-11,M,W,N,0JEP602,V0798
D0718,Renee Dayal,8898550936,reneedayal@yahoo.com,1993-05-30,2020-11-06,F,W,Y,60-4357F,V0602
D0719,Darshit Kashyap,04757079537,darshitkashyap@yahoo.com,1963-05-21,2020-05-31,M,W,N,LHE 849,V0744
D0720,Hansh Rajan,2774745759,hanshrajan@yahoo.com,1970-12-19,2020-07-05,M,W,Y,749TQ,V0357
D0721,Anaya Sastry,07326942272,anayasastry@gmail.com,1996-01-07,2020-05-03,M,W,Y,GKE 561,V0074
D0722,Raghav Jaggi,+917691410236,raghavjaggi@yahoo.com,1998-02-23,2020-03-08,F,W,Y,57W 035,V0810
D0723,Vritika Yadav,0002811691,vritikayadav@gmail.com,2002-03-09,2020-02-14,M,W,N,120-QOR,V0795
D0724,Mehul Dhar,08528516857,mehuldhar@gmail.com,2004-01-07,2020-02-02,M,L,Y,615 CCM,V0690
D0725,Misha Ratta,+917805921790,misharatta@yahoo.com,1993-10-27,2020-07-19,F,W,N,1NE 301,V0472
D0726,Samarth Mani,+918633677460,samarthmani@gmail.com,1975-03-02,2020-11-02,M,W,Y,124I,V0166
D0727,Amira Ramesh,8936979718,amiraramesh@yahoo.com,1977-06-18,2020-01-22,M,W,Y,SSB-0918,V0638
D0728,Ayesha Dutt,+912687811047,ayeshadutt@yahoo.com,1977-12-17,2020-08-31,M,W,N,2D R3969,V0311
D0729,Eshani Chakraborty,08912761335,eshanichakraborty@gmail.com,1963-06-16,2020-10-12,M,W,N,5CYI239,V0276
D0730,Reyansh Sahni,+913494134704,reyanshsahni@yahoo.com,1993-07-14,2020-05-18,M,W,Y,Z27 6NT,V0380
D0731,Vaibhav Goda,7341242334,vaibhavgoda@yahoo.com,1969-08-06,2020-02-24,M,W,Y,053 JIT,V0790
D0732,Romil Lad,05922625155,romillad@gmail.com,1988-04-10,2020-08-07,F,L,Y,J 904451,V0512
D0733,Zara Banerjee,+919720911760,zarabanerjee@gmail.com,1970-02-22,2020-08-16,M,W,Y,876JMG,V0816
D0734,Abram Saran,+915223751272,abramsaran@gmail.com,2001-08-26,2020-01-22,M,W,Y,R49 5QX,V0433
D0735,Keya Dua,3265302436,keyadua@gmail.com,1969-10-15,2020-04-26,M,W,N,702 2FY,V0302
D0736,Oorja Cherian,02949686516,oorjacherian@yahoo.com,1970-03-23,2020-01-24,M,W,N,439 1XB,V0201
D0737,Saanvi Sarin,05760947524,saanvisarin@gmail.com,1964-11-23,2020-05-08,M,W,Y,0P 5066K,V0305
D0738,Keya Jani,04124571654,keyajani@gmail.com,1980-11-19,2020-11-30,F,W,Y,Z53-48N,V0149
D0739,Mishti Bhandari,01537168467,mishtibhandari@yahoo.com,2002-03-15,2020-02-09,M,L,Y,3OD F64,V0431
D0740,Rohan Sarna,00091920886,rohansarna@gmail.com,1967-02-28,2020-12-07,M,W,Y,JIA5861,V0730
D0741,Nishith Dube,6844072555,nishithdube@gmail.com,1966-11-25,2020-08-10,M,W,N,58B J01,V0325
D0742,Khushi Joshi,4061703802,khushijoshi@gmail.com,2004-07-05,2020-10-25,F,W,Y,E59 3RT,V0817
D0743,Dishani Wagle,+916909339384,dishaniwagle@yahoo.com,1977-08-26,2020-03-25,M,W,Y,RWJ-7457,V0330
D0744,Mahika Tiwari,05098159152,mahikatiwari@gmail.com,1998-12-06,2020-03-05,M,W,Y,2-M8856,V0153
D0745,Nirvi Bala,+910130300906,nirvibala@yahoo.com,1989-11-11,2020-11-29,M,W,N,51G 511,V0266
D0746,Sumer Dasgupta,01774859927,sumerdasgupta@gmail.com,1973-03-03,2020-03-10,M,W,N,CYZ-3541,V0460
D0747,Saksham Issac,09453593253,sakshamissac@gmail.com,2004-09-11,2020-10-30,M,W,Y,41-7574K,V0641
D0748,Ranbir Dayal,+910726786241,ranbirdayal@gmail.com,1974-07-27,2020-03-21,M,W,Y,759 XVH,V0167
D0749,Azad Srinivas,08744372880,azadsrinivas@gmail.com,1974-06-17,2020-08-28,M,W,Y,DHS-0238,V0352
D0750,Ehsaan Bhargava,2010860536,ehsaanbhargava@yahoo.com,2000-03-13,2020-07-15,M,W,Y,EME-8282,V0511
D0751,Ivana Zachariah,+910023209448,ivanazachariah@gmail.com,1980-09-02,2020-04-02,M,L,Y,77-JH25,V0614
D0752,Indrajit Sant,05024061886,indrajitsant@yahoo.com,1981-10-28,2020-11-28,F,W,Y,TEF 912,V0579
D0753,Ishita Gokhale,6286930603,ishitagokhale@yahoo.com,1987-07-08,2020-10-16,M,W,Y,RFA-6579,V0195
D0754,Chirag Khanna,04611174623,chiragkhanna@gmail.com,1982-04-05,2020-07-05,M,L,N,114 BHL,V0096
D0755,Bhavin Kalita,06135198880,bhavinkalita@gmail.com,1964-12-01,2020-05-29,M,W,N,1H 7F0ASO,V0840
D0756,Nitya Chowdhury,8114244497,nityachowdhury@yahoo.com,2004-06-02,2020-10-14,F,L,N,KQZ 114,V0057
D0757,Priyansh Sundaram,+914849433907,priyanshsundaram@gmail.com,1989-04-13,2020-06-28,M,W,Y,IYM 902,V0770
D0758,Vanya Apte,01961753730,vanyaapte@yahoo.com,1974-06-12,2020-08-15,M,W,N,565 4FC,V0760
D0759,Uthkarsh Varghese,+917360329467,uthkarshvarghese@gmail.com,1999-10-02,2020-07-29,M,W,Y,510 KSI,V0677
D0760,Drishya Hayer,+912366389110,drishyahayer@yahoo.com,1982-01-11,2020-11-26,M,W,Y,350FWY,V0718
D0761,Aaina Johal,01402538827,aainajohal@yahoo.com,1984-11-25,2020-10-18,M,W,Y,604015,V0209
D0762,Aarav Malhotra,4579149940,aaravmalhotra@yahoo.com,2004-06-25,2020-09-15,F,W,Y,IZQ 351,V0404
D0763,Kashvi Bains,+914156730300,kashvibains@gmail.com,1967-08-29,2020-07-23,M,W,Y,320 4OM,V0415
D0764,Prerak Bera,+916641436208,prerakbera@gmail.com,1966-07-29,2020-04-25,M,L,N,2CK P47,V0231
D0765,Neysa Bhasin,04019239519,neysabhasin@gmail.com,1990-05-01,2020-07-08,M,W,Y,QG5 W2N,V0797
D0766,Indranil Cheema,08221572768,indranilcheema@yahoo.com,1974-12-12,2020-10-15,M,W,N,3-W5436,V0224
D0767,Mehul Rao,03992996123,mehulrao@gmail.com,1966-04-22,2020-09-21,M,L,Y,15-88703,V0527
D0768,Miraan Raju,+918757035040,miraanraju@gmail.com,1994-03-10,2020-04-19,M,W,Y,075 NWF,V0247
D0769,Advika Mani,+912293450295,advikamani@gmail.com,1970-09-01,2020-12-03,M,W,N,GSF 671,V0486
D0770,Anya Soman,5465378611,anyasoman@yahoo.com,1994-05-22,2020-03-21,M,W,N,061 8359,V0759
D0771,Badal Mand,06348221050,badalmand@gmail.com,1985-03-22,2020-01-10,M,W,Y,745BNS,V0122
D0772,Piya Vyas,7407376338,piyavyas@yahoo.com,1988-10-02,2020-11-11,M,L,N,605-SOC,V0786
D0773,Amira Salvi,+916275319675,amirasalvi@gmail.com,1990-07-27,2020-08-30,M,L,N,23-95522,V0693
D0774,Vihaan Sarkar,01293607083,vihaansarkar@yahoo.com,1993-08-01,2020-11-19,M,W,Y,7O 5089G,V0750
D0775,Sahil Zachariah,07482298775,sahilzachariah@yahoo.com,1976-02-07,2020-05-16,M,L,N,MMD 871,V0452
D0776,Nirvi Shukla,6932603437,nirvishukla@gmail.com,1968-10-13,2020-05-15,F,W,Y,9F VB474,V0711
D0777,Madhav Rajan,03460978189,madhavrajan@yahoo.com,1982-05-19,2020-12-23,M,W,Y,VLR-457,V0773
D0778,Anahita Ranganathan,03255141308,anahitaranganathan@yahoo.com,1975-10-21,2020-11-20,M,W,N,758 XNC,V0692
D0779,Sahil Bansal,+919571025989,sahilbansal@yahoo.com,1991-05-29,2020-02-18,F,W,N,5ZR5598,V0566
D0780,Urvi Swamy,03719918321,urviswamy@gmail.com,1994-01-12,2020-06-27,M,W,N,MTS 498,V0382
D0781,Indrans Bera,+916327683641,indransbera@gmail.com,1970-07-12,2020-06-04,M,W,Y,509-QLS,V0263
D0782,Aayush Seshadri,+912568118336,aayushseshadri@yahoo.com,1964-08-18,2020-06-25,F,W,Y,41BI4,V0151
D0783,Onkar Uppal,+918304150852,onkaruppal@yahoo.com,1981-03-27,2020-10-17,M,W,N,787-HVF,V0400
D0784,Manikya Bajwa,+918898425054,manikyabajwa@gmail.com,1983-11-16,2020-08-11,F,W,N,BF 9314,V0034
D0785,Stuvan Arya,+917429565565,stuvanarya@gmail.com,1983-11-09,2020-05-03,M,W,N,10-4035Y,V0724
D0786,Charvi Issac,8291646868,charviissac@yahoo.com,1984-01-12,2020-04-30,M,L,N,NZS-796,V0457
D0787,Uthkarsh Chandran,06675974427,uthkarshchandran@gmail.com,1981-07-12,2020-10-09,M,L,Y,415976,V0493
D0788,Zoya Balan,5304600239,zoyabalan@gmail.com,1993-05-07,2020-09-22,M,L,N,797-RBL,V0232
D0789,Krish Dash,9224640724,krishdash@gmail.com,1992-04-06,2020-04-25,M,W,N,217FKA,V0083
D0790,Miraan Deshpande,7408163718,miraandeshpande@gmail.com,1968-02-11,2020-06-15,M,W,N,JWW-0071,V0185
D0791,Mannat Kapadia,5189626951,mannatkapadia@gmail.com,1990-02-12,2020-02-12,M,W,Y,7Z CL117,V0366
D0792,Riya Kalla,02010278575,riyakalla@yahoo.com,1986-12-06,2020-11-28,M,W,N,TKE-112,V0403
D0793,Amira Aurora,4083717969,amiraaurora@yahoo.com,1965-08-16,2020-07-08,F,W,Y,JIH 337,V0613
D0794,Nayantara Loyal,+910946352662,nayantaraloyal@gmail.com,1979-07-29,2020-08-17,F,L,N,BPL 1441,V0316
D0795,Sara Choudhry,+911022703888,sarachoudhry@gmail.com,1964-10-27,2020-10-15,M,L,N,8NU L47,V0671
D0796,Hrishita Barad,+916509288969,hrishitabarad@yahoo.com,1980-01-18,2020-12-04,M,W,Y,3P 2061S,V0043
D0797,Saanvi Garg,+914916362862,saanvigarg@yahoo.com,1989-01-02,2020-11-15,F,L,Y,UIU0518,V0491
D0798,Pari Kapoor,3315311281,parikapoor@yahoo.com,1982-12-09,2020-02-11,M,W,Y,0392 GN,V0208
D0799,Shayak Luthra,02716786818,shayakluthra@yahoo.com,2003-10-03,2020-09-22,M,W,Y,800 UTG,V0745
D0800,Bhavin Buch,5247329192,bhavinbuch@yahoo.com,1978-11-30,2020-02-19,M,W,N,8C089,V0086
D0801,Jayant Zacharia,+917375292217,jayantzacharia@yahoo.com,1981-12-09,2020-07-03,M,L,Y,ZAW 922,V0121
D0802,Umang Kunda,07525400463,umangkunda@yahoo.com,1987-09-05,2020-02-22,F,L,N,035BKG,V0541
D0803,Dhruv Bera,4917608943,dhruvbera@yahoo.com,1980-04-20,2020-05-10,M,L,Y,YHL 627,V0754
D0804,Adira Kumar,+912636644414,adirakumar@gmail.com,1978-12-05,2020-08-06,M,W,N,HKV-2738,V0650
D0805,Pranay Sahota,6924019906,pranaysahota@gmail.com,1997-04-24,2020-06-30,F,W,Y,PYW 329,V0737
D0806,Nishith Mand,8979320923,nishithmand@gmail.com,1988-07-15,2020-12-01,M,W,N,GWG-125,V0660
D0807,Gatik Deol,1599017967,gatikdeol@yahoo.com,1963-08-05,2020-07-16,M,W,Y,MCT 646,V0626
D0808,Zaina Kala,5971867972,zainakala@yahoo.com,1992-07-22,2020-01-20,M,W,N,437-ETY,V0651
D0809,Rohan Saha,07741260763,rohansaha@gmail.com,1989-12-27,2020-08-21,M,W,N,65GR8,V0377
D0810,Ivana Soni,9598614855,ivanasoni@gmail.com,1995-05-28,2020-02-16,M,W,Y,256 7ZK,V0019
D0811,Riaan Loke,+911302059596,riaanloke@yahoo.com,1977-03-31,2020-06-20,M,W,Y,KFE 835,V0462
D0812,Aayush Kade,09034616234,aayushkade@gmail.com,1983-04-10,2020-05-22,M,L,N,K 422623,V0294
D0813,Shray Madan,+914179790174,shraymadan@yahoo.com,1981-11-15,2020-02-20,M,W,Y,K42 8ZM,V0140
D0814,Anya Barad,03977196321,anyabarad@gmail.com,2000-03-03,2020-02-03,F,L,Y,481 KVD,V0156
D0815,Lagan Gupta,+913711691751,lagangupta@gmail.com,1970-05-30,2020-12-27,M,W,Y,710 7LF,V0385
D0816,Riya Chauhan,0358800608,riyachauhan@gmail.com,1992-03-11,2020-12-26,M,W,N,696WD,V0800
D0817,Jayesh Shah,+916994555956,jayeshshah@yahoo.com,1980-09-14,2020-05-05,M,L,N,J50 7XS,V0407
D0818,Ritvik Gour,0343059506,ritvikgour@yahoo.com,1979-01-18,2020-03-11,M,W,N,KBV-5191,V0818
D0819,Nitara Sarna,+919187742812,nitarasarna@yahoo.com,2000-09-17,2020-05-13,M,L,Y,1GK 770,V0155
D0820,Taimur Salvi,2972808769,taimursalvi@yahoo.com,1976-06-13,2020-03-28,F,W,N,9-59880,V0503
D0821,Aradhya Chowdhury,6801113436,aradhyachowdhury@yahoo.com,1971-02-06,2020-04-13,F,W,Y,S71 2FV,V0436
D0822,Sara Loyal,+913000146161,saraloyal@yahoo.com,1996-07-19,2020-01-12,F,L,Y,VHR 929,V0069
D0823,Vedika Saxena,+916614172272,vedikasaxena@yahoo.com,2004-04-02,2020-08-09,M,W,Y,4-46239Z,V0089
D0824,Keya Shroff,5951406697,keyashroff@gmail.com,1979-07-19,2020-09-08,F,W,N,FJ-4123,V0119
D0825,Ishita Kohli,08790595282,ishitakohli@yahoo.com,1964-08-27,2020-05-13,M,W,Y,08S U36,V0256
D0826,Mohanlal Lal,02874342975,mohanlallal@gmail.com,1976-07-09,2020-09-17,M,W,Y,69-2571K,V0779
D0827,Ayesha Sunder,7849529342,ayeshasunder@gmail.com,1985-12-13,2020-05-24,M,W,N,BLZ W43,V0465
D0828,Dishani Chander,+918081660848,dishanichander@yahoo.com,1969-04-13,2020-04-02,M,L,N,4HN 031,V0812
D0829,Heer Bali,06320000349,heerbali@gmail.com,1985-03-26,2020-11-27,F,W,N,2441 QB,V0470
D0830,Ivana Bail,9819848795,ivanabail@gmail.com,1996-01-05,2020-06-08,F,W,Y,AHM 728,V0217
D0831,Fateh Maharaj,06840375139,fatehmaharaj@yahoo.com,1975-02-20,2020-02-27,M,W,Y,5IZ9421,V0788
D0832,Adah Johal,+915734563962,adahjohal@gmail.com,1989-07-19,2020-02-29,M,W,Y,97O LU8,V0824
D0833,Baiju Sem,+916886927212,baijusem@gmail.com,1986-06-09,2020-02-05,F,W,N,2-F4217,V0379
D0834,Arnav Sachdeva,7316196829,arnavsachdeva@yahoo.com,2005-03-30,2020-01-22,M,W,Y,HUM 221,V0621
D0835,Hridaan Raval,09833327917,hridaanraval@gmail.com,1993-10-11,2020-11-28,M,W,N,720 KYG,V0323
D0836,Ryan Mani,+912841028810,ryanmani@gmail.com,1967-04-17,2020-03-03,M,W,Y,9-Y5231,V0216
D0837,Saanvi Jaggi,01648171621,saanvijaggi@gmail.com,1986-03-19,2020-06-15,M,W,N,2-50677,V0285
D0838,Adah Sami,07664630549,adahsami@gmail.com,1999-10-08,2020-12-16,M,L,Y,9X407,V0494
D0839,Pihu Das,08341388099,pihudas@gmail.com,1964-05-01,2020-10-13,M,W,Y,1AX 840,V0447
D0840,Piya Guha,01802883415,piyaguha@yahoo.com,1990-12-14,2020-11-24,M,W,N,131 FJE,V0639
D0841,Eshani Sachar,4330750879,eshanisachar@gmail.com,1968-09-20,2020-12-09,M,W,Y,COI 874,V0647
D0842,Vedika Balay,2194997693,vedikabalay@gmail.com,1969-09-19,2020-10-13,M,W,N,JXD 585,V0846
D0843,Alisha Maharaj,+918547460269,alishamaharaj@yahoo.com,1999-10-16,2020-10-24,M,W,Y,553-ZNA,V0842
D0844,Yuvaan Ravel,+917346002464,yuvaanravel@yahoo.com,1983-07-21,2020-01-15,M,W,N,EKV2745,V0197
D0845,Nishith Roy,+917207742334,nishithroy@gmail.com,1995-07-20,2020-11-15,M,L,Y,Q 419310,V0092
D0846,Hansh Ramesh,+911266492872,hanshramesh@yahoo.com,1984-02-15,2020-05-20,F,W,N,SOJ 501,V0574
D0847,Vedika Goda,6542413074,vedikagoda@gmail.com,1990-04-17,2020-05-22,F,W,N,ESE 019,V0027
D0848,Mehul Shanker,+917101830870,mehulshanker@gmail.com,1985-09-17,2020-11-17,F,L,N,8L 1667S,V0691
D0849,Samaira Karpe,01605312141,samairakarpe@yahoo.com,1968-12-23,2020-09-24,M,W,N,QS8 6366,V0604
D0850,Kimaya Batra,6007993253,kimayabatra@yahoo.com,2000-05-09,2020-05-12,M,W,Y,BZQ6030,V0502
