pass_id,pass_name,pass_ph_no,pass_email,pass_dob,sign_up_date,pass_gender,device_os,wallet_attached,pass_occupation
P0001,Ritvik Dyal,05194412720,ritvikdyal@gmail.com,1982-04-22,2020-12-30,F,iOS,Y,Lawyer
P0002,Siya Barman,3478403374,siyabarman@gmail.com,1982-12-26,2020-11-09,F,iOS,N,Makeup Artist
P0003,Aradhya Kohli,02586681810,aradhyakohli@gmail.com,1994-02-18,2020-01-10,F,iOS,N,Student
P0004,Rati Ranganathan,+917397166278,ratiranganathan@yahoo.com,1988-03-10,2020-04-12,M,iOS,N,Student
P0005,Ryan Bhagat,+918759219240,ryanbhagat@gmail.com,1999-07-29,2020-03-20,M,iOS,N,Student
P0006,Kimaya Shankar,+916813659106,kimayashankar@yahoo.com,1965-08-17,2020-09-10,F,Android,Y,Journalist
P0007,Veer Soman,06647069390,veersoman@gmail.com,1995-06-17,2020-03-29,F,Android,N,Journalist
P0008,Mamooty Kala,07285614018,mamootykala@yahoo.com,1986-09-06,2020-11-04,F,Android,N,Student
P0009,Sara Halder,03810058691,sarahalder@gmail.com,1973-10-12,2020-09-03,M,Android,N,Teacher
P0010,Dhruv Kunda,07299562365,dhruvkunda@gmail.com,2002-11-30,2020-06-09,M,iOS,N,Teacher
P0011,Shaan Sandal,+919301072796,shaansandal@yahoo.com,1996-10-02,2020-12-08,M,iOS,Y,Lawyer
P0012,Indrans Wagle,03634061357,indranswagle@gmail.com,1977-06-29,2020-07-08,M,Android,Y,Student
P0013,Veer Savant,5656527986,veersavant@gmail.com,2004-04-03,2020-05-10,M,iOS,N,Student
P0014,Stuvan Sodhi,+917365377761,stuvansodhi@yahoo.com,2000-08-08,2020-10-29,F,iOS,N,Lawyer
P0015,Shlok Borde,+917813614799,shlokborde@yahoo.com,1980-07-24,2020-09-25,M,Android,N,Student
P0016,Ojas Halder,0120904128,ojashalder@gmail.com,1973-11-11,2020-02-04,M,Android,Y,Student
P0017,Anay Sachdev,+914877482711,anaysachdev@gmail.com,1981-07-11,2020-11-04,M,iOS,N,Student
P0018,Anahita Mahal,5824162248,anahitamahal@gmail.com,1984-02-01,2020-11-06,M,iOS,N,Makeup Artist
P0019,Onkar Ratti,03895018506,onkarratti@gmail.com,1993-12-13,2020-11-23,F,Android,N,Student
P0020,Rhea Bose,01931309420,rheabose@yahoo.com,1963-01-16,2020-12-23,M,Android,Y,Lawyer
P0021,Raunak Bath,07646812700,raunakbath@yahoo.com,1975-08-03,2020-12-02,M,Android,Y,Student
P0022,Drishya Rajagopal,2612239591,drishyarajagopal@gmail.com,2001-04-02,2020-07-18,F,Android,N,Doctor
P0023,Zaina Bal,01786325524,zainabal@yahoo.com,1984-08-17,2020-05-12,M,iOS,N,Makeup Artist
P0024,Kimaya Shenoy,+915258955871,kimayashenoy@gmail.com,1993-07-28,2020-02-27,M,Android,N,Student
P0025,Kiara Chana,09487608929,kiarachana@yahoo.com,1962-10-01,2020-05-15,M,Android,N,Doctor
P0026,Vihaan Guha,+913205974650,vihaanguha@yahoo.com,2001-02-08,2020-01-29,M,iOS,N,Makeup Artist
P0027,Kiaan Brahmbhatt,01060336956,kiaanbrahmbhatt@yahoo.com,1976-03-16,2020-09-26,F,iOS,N,Teacher
P0028,Mahika Kanda,+913134123574,mahikakanda@gmail.com,1962-11-05,2020-05-13,F,Android,N,Teacher
P0029,Onkar Raja,06510122268,onkarraja@gmail.com,1982-10-01,2020-05-29,M,Android,N,Makeup Artist
P0030,Madhup Ganesan,0050421057,madhupganesan@yahoo.com,1985-01-10,2020-10-04,M,iOS,N,Student
P0031,Manikya Bobal,7595780990,manikyabobal@yahoo.com,2002-07-15,2020-11-17,M,Android,N,Student
P0032,Rasha Khalsa,+913718750392,rashakhalsa@gmail.com,1987-08-23,2020-12-31,F,Android,N,Makeup Artist
P0033,Raghav Golla,9931593667,raghavgolla@yahoo.com,1984-07-05,2020-07-19,M,Android,Y,Doctor
P0034,Myra Bhardwaj,+910120697464,myrabhardwaj@yahoo.com,1973-08-17,2020-03-16,F,iOS,Y,Teacher
P0035,Ayesha Kant,08720818339,ayeshakant@gmail.com,1965-12-23,2020-07-07,M,Android,N,Student
P0036,Navya Sathe,02550265033,navyasathe@yahoo.com,1970-08-26,2020-12-23,F,Android,N,Teacher
P0037,Mamooty Anand,1635255418,mamootyanand@yahoo.com,1995-12-24,2020-05-04,M,iOS,N,Student
P0038,Gatik Jayaraman,04063446797,gatikjayaraman@gmail.com,1990-01-06,2020-04-14,F,Android,Y,Student
P0039,Vardaniya Borah,5280641675,vardaniyaborah@yahoo.com,1968-08-12,2020-09-22,F,iOS,N,Makeup Artist
P0040,Kiara Aurora,04380382638,kiaraaurora@yahoo.com,1991-06-10,2020-02-10,M,Android,N,Makeup Artist
P0041,Ela Bir,5941154815,elabir@gmail.com,1973-03-07,2020-05-24,F,iOS,N,Teacher
P0042,Keya Subramaniam,+918501919672,keyasubramaniam@gmail.com,1983-10-06,2020-03-07,M,iOS,N,Student
P0043,Kimaya Thakkar,+919222877474,kimayathakkar@gmail.com,1975-06-06,2020-06-05,F,Android,Y,Student
P0044,Indranil Shankar,+916529736438,indranilshankar@yahoo.com,1985-11-04,2020-03-02,M,Android,N,Makeup Artist
P0045,Rati Shukla,+915177993082,ratishukla@yahoo.com,1989-12-23,2020-11-07,F,Android,N,Student
P0046,Miraya Luthra,9230663391,mirayaluthra@gmail.com,1983-12-15,2020-09-19,F,Android,Y,Teacher
P0047,Siya Agrawal,+914692198000,siyaagrawal@gmail.com,1967-02-14,2020-09-16,F,Android,N,Makeup Artist
P0048,Amira Borra,1589386745,amiraborra@yahoo.com,1984-09-04,2020-03-03,M,Android,N,Student
P0049,Jayesh Kurian,1009680713,jayeshkurian@yahoo.com,1985-12-19,2020-12-24,M,Android,N,Teacher
P0050,Jivika Rama,00018110264,jivikarama@gmail.com,1970-08-20,2020-03-23,F,iOS,N,Teacher
P0051,Ehsaan Venkataraman,+915316049587,ehsaanvenkataraman@yahoo.com,1986-06-02,2020-10-28,M,Android,N,Journalist
P0052,Khushi Chatterjee,+915378261687,khushichatterjee@yahoo.com,1982-06-27,2020-07-06,M,iOS,N,Student
P0053,Indrajit Devi,03415903666,indrajitdevi@yahoo.com,1999-11-23,2020-05-18,F,iOS,Y,Teacher
P0054,Anaya Sundaram,2595592551,anayasundaram@yahoo.com,1993-01-15,2020-04-10,F,Android,N,Student
P0055,Trisha Shenoy,+919078603647,trishashenoy@gmail.com,1983-12-30,2020-04-11,F,iOS,N,Doctor
P0056,Lavanya Ahuja,03669400578,lavanyaahuja@gmail.com,1981-08-30,2020-10-09,M,iOS,N,Student
P0057,Jayesh Chaudhary,1401815128,jayeshchaudhary@gmail.com,1975-10-08,2020-12-19,M,iOS,N,Student
P0058,Armaan Chowdhury,+910197028828,armaanchowdhury@yahoo.com,1968-02-11,2020-11-09,F,Android,Y,Doctor
P0059,Ivana Kapadia,00345011851,ivanakapadia@gmail.com,1975-04-14,2020-08-11,F,Android,Y,Student
P0060,Krish Gulati,+919758101287,krishgulati@yahoo.com,1990-12-22,2020-02-06,F,Android,Y,Teacher
P0061,Yuvraj  Dasgupta,03917597868,yuvrajdasgupta@gmail.com,1986-07-18,2020-06-19,F,iOS,Y,Student
P0062,Drishya Gulati,7552746011,drishyagulati@gmail.com,1966-08-07,2020-06-07,F,iOS,N,Makeup Artist
P0063,Shayak Chana,03556292866,shayakchana@gmail.com,1978-07-07,2020-02-14,M,iOS,Y,Makeup Artist
P0064,Nirvaan Master,+912222451869,nirvaanmaster@yahoo.com,1983-08-29,2020-03-29,F,Android,N,Teacher
P0065,Drishya Dhar,+917104059920,drishyadhar@gmail.com,1968-05-05,2020-12-15,M,Android,Y,Student
P0066,Diya Chada,08468033107,diyachada@yahoo.com,1981-01-16,2020-08-26,M,Android,N,Student
P0067,Baiju Buch,9273608607,baijubuch@gmail.com,1977-06-08,2020-04-05,M,Android,N,Doctor
P0068,Yakshit Wagle,3851102639,yakshitwagle@yahoo.com,1987-01-20,2020-08-30,M,iOS,Y,Student
P0069,Kiaan Anne,+910615121867,kiaananne@yahoo.com,1978-08-14,2020-01-09,M,Android,N,Makeup Artist
P0070,Yasmin Bhalla,08853164093,yasminbhalla@yahoo.com,1966-10-07,2020-12-04,F,iOS,N,Teacher
P0071,Yuvaan Chawla,07463158243,yuvaanchawla@gmail.com,1965-03-06,2020-03-10,M,Android,N,Student
P0072,Veer Golla,+914532009246,veergolla@yahoo.com,1971-02-27,2020-04-06,F,iOS,N,Makeup Artist
P0073,Anay Dutt,02387909704,anaydutt@yahoo.com,1965-10-01,2020-09-03,F,Android,N,Makeup Artist
P0074,Yuvraj  Date,0130022433,yuvrajdate@yahoo.com,1995-07-06,2020-02-22,F,Android,N,Makeup Artist
P0075,Jhanvi Garg,+910641357779,jhanvigarg@yahoo.com,2005-01-15,2020-11-12,M,Android,N,Teacher
P0076,Priyansh Ramesh,+915716681220,priyanshramesh@yahoo.com,1971-01-07,2020-11-26,M,iOS,N,Student
P0077,Shlok Majumdar,+913060287206,shlokmajumdar@gmail.com,1999-02-09,2020-11-18,F,Android,Y,Doctor
P0078,Sana Atwal,4690390200,sanaatwal@gmail.com,1968-05-12,2020-02-04,F,Android,N,Journalist
P0079,Shalv Savant,+911002499166,shalvsavant@gmail.com,1988-11-25,2020-03-10,M,iOS,Y,Student
P0080,Seher Bir,+918121665816,seherbir@yahoo.com,2004-02-22,2020-10-10,M,Android,N,Student
P0081,Tushar Din,04573803732,tushardin@yahoo.com,1985-12-06,2020-02-23,F,Android,N,Makeup Artist
P0082,Jayant Ramakrishnan,+914828366050,jayantramakrishnan@yahoo.com,1974-04-30,2020-05-23,F,Android,N,Teacher
P0083,Sana Bail,+916189462561,sanabail@gmail.com,1981-04-01,2020-10-14,M,Android,N,Student
P0084,Renee Soman,3939022530,reneesoman@gmail.com,1988-09-26,2020-08-24,M,iOS,N,Student
P0085,Prerak Ganguly,+917127117670,prerakganguly@yahoo.com,1969-11-22,2020-08-14,M,iOS,N,Doctor
P0086,Indrajit Karpe,+913069224592,indrajitkarpe@gmail.com,1993-02-02,2020-03-09,M,Android,N,Student
P0087,Elakshi Keer,+910286246105,elakshikeer@yahoo.com,1984-11-29,2020-02-13,M,Android,Y,Doctor
P0088,Ivan Kala,+919541334139,ivankala@gmail.com,2000-08-08,2020-10-21,M,iOS,N,Journalist
P0089,Emir Sehgal,03898302599,emirsehgal@gmail.com,1979-02-17,2020-04-22,M,Android,Y,Lawyer
P0090,Saksham Khurana,0756236684,sakshamkhurana@gmail.com,1974-11-02,2020-12-04,F,iOS,N,Teacher
P0091,Yuvraj  Rama,6806999011,yuvrajrama@yahoo.com,1976-06-13,2020-02-02,M,Android,N,Makeup Artist
P0092,Suhana Dugar,+911684283838,suhanadugar@gmail.com,1991-06-23,2020-09-12,M,Android,N,Journalist
P0093,Samaira Manne,03355632357,samairamanne@yahoo.com,1972-11-13,2020-12-12,F,Android,N,Lawyer
P0094,Saira Uppal,01596732777,sairauppal@yahoo.com,1980-12-01,2020-03-13,F,iOS,N,Student
P0095,Neelofar Ravel,8210807817,neelofarravel@gmail.com,2001-11-01,2020-06-02,M,Android,Y,Doctor
P0096,Elakshi Din,02549971252,elakshidin@yahoo.com,1999-07-08,2020-10-29,M,Android,N,Student
P0097,Charvi Banik,+915415334958,charvibanik@yahoo.com,1978-08-19,2020-12-20,M,Android,N,Student
P0098,Mamooty Saha,04722480475,mamootysaha@gmail.com,1993-04-19,2020-02-17,F,Android,N,Lawyer
P0099,Reyansh Hora,2551305568,reyanshhora@yahoo.com,1982-11-07,2020-08-03,F,Android,Y,Teacher
P0100,Nirvi Golla,+911217451200,nirvigolla@gmail.com,1966-07-15,2020-08-17,F,Android,N,Doctor
P0101,Armaan Sundaram,6930365013,armaansundaram@gmail.com,1985-03-29,2020-03-22,M,Android,N,Student
P0102,Romil Sankaran,04398383816,romilsankaran@yahoo.com,1984-04-26,2020-01-15,M,Android,N,Teacher
P0103,Mohanlal Sharma,+912884737554,mohanlalsharma@yahoo.com,1963-07-22,2020-08-25,F,Android,N,Teacher
P0104,Kiara Lal,04766500640,kiaralal@gmail.com,1994-12-06,2020-06-11,F,Android,N,Makeup Artist
P0105,Nehmat Chandra,+912122279302,nehmatchandra@yahoo.com,2000-02-11,2020-04-11,M,Android,N,Student
P0106,Divyansh Ray,4782431385,divyanshray@gmail.com,1998-06-19,2020-05-04,F,Android,Y,Student
P0107,Hrishita Bansal,04477565734,hrishitabansal@gmail.com,1988-05-20,2020-02-04,F,Android,Y,Doctor
P0108,Aayush Raval,+910565139076,aayushraval@gmail.com,1969-08-29,2020-10-19,F,iOS,N,Makeup Artist
P0109,Aaryahi Dash,+917338090839,aaryahidash@yahoo.com,1964-12-02,2020-12-27,M,iOS,N,Teacher
P0110,Divyansh Lad,9878605205,divyanshlad@yahoo.com,1978-11-16,2020-11-19,F,Android,Y,Teacher
P0111,Abram Raja,4535635405,abramraja@gmail.com,1966-05-20,2020-01-17,M,Android,N,Journalist
P0112,Charvi Bhakta,06727396955,charvibhakta@gmail.com,2003-04-27,2020-07-27,F,Android,Y,Lawyer
P0113,Miraya Doctor,+913981596561,mirayadoctor@yahoo.com,1995-05-04,2020-06-24,F,iOS,N,Student
P0114,Tanya Kapur,1565773853,tanyakapur@yahoo.com,1992-08-15,2020-01-10,F,Android,N,Student
P0115,Zain Vaidya,04161700270,zainvaidya@yahoo.com,1982-03-06,2020-03-24,M,Android,N,Doctor
P0116,Saksham Raval,01650241619,sakshamraval@yahoo.com,1973-11-09,2020-09-08,M,iOS,N,Teacher
P0117,Neysa Soman,3509179704,neysasoman@yahoo.com,1995-08-18,2020-11-11,M,iOS,Y,Student
P0118,Tejas Joshi,9593764175,tejasjoshi@gmail.com,1996-07-23,2020-01-14,F,Android,N,Doctor
P0119,Samarth Shroff,+919039903010,samarthshroff@yahoo.com,1964-03-04,2020-09-12,F,Android,Y,Student
P0120,Ehsaan Bahri,+913038024436,ehsaanbahri@gmail.com,1992-05-19,2020-03-20,F,Android,N,Student
P0121,Heer Raman,+913824468500,heerraman@yahoo.com,1992-03-23,2020-11-01,F,iOS,N,Makeup Artist
P0122,Kaira Kapur,01103082118,kairakapur@gmail.com,1993-10-24,2020-02-18,M,Android,N,Teacher
P0123,Ishaan Vyas,+914296590777,ishaanvyas@gmail.com,1984-01-26,2020-02-19,M,Android,N,Makeup Artist
P0124,Tanya Baria,5700345218,tanyabaria@yahoo.com,1976-01-06,2020-11-03,F,Android,Y,Doctor
P0125,Ivan Ravi,4485944071,ivanravi@yahoo.com,1992-03-03,2020-11-13,M,Android,N,Teacher
P0126,Ayesha Hans,1648421936,ayeshahans@yahoo.com,1975-01-24,2020-09-05,M,Android,N,Teacher
P0127,Veer Gulati,02015907591,veergulati@gmail.com,1995-01-03,2020-09-03,M,Android,N,Student
P0128,Lakshay Chahal,+913497401107,lakshaychahal@gmail.com,1964-12-05,2020-06-23,F,Android,N,Makeup Artist
P0129,Renee Agarwal,02927268889,reneeagarwal@gmail.com,1997-04-07,2020-05-29,M,Android,N,Student
P0130,Shanaya Vaidya,3930174233,shanayavaidya@yahoo.com,1988-05-31,2020-03-18,M,iOS,N,Student
P0131,Lavanya Biswas,+919827952324,lavanyabiswas@yahoo.com,1985-03-12,2020-03-18,F,Android,N,Makeup Artist
P0132,Aradhya Dugar,2381297886,aradhyadugar@yahoo.com,1967-04-07,2020-02-10,F,iOS,N,Student
P0133,Shlok Bhat,05043123152,shlokbhat@yahoo.com,1986-10-18,2020-05-07,M,iOS,Y,Journalist
P0134,Hiran Salvi,7623078777,hiransalvi@gmail.com,1964-04-08,2020-09-28,M,Android,N,Doctor
P0135,Tushar Hayre,00117949942,tusharhayre@gmail.com,1963-11-24,2020-07-21,M,iOS,Y,Student
P0136,Piya Kibe,0068209033,piyakibe@yahoo.com,1974-04-21,2020-05-22,F,iOS,N,Student
P0137,Vanya Bhardwaj,02731752401,vanyabhardwaj@gmail.com,1966-11-11,2020-10-18,M,iOS,Y,Teacher
P0138,Zara Tak,3358009301,zaratak@yahoo.com,1964-12-09,2020-03-29,M,Android,N,Student
P0139,Ishaan Lalla,+911970491785,ishaanlalla@gmail.com,1986-06-26,2020-05-01,F,iOS,N,Student
P0140,Shalv Mangal,+917487810297,shalvmangal@yahoo.com,1974-07-16,2020-12-06,M,iOS,Y,Teacher
P0141,Anahi Bal,7646717232,anahibal@gmail.com,1973-10-09,2020-04-05,F,iOS,N,Teacher
P0142,Adah Mani,+914335540335,adahmani@yahoo.com,1974-07-18,2020-11-24,M,Android,N,Student
P0143,Vedika Lad,09150315141,vedikalad@yahoo.com,1962-12-09,2020-12-25,F,iOS,N,Teacher
P0144,Nitara Majumdar,4618504579,nitaramajumdar@yahoo.com,1995-08-06,2020-04-22,M,Android,N,Student
P0145,Uthkarsh Dhawan,03450285569,uthkarshdhawan@yahoo.com,1991-07-12,2020-04-30,M,iOS,Y,Student
P0146,Zara Kanda,+919851107641,zarakanda@yahoo.com,1968-06-21,2020-12-13,F,Android,N,Makeup Artist
P0147,Raunak Khosla,06725844237,raunakkhosla@yahoo.com,1991-12-31,2020-08-08,F,iOS,N,Makeup Artist
P0148,Fateh Soni,07320489275,fatehsoni@yahoo.com,1988-03-12,2020-03-23,F,iOS,N,Student
P0149,Neelofar Borah,02316694751,neelofarborah@gmail.com,1976-04-04,2020-11-07,M,iOS,N,Journalist
P0150,Nitya Borde,+910534467871,nityaborde@yahoo.com,2000-05-21,2020-12-10,F,Android,N,Makeup Artist
P0151,Prisha Hans,5207086666,prishahans@yahoo.com,1975-07-15,2020-07-31,M,Android,N,Student
P0152,Mahika Keer,08131560684,mahikakeer@gmail.com,1967-09-04,2020-11-02,F,Android,Y,Student
P0153,Indranil Sangha,1443165993,indranilsangha@gmail.com,1992-04-01,2020-08-25,F,iOS,N,Student
P0154,Yuvaan Dalal,+912263859324,yuvaandalal@gmail.com,2001-12-17,2020-05-08,F,Android,N,Student
P0155,Zeeshan Madan,03550683181,zeeshanmadan@yahoo.com,2003-09-03,2020-03-29,M,iOS,Y,Student
P0156,Tiya Batra,+919349010139,tiyabatra@yahoo.com,1984-09-11,2020-02-11,M,Android,N,Makeup Artist
P0157,Bhavin Jain,+914298422028,bhavinjain@yahoo.com,1974-10-26,2020-06-29,M,iOS,N,Student
P0158,Neelofar Sinha,+915556232051,neelofarsinha@gmail.com,1970-05-03,2020-01-22,M,Android,N,Journalist
P0159,Reyansh Rastogi,8448306237,reyanshrastogi@yahoo.com,1996-04-04,2020-12-15,F,Android,Y,Student
P0160,Zain Loyal,5327353700,zainloyal@gmail.com,1973-03-11,2020-01-17,F,Android,Y,Teacher
P0161,Shamik Bhat,4174564672,shamikbhat@yahoo.com,1997-02-15,2020-10-20,F,Android,Y,Teacher
P0162,Darshit Chana,+914982856157,darshitchana@yahoo.com,1976-04-23,2020-05-05,F,Android,N,Doctor
P0163,Stuvan Khurana,07780849404,stuvankhurana@yahoo.com,1971-08-16,2020-11-17,F,iOS,N,Student
P0164,Pranay Sengupta,+915970393055,pranaysengupta@yahoo.com,1969-12-25,2020-07-21,M,Android,N,Student
P0165,Drishya Chaudhary,03407000561,drishyachaudhary@yahoo.com,1967-11-03,2020-08-07,F,iOS,N,Student
P0166,Sumer Jaggi,08787303595,sumerjaggi@yahoo.com,1972-03-30,2020-01-15,F,Android,N,Student
P0167,Rohan Ganesan,08911593719,rohanganesan@gmail.com,2004-06-27,2020-07-28,M,Android,N,Student
P0168,Charvi Kashyap,04303009207,charvikashyap@gmail.com,1962-07-15,2020-03-14,M,Android,Y,Student
P0169,Umang Balay,+910404110025,umangbalay@gmail.com,1969-07-15,2020-12-13,F,Android,Y,Student
P0170,Dishani Vaidya,+918817484737,dishanivaidya@gmail.com,1998-07-29,2020-03-03,M,iOS,N,Makeup Artist
P0171,Riaan Kala,9159739165,riaankala@yahoo.com,1980-01-30,2020-01-22,F,Android,N,Student
P0172,Ayesha Sane,03797395481,ayeshasane@yahoo.com,1999-05-30,2020-10-30,M,Android,N,Teacher
P0173,Lakshay Gupta,3875813324,lakshaygupta@yahoo.com,1992-06-19,2020-03-15,M,Android,N,Student
P0174,Chirag Vaidya,+913913044034,chiragvaidya@gmail.com,1989-04-05,2020-03-12,M,Android,N,Student
P0175,Hiran Sahota,+911497618591,hiransahota@gmail.com,1980-11-20,2020-05-31,M,Android,N,Teacher
P0176,Rasha Sathe,+913121627626,rashasathe@gmail.com,1974-06-29,2020-01-18,F,Android,N,Student
P0177,Aniruddh Zacharia,7403775896,aniruddhzacharia@gmail.com,1979-07-10,2020-08-16,M,Android,N,Student
P0178,Zaina Sanghvi,+912689199112,zainasanghvi@gmail.com,1983-03-25,2020-05-15,M,iOS,Y,Makeup Artist
P0179,Ishita Gour,+913228089391,ishitagour@yahoo.com,1977-03-18,2020-11-27,F,Android,N,Teacher
P0180,Madhav Sangha,09237824634,madhavsangha@gmail.com,1991-10-30,2020-01-19,F,Android,N,Student
P0181,Tushar Talwar,04643970955,tushartalwar@gmail.com,1972-01-19,2020-03-08,F,Android,N,Teacher
P0182,Parinaaz Gandhi,4743424333,parinaazgandhi@gmail.com,1963-09-13,2020-06-30,M,Android,N,Journalist
P0183,Alia Khare,+910244089898,aliakhare@yahoo.com,2001-11-05,2020-12-18,M,Android,N,Student
P0184,Vidur Gara,2494583808,vidurgara@yahoo.com,1976-11-18,2020-05-01,M,Android,N,Journalist
P0185,Rohan Kalita,08306642096,rohankalita@yahoo.com,1985-04-08,2020-04-10,M,Android,N,Student
P0186,Aarav Lalla,+912011898492,aaravlalla@gmail.com,1977-11-02,2020-07-13,M,Android,N,Student
P0187,Aarush Manne,02774007894,aarushmanne@gmail.com,1983-10-10,2020-03-20,M,iOS,N,Doctor
P0188,Armaan Srinivas,00513149618,armaansrinivas@yahoo.com,1998-08-23,2020-02-20,F,Android,Y,Student
P0189,Nirvaan Wason,00127905495,nirvaanwason@gmail.com,1994-11-20,2020-03-18,M,Android,N,Lawyer
P0190,Adah Khurana,7998071509,adahkhurana@yahoo.com,1984-02-02,2020-07-11,M,Android,N,Teacher
P0191,Kaira Sampath,6200875459,kairasampath@yahoo.com,1996-02-09,2020-07-15,F,iOS,N,Teacher
P0192,Yasmin Chacko,+911765132370,yasminchacko@yahoo.com,1992-12-06,2020-06-19,M,Android,N,Student
P0193,Kashvi Lad,03209308758,kashvilad@yahoo.com,1986-11-14,2020-09-09,M,Android,N,Student
P0194,Hansh Kannan,9745500147,hanshkannan@yahoo.com,1975-08-11,2020-09-28,F,Android,Y,Teacher
P0195,Rasha Butala,7989132947,rashabutala@gmail.com,1976-02-16,2020-12-30,M,Android,N,Makeup Artist
P0196,Eshani Dani,+916383306149,eshanidani@yahoo.com,1999-10-26,2020-07-30,F,Android,N,Teacher
P0197,Dharmajan Goel,1950935224,dharmajangoel@yahoo.com,2001-12-03,2020-06-29,F,Android,N,Doctor
P0198,Ayesha Bali,0615366078,ayeshabali@gmail.com,1994-07-05,2020-06-01,F,Android,N,Doctor
P0199,Mamooty Majumdar,+916130592061,mamootymajumdar@gmail.com,1981-11-18,2020-01-27,M,iOS,N,Makeup Artist
P0200,Saksham Kunda,01190826027,sakshamkunda@gmail.com,1982-03-01,2020-11-13,F,Android,N,Teacher
P0201,Shayak Chauhan,09553678805,shayakchauhan@yahoo.com,1983-12-10,2020-01-19,F,iOS,N,Student
P0202,Yuvaan Sachar,+919457110024,yuvaansachar@gmail.com,1984-05-14,2020-12-23,M,Android,N,Makeup Artist
P0203,Nehmat Samra,5160885343,nehmatsamra@gmail.com,1991-12-25,2020-01-23,F,Android,N,Student
P0204,Inaaya  Deol,+917335125461,inaayadeol@gmail.com,1973-11-23,2020-04-01,F,Android,N,Teacher
P0205,Miraan Banerjee,05274126189,miraanbanerjee@gmail.com,1972-05-30,2020-03-10,M,Android,N,Student
P0206,Dishani Suresh,+914726155188,dishanisuresh@yahoo.com,1998-08-01,2020-03-20,F,Android,N,Journalist
P0207,Aarav Tailor,06222096946,aaravtailor@yahoo.com,1963-09-09,2020-07-11,F,Android,N,Makeup Artist
P0208,Nayantara Sinha,3826334813,nayantarasinha@gmail.com,1967-05-28,2020-10-07,M,iOS,N,Student
P0209,Mannat Samra,09648463001,mannatsamra@yahoo.com,2004-09-29,2020-09-10,F,iOS,N,Makeup Artist
P0210,Pari Bath,06450524842,paribath@gmail.com,1969-01-19,2020-03-07,M,Android,N,Teacher
P0211,Veer Kibe,+919558060238,veerkibe@yahoo.com,1987-09-08,2020-11-15,F,Android,N,Student
P0212,Raunak Mangal,8506323801,raunakmangal@gmail.com,1968-12-28,2020-12-20,F,iOS,N,Makeup Artist
P0213,Ira Sane,09391792781,irasane@yahoo.com,1977-11-03,2020-05-03,M,Android,N,Lawyer
P0214,Pihu Bal,01893228103,pihubal@yahoo.com,1991-11-12,2020-07-30,M,Android,N,Teacher
P0215,Raghav Sem,+914159851405,raghavsem@yahoo.com,1985-05-17,2020-03-27,F,Android,N,Makeup Artist
P0216,Anya Virk,+913134420406,anyavirk@gmail.com,1964-11-12,2020-07-10,F,Android,N,Teacher
P0217,Lavanya Sethi,04483816132,lavanyasethi@gmail.com,1995-01-13,2020-10-28,F,iOS,N,Journalist
P0218,Ryan Kamdar,+913423411755,ryankamdar@gmail.com,2003-04-16,2020-10-26,M,iOS,Y,Teacher
P0219,Akarsh Dass,1946406126,akarshdass@yahoo.com,1992-12-07,2020-12-01,F,Android,N,Student
P0220,Veer Badami,05912546982,veerbadami@gmail.com,1990-08-05,2020-02-04,M,iOS,N,Makeup Artist
P0221,Amani Datta,08515149699,amanidatta@gmail.com,1987-01-17,2020-05-15,F,iOS,N,Journalist
P0222,Emir Chawla,05403254731,emirchawla@gmail.com,1992-12-15,2020-09-16,F,Android,N,Doctor
P0223,Navya Kanda,04051766147,navyakanda@gmail.com,1969-08-19,2020-08-20,M,Android,N,Student
P0224,Kartik Kunda,9533802635,kartikkunda@yahoo.com,1973-03-08,2020-08-10,M,Android,Y,Teacher
P0225,Alia Rege,8002210041,aliarege@yahoo.com,1992-07-09,2020-02-08,F,Android,N,Makeup Artist
P0226,Anika Korpal,8359614390,anikakorpal@yahoo.com,1991-01-22,2020-08-25,F,iOS,N,Student
P0227,Hazel Vaidya,00847914786,hazelvaidya@gmail.com,2002-02-16,2020-12-04,F,iOS,N,Student
P0228,Onkar Viswanathan,+915199560319,onkarviswanathan@gmail.com,1981-09-26,2020-07-17,F,iOS,N,Makeup Artist
P0229,Ivan Hayer,2499246345,ivanhayer@yahoo.com,1983-12-16,2020-02-22,M,Android,N,Journalist
P0230,Ishita Sane,+917646657192,ishitasane@gmail.com,1984-07-09,2020-12-01,M,iOS,Y,Student
P0231,Misha Tata,+913667771331,mishatata@gmail.com,2004-12-06,2020-07-20,F,iOS,N,Student
P0232,Zeeshan Saxena,04494004414,zeeshansaxena@yahoo.com,1990-03-24,2020-12-12,F,iOS,Y,Makeup Artist
P0233,Arhaan Basak,7010498911,arhaanbasak@yahoo.com,1976-10-19,2020-06-24,M,iOS,N,Student
P0234,Mahika Tank,01525221039,mahikatank@yahoo.com,1993-03-17,2020-06-19,M,iOS,N,Student
P0235,Vardaniya Khosla,03695189183,vardaniyakhosla@yahoo.com,2004-04-19,2020-01-30,F,Android,N,Makeup Artist
P0236,Gokul Ganguly,07972636517,gokulganguly@yahoo.com,1997-06-02,2020-12-01,F,Android,Y,Teacher
P0237,Vihaan Balan,4562340835,vihaanbalan@gmail.com,2002-07-29,2020-03-18,F,Android,N,Student
P0238,Dhanush Kannan,+919184417949,dhanushkannan@yahoo.com,1982-06-19,2020-06-27,M,iOS,N,Teacher
P0239,Anahita Wadhwa,07378544226,anahitawadhwa@gmail.com,1977-02-20,2020-05-08,F,Android,N,Student
P0240,Ryan Sarin,6068500904,ryansarin@yahoo.com,2000-10-01,2020-12-04,M,Android,N,Makeup Artist
P0241,Jhanvi Sheth,02910467578,jhanvisheth@yahoo.com,2001-01-08,2020-10-20,M,Android,N,Doctor
P0242,Vaibhav Batra,+914201364895,vaibhavbatra@gmail.com,2001-06-30,2020-05-16,F,Android,N,Teacher
P0243,Sumer Kota,03525381488,sumerkota@gmail.com,2002-01-22,2020-10-20,M,Android,N,Teacher
P0244,Heer Mander,06776676744,heermander@gmail.com,1993-06-09,2020-02-01,M,Android,N,Student
P0245,Kabir Badal,8101191565,kabirbadal@yahoo.com,1963-08-30,2020-01-28,M,iOS,N,Teacher
P0246,Krish Trivedi,01442955359,krishtrivedi@gmail.com,1975-05-02,2020-04-21,F,Android,N,Doctor
P0247,Jayan Ramaswamy,+913358204992,jayanramaswamy@yahoo.com,1976-01-02,2020-08-13,M,iOS,N,Doctor
P0248,Jhanvi Atwal,00331868698,jhanviatwal@yahoo.com,1979-08-27,2020-04-04,F,Android,Y,Student
P0249,Hiran Biswas,+917301046814,hiranbiswas@gmail.com,1984-03-08,2020-05-16,F,iOS,N,Journalist
P0250,Kavya Chaudhari,02815497349,kavyachaudhari@yahoo.com,1985-03-12,2020-05-29,F,Android,N,Teacher
P0251,Nehmat Bawa,7624662149,nehmatbawa@gmail.com,1998-05-25,2020-09-27,M,Android,N,Makeup Artist
P0252,Biju Golla,+914604257326,bijugolla@yahoo.com,1992-05-11,2020-05-28,F,iOS,N,Student
P0253,Kabir Mand,+912112861672,kabirmand@yahoo.com,2002-05-16,2020-03-30,F,Android,N,Journalist
P0254,Suhana Kala,+913622616357,suhanakala@yahoo.com,1986-05-24,2020-05-22,F,Android,N,Lawyer
P0255,Khushi Arora,+913507026091,khushiarora@yahoo.com,1988-03-15,2020-02-27,M,Android,N,Doctor
P0256,Rati Goyal,09750833328,ratigoyal@gmail.com,1993-04-03,2020-01-05,M,Android,Y,Teacher
P0257,Vardaniya Chad,02033883951,vardaniyachad@gmail.com,1990-09-06,2020-12-20,M,Android,N,Makeup Artist
P0258,Ishaan Gokhale,02486437731,ishaangokhale@yahoo.com,1971-01-01,2020-08-08,M,Android,N,Student
P0259,Myra Chadha,04867381625,myrachadha@yahoo.com,1995-08-30,2020-05-17,M,iOS,N,Student
P0260,Aaryahi Tailor,+913760062959,aaryahitailor@gmail.com,1967-02-12,2020-07-26,M,Android,Y,Student
P0261,Kavya Kaur,08409577875,kavyakaur@gmail.com,1992-05-01,2020-04-27,M,iOS,Y,Student
P0262,Hrishita Bhatti,+910325978950,hrishitabhatti@yahoo.com,1973-02-21,2020-12-22,M,Android,N,Student
P0263,Fateh Manda,3736803737,fatehmanda@yahoo.com,1993-10-29,2020-02-02,M,Android,N,Makeup Artist
P0264,Rhea Sastry,0628650991,rheasastry@yahoo.com,1984-02-25,2020-01-01,F,Android,N,Doctor
P0265,Zain Sami,08767181224,zainsami@gmail.com,1966-04-17,2020-08-17,F,Android,N,Student
P0266,Alisha Anne,02656995636,alishaanne@gmail.com,1985-02-24,2020-03-29,M,Android,N,Makeup Artist
P0267,Shalv Mangat,09898143252,shalvmangat@gmail.com,1991-11-29,2020-12-26,M,Android,N,Makeup Artist
P0268,Ahana  Wali,02457735460,ahanawali@yahoo.com,1986-04-06,2020-12-02,M,iOS,N,Teacher
P0269,Jivin Mandal,2716787384,jivinmandal@gmail.com,1974-04-27,2020-09-17,M,Android,N,Student
P0270,Jiya Bhasin,06351377545,jiyabhasin@gmail.com,1972-05-03,2020-01-02,F,Android,Y,Lawyer
P0271,Vanya Bansal,1827099210,vanyabansal@gmail.com,1984-06-13,2020-05-18,M,Android,Y,Doctor
P0272,Aarna Raman,+916070824241,aarnaraman@gmail.com,1983-06-27,2020-12-21,M,Android,N,Teacher
P0273,Kimaya Keer,+916882261391,kimayakeer@gmail.com,1997-01-22,2020-06-02,F,iOS,Y,Doctor
P0274,Jayesh Goswami,5564285864,jayeshgoswami@yahoo.com,1995-03-07,2020-03-22,M,iOS,N,Teacher
P0275,Rania Kota,03111894091,raniakota@gmail.com,1994-02-10,2020-02-26,F,iOS,N,Student
P0276,Damini Divan,03752846536,daminidivan@gmail.com,1991-02-11,2020-05-31,M,Android,N,Makeup Artist
P0277,Ehsaan Mahal,05992691515,ehsaanmahal@gmail.com,2004-06-28,2020-10-03,M,iOS,N,Doctor
P0278,Yuvaan Dora,04576004398,yuvaandora@gmail.com,1969-03-13,2020-10-18,F,Android,N,Lawyer
P0279,Ishita Tak,+918422431417,ishitatak@yahoo.com,1972-10-07,2020-01-08,F,Android,Y,Student
P0280,Ivan Jain,8485591203,ivanjain@yahoo.com,1992-03-10,2020-11-11,F,iOS,N,Makeup Artist
P0281,Nehmat Devan,01609064922,nehmatdevan@yahoo.com,1981-01-11,2020-04-12,F,Android,Y,Teacher
P0282,Pari Mani,7945892313,parimani@gmail.com,1998-09-18,2020-09-16,F,Android,N,Teacher
P0283,Mannat Ganguly,6448237120,mannatganguly@yahoo.com,1975-08-29,2020-04-25,M,Android,Y,Makeup Artist
P0284,Himmat Lall,+914917243603,himmatlall@gmail.com,1965-05-25,2020-10-06,M,Android,N,Makeup Artist
P0285,Nirvaan Lall,1232603969,nirvaanlall@gmail.com,1967-10-30,2020-04-24,M,Android,N,Student
P0286,Shalv Dubey,01248080717,shalvdubey@yahoo.com,2000-01-31,2020-11-23,F,Android,N,Teacher
P0287,Gokul Khare,+917976096634,gokulkhare@yahoo.com,1980-01-25,2020-12-03,M,Android,N,Doctor
P0288,Ivan Balay,+914100378161,ivanbalay@yahoo.com,1970-11-09,2020-06-30,M,iOS,N,Doctor
P0289,Damini Dutt,+918569449023,daminidutt@gmail.com,1991-12-22,2020-10-14,F,iOS,Y,Student
P0290,Hiran Hegde,+916649096398,hiranhegde@yahoo.com,1989-09-17,2020-03-16,F,Android,Y,Student
P0291,Navya Bail,+913548934985,navyabail@yahoo.com,2003-01-27,2020-03-12,F,Android,N,Teacher
P0292,Keya Arora,+913206065631,keyaarora@yahoo.com,1994-02-22,2020-09-29,M,Android,N,Doctor
P0293,Khushi Dada,+914506358179,khushidada@yahoo.com,1963-05-04,2020-11-09,F,Android,N,Journalist
P0294,Samarth Bera,8929811098,samarthbera@yahoo.com,1974-07-05,2020-08-29,M,Android,N,Teacher
P0295,Shlok Jhaveri,05222441092,shlokjhaveri@gmail.com,1978-02-27,2020-02-28,F,iOS,Y,Student
P0296,Samaira Korpal,+913819701623,samairakorpal@gmail.com,1974-09-18,2020-08-20,M,Android,Y,Journalist
P0297,Zeeshan Dyal,1578844769,zeeshandyal@gmail.com,1986-10-10,2020-12-14,M,Android,N,Lawyer
P0298,Yakshit Chaudry,05923571639,yakshitchaudry@yahoo.com,1986-02-11,2020-07-24,F,iOS,N,Student
P0299,Ela Chakrabarti,+910917618917,elachakrabarti@gmail.com,1964-04-03,2020-07-08,M,Android,N,Student
P0300,Khushi Yohannan,+915500068117,khushiyohannan@yahoo.com,1997-11-24,2020-05-20,F,Android,Y,Makeup Artist
P0301,Rasha Bhagat,3065538011,rashabhagat@gmail.com,1969-02-13,2020-01-04,M,Android,N,Journalist
P0302,Ritvik Borah,09176153520,ritvikborah@gmail.com,1971-09-09,2020-09-11,M,Android,N,Teacher
P0303,Shanaya Sarin,+914984534873,shanayasarin@gmail.com,1992-07-10,2020-02-02,F,Android,N,Teacher
P0304,Samiha Dhingra,5228943770,samihadhingra@yahoo.com,2002-08-17,2020-11-28,F,Android,N,Teacher
P0305,Ojas Srinivasan,+915720115290,ojassrinivasan@gmail.com,1995-01-09,2020-02-11,F,Android,Y,Teacher
P0306,Onkar Bajaj,1109417986,onkarbajaj@gmail.com,1980-03-29,2020-10-28,F,iOS,Y,Doctor
P0307,Ayesha Lal,+915757908602,ayeshalal@gmail.com,1983-03-27,2020-11-11,M,Android,N,Student
P0308,Ranbir Agrawal,+911343186373,ranbiragrawal@gmail.com,1993-04-26,2020-11-13,M,Android,N,Student
P0309,Aarush Lad,+919615473522,aarushlad@gmail.com,1990-01-12,2020-03-11,F,iOS,Y,Teacher
P0310,Bhavin Kanda,04694908728,bhavinkanda@yahoo.com,1986-05-24,2020-02-07,F,iOS,Y,Student
P0311,Diya Bhardwaj,6938117387,diyabhardwaj@gmail.com,1987-09-14,2020-10-04,F,iOS,N,Student
P0312,Faiyaz Cherian,05680332004,faiyazcherian@gmail.com,2004-06-11,2020-10-17,M,Android,Y,Teacher
P0313,Neelofar Raju,+911649301963,neelofarraju@yahoo.com,1997-09-22,2020-06-13,F,Android,N,Journalist
P0314,Gokul Sachdeva,03227147038,gokulsachdeva@gmail.com,1990-03-03,2020-06-05,F,Android,N,Teacher
P0315,Baiju Ganesan,5785380135,baijuganesan@gmail.com,1999-05-21,2020-06-24,M,iOS,Y,Teacher
P0316,Gatik Bhattacharyya,+916903003766,gatikbhattacharyya@gmail.com,1985-12-25,2020-07-17,F,iOS,N,Student
P0317,Ritvik Varughese,6417632313,ritvikvarughese@yahoo.com,1979-06-17,2020-06-21,M,Android,N,Student
P0318,Nakul Dora,5357933860,nakuldora@gmail.com,1996-08-30,2020-09-01,F,Android,Y,Teacher
P0319,Eva Khatri,+919475856464,evakhatri@gmail.com,1998-01-28,2020-12-18,M,Android,N,Makeup Artist
P0320,Shayak Kakar,07431971581,shayakkakar@gmail.com,1982-05-01,2020-12-27,F,Android,N,Student
P0321,Khushi Gulati,0187871738,khushigulati@gmail.com,1969-04-02,2020-10-18,F,iOS,N,Makeup Artist
P0322,Mishti Chad,7497964839,mishtichad@yahoo.com,1965-05-11,2020-09-12,M,Android,N,Teacher
P0323,Nitya Chahal,08762848121,nityachahal@gmail.com,1991-07-23,2020-06-17,F,Android,N,Student
P0324,Jhanvi Talwar,7795615856,jhanvitalwar@yahoo.com,1989-10-09,2020-08-11,M,iOS,N,Student
P0325,Indrajit Batta,04864147128,indrajitbatta@gmail.com,1966-01-13,2020-01-17,F,Android,N,Student
P0326,Ishaan Raman,01225618854,ishaanraman@gmail.com,1992-07-20,2020-04-29,F,Android,N,Teacher
P0327,Zeeshan Ghosh,+917028160427,zeeshanghosh@yahoo.com,1995-06-27,2020-10-18,M,Android,N,Teacher
P0328,Elakshi Date,9917989377,elakshidate@yahoo.com,1989-01-31,2020-05-27,F,Android,Y,Makeup Artist
P0329,Advik Handa,+912928707895,advikhanda@gmail.com,2002-12-25,2020-03-03,F,iOS,Y,Makeup Artist
P0330,Indrajit Ratti,00368164068,indrajitratti@yahoo.com,1963-08-28,2020-03-31,F,Android,N,Student
P0331,Hiran Wason,+911986815695,hiranwason@gmail.com,1971-08-28,2020-02-15,M,Android,N,Teacher
P0332,Myra Sur,+911502408083,myrasur@gmail.com,1992-06-15,2020-10-27,F,Android,Y,Student
P0333,Kaira Yohannan,8481174632,kairayohannan@yahoo.com,1967-10-05,2020-05-08,M,Android,N,Makeup Artist
P0334,Samiha Gaba,01105923800,samihagaba@yahoo.com,1996-09-26,2020-08-03,M,Android,N,Makeup Artist
P0335,Ojas Devi,00342601811,ojasdevi@yahoo.com,1981-01-16,2020-09-02,F,Android,N,Student
P0336,Nehmat Dhar,+913769892900,nehmatdhar@yahoo.com,1989-12-29,2020-09-07,F,Android,N,Makeup Artist
P0337,Dharmajan Goel,2407956964,dharmajangoel@yahoo.com,1989-04-11,2020-04-13,M,Android,N,Doctor
P0338,Jivin Ramanathan,03967893804,jivinramanathan@yahoo.com,1969-02-09,2020-01-01,F,iOS,N,Makeup Artist
P0339,Ojas Chandra,05342888079,ojaschandra@yahoo.com,1992-11-11,2020-01-17,M,Android,N,Teacher
P0340,Indrans Batra,+918535893396,indransbatra@yahoo.com,1965-07-03,2020-05-16,F,Android,N,Student
P0341,Ela Varty,08696959005,elavarty@gmail.com,1962-08-27,2020-07-31,F,iOS,Y,Teacher
P0342,Pari Saraf,01437858936,parisaraf@yahoo.com,1991-02-10,2020-11-14,M,Android,N,Student
P0343,Aarush Wali,0513100621,aarushwali@yahoo.com,2001-09-21,2020-02-27,M,iOS,N,Student
P0344,Dhruv Verma,7422715601,dhruvverma@yahoo.com,1962-08-21,2020-12-11,F,Android,Y,Student
P0345,Mahika Zachariah,9406589792,mahikazachariah@gmail.com,1987-05-22,2020-02-09,M,iOS,N,Doctor
P0346,Azad Maharaj,7919382582,azadmaharaj@yahoo.com,1989-03-29,2020-02-10,M,Android,N,Student
P0347,Uthkarsh Sehgal,+916987628819,uthkarshsehgal@yahoo.com,1980-10-03,2020-03-23,F,Android,N,Lawyer
P0348,Emir Chander,5668700298,emirchander@gmail.com,1982-03-23,2020-03-25,M,Android,Y,Journalist
P0349,Zeeshan Raman,03036546812,zeeshanraman@yahoo.com,1969-12-14,2020-08-14,M,iOS,N,Student
P0350,Aaryahi Sane,00998643177,aaryahisane@gmail.com,1967-04-07,2020-05-07,M,Android,Y,Student
P0351,Dhanush Ratti,05844808472,dhanushratti@yahoo.com,1991-04-11,2020-05-08,M,Android,N,Student
P0352,Ahana  Chada,6346087232,ahanachada@gmail.com,2005-06-05,2020-07-13,M,Android,N,Makeup Artist
P0353,Mehul Kant,+913427283394,mehulkant@yahoo.com,1985-04-14,2020-04-13,F,Android,N,Lawyer
P0354,Vedika Sane,0539062352,vedikasane@yahoo.com,1973-01-31,2020-05-25,M,Android,N,Student
P0355,Jiya Ratta,09183098661,jiyaratta@gmail.com,1984-06-18,2020-10-09,F,Android,N,Makeup Artist
P0356,Manjari Mangat,00647125161,manjarimangat@yahoo.com,1971-04-04,2020-06-12,M,Android,N,Teacher
P0357,Saanvi Gokhale,0370194781,saanvigokhale@yahoo.com,1988-12-12,2020-08-12,M,iOS,N,Student
P0358,Mamooty Basu,+917530113230,mamootybasu@gmail.com,1978-11-24,2020-08-05,F,Android,N,Student
P0359,Kimaya Banik,6064476022,kimayabanik@gmail.com,1983-11-20,2020-06-06,F,Android,Y,Teacher
P0360,Saira Tak,1432283485,sairatak@yahoo.com,2004-05-29,2020-09-26,M,Android,N,Student
P0361,Ranbir Uppal,+915047175258,ranbiruppal@yahoo.com,1992-09-05,2020-11-18,F,iOS,N,Teacher
P0362,Anika Manne,+918763178508,anikamanne@gmail.com,1982-04-26,2020-10-30,M,iOS,N,Student
P0363,Hazel Cherian,04120533056,hazelcherian@yahoo.com,1971-01-22,2020-03-05,M,Android,N,Student
P0364,Hridaan Kale,+914772660767,hridaankale@gmail.com,1993-08-05,2020-09-09,F,Android,N,Makeup Artist
P0365,Zaina Shere,+918382927616,zainashere@yahoo.com,1975-10-16,2020-03-29,F,Android,N,Student
P0366,Taimur Rajan,+917657796702,taimurrajan@gmail.com,1998-09-24,2020-12-30,M,iOS,N,Doctor
P0367,Shalv Chaudry,04064540525,shalvchaudry@yahoo.com,2003-05-26,2020-06-27,M,Android,Y,Doctor
P0368,Anvi Lata,8196444678,anvilata@gmail.com,1977-06-19,2020-11-21,F,Android,N,Teacher
P0369,Saanvi Gaba,0385403500,saanvigaba@yahoo.com,1991-03-29,2020-10-04,F,iOS,Y,Teacher
P0370,Nayantara Bir,+911605010586,nayantarabir@yahoo.com,2002-08-02,2020-05-09,M,Android,N,Makeup Artist
P0371,Krish Johal,03195153873,krishjohal@gmail.com,1983-08-01,2020-04-03,M,Android,N,Student
P0372,Ryan Dewan,06442156662,ryandewan@yahoo.com,1983-09-02,2020-11-14,M,Android,N,Lawyer
P0373,Krish Saha,03077658451,krishsaha@gmail.com,1975-10-02,2020-03-31,M,iOS,N,Student
P0374,Kimaya Walla,2569089394,kimayawalla@gmail.com,1968-02-16,2020-01-14,M,Android,N,Student
P0375,Dhanuk Ahuja,+910524146563,dhanukahuja@gmail.com,2002-03-27,2020-04-16,F,Android,N,Makeup Artist
P0376,Zoya Dani,08240550171,zoyadani@yahoo.com,1968-02-03,2020-04-18,M,Android,Y,Student
P0377,Tiya Desai,+913378007805,tiyadesai@gmail.com,1965-10-05,2020-01-24,M,Android,N,Makeup Artist
P0378,Yakshit Suresh,1577985668,yakshitsuresh@gmail.com,2000-04-22,2020-04-10,M,Android,N,Doctor
P0379,Arhaan Bhatti,05439091143,arhaanbhatti@gmail.com,2000-01-18,2020-08-23,F,iOS,N,Teacher
P0380,Tiya Sur,5053646558,tiyasur@gmail.com,1978-08-27,2020-04-25,M,Android,N,Student
P0381,Manjari Kari,7795867248,manjarikari@gmail.com,1987-07-24,2020-02-21,F,iOS,N,Teacher
P0382,Ivana Tailor,0867180941,ivanatailor@gmail.com,1966-02-22,2020-03-25,F,iOS,N,Lawyer
P0383,Anvi Tank,00002823643,anvitank@gmail.com,1968-10-08,2020-08-06,F,Android,Y,Journalist
P0384,Neelofar Sahni,3478210835,neelofarsahni@yahoo.com,1999-10-25,2020-01-07,M,Android,N,Teacher
P0385,Darshit Chadha,09871736770,darshitchadha@gmail.com,1998-06-03,2020-08-25,M,Android,N,Lawyer
P0386,Hansh Chaudhary,+912121483855,hanshchaudhary@yahoo.com,1978-03-24,2020-10-04,F,Android,Y,Student
P0387,Anay Buch,+913301052063,anaybuch@yahoo.com,1993-07-02,2020-08-23,M,Android,N,Teacher
P0388,Divit Ratta,02014368237,divitratta@gmail.com,1997-03-29,2020-07-04,M,iOS,Y,Lawyer
P0389,Aarna Sama,03523242075,aarnasama@yahoo.com,1978-11-09,2020-07-29,M,Android,N,Lawyer
P0390,Shaan Iyer,03679552747,shaaniyer@yahoo.com,1966-03-17,2020-01-16,F,Android,Y,Student
P0391,Arnav Chakraborty,+912482543239,arnavchakraborty@yahoo.com,1973-05-04,2020-11-01,M,Android,N,Student
P0392,Elakshi Andra,8037662433,elakshiandra@gmail.com,1967-01-02,2020-12-01,F,Android,N,Makeup Artist
P0393,Vanya Gopal,01523155049,vanyagopal@yahoo.com,1978-03-04,2020-04-19,M,Android,N,Makeup Artist
P0394,Tejas Dhar,0607204744,tejasdhar@gmail.com,1973-11-18,2020-11-11,M,Android,N,Makeup Artist
P0395,Shanaya Gera,+913118528962,shanayagera@yahoo.com,1966-04-23,2020-05-19,F,iOS,N,Makeup Artist
P0396,Hrishita Chandra,02925483130,hrishitachandra@yahoo.com,1996-01-16,2020-12-14,M,Android,N,Makeup Artist
P0397,Baiju Dara,07303491988,baijudara@gmail.com,1980-11-13,2020-01-10,F,iOS,N,Makeup Artist
P0398,Jhanvi Banerjee,9517005518,jhanvibanerjee@yahoo.com,1971-07-20,2020-11-15,F,Android,N,Teacher
P0399,Ishaan Kuruvilla,+918417260607,ishaankuruvilla@yahoo.com,1987-08-13,2020-09-27,M,iOS,N,Teacher
P0400,Fateh Kumar,6864062055,fatehkumar@yahoo.com,1988-02-06,2020-06-01,M,Android,N,Student
P0401,Yuvraj  Iyer,+914460553148,yuvrajiyer@yahoo.com,1968-07-01,2020-12-09,M,Android,N,Student
P0402,Hazel Sur,09496345923,hazelsur@gmail.com,1999-09-19,2020-03-12,F,Android,N,Teacher
P0403,Jivika Taneja,7664245200,jivikataneja@gmail.com,1986-08-13,2020-12-11,F,Android,Y,Doctor
P0404,Badal Uppal,2270613249,badaluppal@gmail.com,1975-03-10,2020-09-05,M,Android,N,Student
P0405,Mishti Mander,0953137830,mishtimander@gmail.com,1977-01-02,2020-12-20,F,Android,Y,Lawyer
P0406,Ira Sarkar,0601161026,irasarkar@yahoo.com,1986-02-25,2020-06-12,M,Android,N,Student
P0407,Diya Ranganathan,05589107247,diyaranganathan@gmail.com,1988-06-30,2020-02-17,M,Android,N,Student
P0408,Taimur Trivedi,9021957118,taimurtrivedi@gmail.com,1969-05-31,2020-06-21,M,Android,N,Student
P0409,Abram Joshi,06352791291,abramjoshi@yahoo.com,1986-06-15,2020-08-20,F,Android,N,Makeup Artist
P0410,Dharmajan Sahota,+916028282751,dharmajansahota@gmail.com,2002-08-13,2020-10-09,F,iOS,N,Journalist
P0411,Baiju Das,05618300921,baijudas@yahoo.com,1966-12-11,2020-01-12,F,iOS,N,Makeup Artist
P0412,Saira Kadakia,5403485160,sairakadakia@gmail.com,2003-11-09,2020-08-20,M,Android,N,Makeup Artist
P0413,Umang Gour,03329383950,umanggour@gmail.com,1998-05-03,2020-09-11,M,Android,N,Student
P0414,Nakul Lalla,+918703513996,nakullalla@gmail.com,1985-09-29,2020-08-01,F,Android,N,Student
P0415,Samiha Lad,03383091248,samihalad@gmail.com,1974-08-01,2020-03-23,F,Android,N,Makeup Artist
P0416,Ishaan Edwin,06185980024,ishaanedwin@gmail.com,1997-01-15,2020-03-16,M,Android,N,Makeup Artist
P0417,Neelofar Rajagopal,03729901335,neelofarrajagopal@gmail.com,1986-03-30,2020-01-28,F,Android,N,Student
P0418,Suhana Kothari,+915347371710,suhanakothari@yahoo.com,1970-10-20,2020-11-29,F,iOS,N,Student
P0419,Uthkarsh Dora,04657371227,uthkarshdora@gmail.com,1993-03-29,2020-01-16,F,Android,N,Student
P0420,Madhav Bhatnagar,+916606875516,madhavbhatnagar@yahoo.com,2004-04-23,2020-03-31,F,Android,N,Student
P0421,Madhav Chaudhry,9868511346,madhavchaudhry@gmail.com,2005-01-03,2020-02-21,M,iOS,N,Student
P0422,Sumer Raju,9206011721,sumerraju@gmail.com,2004-01-28,2020-05-27,F,Android,Y,Makeup Artist
P0423,Dharmajan Sama,+910213545516,dharmajansama@yahoo.com,1977-06-21,2020-10-21,F,Android,N,Teacher
P0424,Adah Dash,+912541547331,adahdash@yahoo.com,1972-08-26,2020-08-25,F,Android,Y,Teacher
P0425,Nirvaan Tiwari,02335766719,nirvaantiwari@gmail.com,1981-05-01,2020-04-15,F,Android,N,Doctor
P0426,Kimaya Kothari,6542238227,kimayakothari@gmail.com,1962-12-14,2020-03-22,F,iOS,N,Student
P0427,Pihu Ben,6422139669,pihuben@gmail.com,1993-01-03,2020-12-16,F,Android,N,Student
P0428,Raunak Krishnamurthy,+917782264136,raunakkrishnamurthy@gmail.com,2002-01-31,2020-06-22,M,Android,Y,Student
P0429,Advik Singhal,+912973818731,adviksinghal@yahoo.com,1987-05-29,2020-09-27,M,iOS,N,Lawyer
P0430,Keya Randhawa,1600168020,keyarandhawa@gmail.com,1989-05-24,2020-09-05,M,Android,Y,Makeup Artist
P0431,Hrishita Kibe,07644898534,hrishitakibe@yahoo.com,1988-06-17,2020-11-19,F,Android,N,Student
P0432,Miraan Char,9552748957,miraanchar@yahoo.com,1981-07-10,2020-01-09,F,Android,N,Teacher
P0433,Shayak Tara,6812977205,shayaktara@yahoo.com,1995-04-07,2020-10-27,F,Android,Y,Makeup Artist
P0434,Taran Dara,+917728061809,tarandara@gmail.com,2001-12-21,2020-02-24,F,Android,N,Teacher
P0435,Abram Kata,00115678338,abramkata@gmail.com,1993-06-18,2020-12-18,M,iOS,N,Teacher
P0436,Vanya Jain,9371569167,vanyajain@yahoo.com,1976-09-02,2020-05-07,M,iOS,N,Student
P0437,Hazel Madan,5268377448,hazelmadan@gmail.com,1973-10-31,2020-08-12,M,iOS,Y,Teacher
P0438,Adira Mammen,7216225472,adiramammen@gmail.com,1980-02-03,2020-03-19,F,iOS,N,Makeup Artist
P0439,Ela Mane,01628825384,elamane@gmail.com,2002-11-01,2020-01-02,M,iOS,N,Student
P0440,Anaya Dutta,9943087568,anayadutta@yahoo.com,2003-06-22,2020-11-02,M,iOS,N,Student
P0441,Divit Basu,9745925894,divitbasu@gmail.com,2001-08-03,2020-07-10,M,Android,N,Student
P0442,Yakshit Thaman,02101335180,yakshitthaman@gmail.com,1975-08-25,2020-04-02,F,iOS,N,Doctor
P0443,Abram Magar,01188053289,abrammagar@gmail.com,1991-07-29,2020-12-04,F,iOS,Y,Doctor
P0444,Indrans Raval,6176701431,indransraval@gmail.com,1996-06-28,2020-02-16,M,iOS,N,Doctor
P0445,Vivaan Bawa,05822694608,vivaanbawa@yahoo.com,1984-01-05,2020-12-17,M,iOS,N,Makeup Artist
P0446,Zaina Warrior,+913637960877,zainawarrior@gmail.com,1984-05-03,2020-10-14,F,Android,N,Makeup Artist
P0447,Kartik Sood,+912780552040,kartiksood@yahoo.com,1985-09-18,2020-06-22,F,iOS,N,Student
P0448,Heer Ramanathan,+910019351404,heerramanathan@yahoo.com,1966-01-23,2020-11-08,F,Android,Y,Student
P0449,Aaryahi Buch,+915336645812,aaryahibuch@gmail.com,1999-10-26,2020-03-15,M,iOS,N,Lawyer
P0450,Neelofar Sharaf,+919281557806,neelofarsharaf@yahoo.com,1980-08-01,2020-04-02,F,iOS,N,Student
P0451,Divij Ghosh,3476601573,divijghosh@gmail.com,1972-10-26,2020-07-29,F,Android,N,Teacher
P0452,Vritika Bava,+913802155225,vritikabava@gmail.com,1991-11-20,2020-03-31,M,Android,N,Student
P0453,Sahil Viswanathan,06543570958,sahilviswanathan@gmail.com,1982-02-21,2020-10-20,M,iOS,Y,Teacher
P0454,Advik Comar,7831865592,advikcomar@gmail.com,1985-10-14,2020-01-09,M,iOS,Y,Student
P0455,Kabir Jani,4071082641,kabirjani@yahoo.com,1976-06-22,2020-05-17,M,Android,N,Teacher
P0456,Lakshit Khanna,7839593297,lakshitkhanna@gmail.com,1970-04-24,2020-12-24,M,Android,N,Teacher
P0457,Vihaan Bera,6672387032,vihaanbera@gmail.com,1977-01-09,2020-11-03,M,iOS,Y,Student
P0458,Jayesh Kurian,+915515870763,jayeshkurian@gmail.com,1967-06-21,2020-06-20,F,Android,Y,Lawyer
P0459,Heer Behl,2492802942,heerbehl@gmail.com,1981-03-03,2020-06-06,M,Android,N,Teacher
P0460,Aniruddh Varghese,02539519727,aniruddhvarghese@gmail.com,2000-12-17,2020-10-21,M,Android,N,Teacher
P0461,Samarth Khalsa,+918491981687,samarthkhalsa@yahoo.com,1987-02-01,2020-11-06,M,iOS,N,Student
P0462,Anahita Dhar,06177709969,anahitadhar@gmail.com,1973-08-07,2020-04-22,F,Android,N,Student
P0463,Anaya Lala,0391723482,anayalala@yahoo.com,1962-09-29,2020-01-31,M,Android,N,Makeup Artist
P0464,Chirag Dutt,5856470421,chiragdutt@gmail.com,1992-03-23,2020-06-26,M,iOS,N,Doctor
P0465,Shayak Kohli,02999815501,shayakkohli@gmail.com,1999-01-28,2020-05-09,F,Android,N,Student
P0466,Manjari Thakur,+918638549164,manjarithakur@gmail.com,1982-12-07,2020-03-28,M,Android,N,Student
P0467,Urvi Sunder,+915945726695,urvisunder@yahoo.com,1977-04-09,2020-11-14,F,iOS,N,Doctor
P0468,Saksham Gokhale,03963866756,sakshamgokhale@gmail.com,1996-12-29,2020-02-23,M,Android,N,Student
P0469,Elakshi Sridhar,9147839645,elakshisridhar@yahoo.com,1982-09-07,2020-10-24,M,Android,N,Student
P0470,Alia Ahluwalia,+917539496329,aliaahluwalia@gmail.com,1978-01-03,2020-12-16,M,Android,N,Makeup Artist
P0471,Sahil Agrawal,03331780716,sahilagrawal@gmail.com,1984-03-28,2020-01-17,M,iOS,Y,Makeup Artist
P0472,Akarsh Koshy,+918588963955,akarshkoshy@yahoo.com,1965-08-19,2020-05-26,M,iOS,Y,Doctor
P0473,Gatik Shah,3952090278,gatikshah@gmail.com,1979-03-20,2020-03-29,M,Android,N,Journalist
P0474,Kavya Issac,09702703905,kavyaissac@yahoo.com,1992-04-05,2020-03-20,F,Android,N,Student
P0475,Ayesha Loke,+911647057546,ayeshaloke@gmail.com,1980-03-20,2020-05-17,F,Android,Y,Lawyer
P0476,Anahi Ramesh,03675961730,anahiramesh@gmail.com,1966-04-03,2020-04-19,M,iOS,N,Student
P0477,Elakshi Loke,6172872713,elakshiloke@gmail.com,1964-08-10,2020-10-14,F,iOS,N,Makeup Artist
P0478,Ritvik Sankaran,3107977420,ritviksankaran@gmail.com,1992-04-16,2020-02-11,M,Android,N,Makeup Artist
P0479,Biju Loyal,+913273473619,bijuloyal@yahoo.com,1999-01-14,2020-09-05,F,iOS,Y,Doctor
P0480,Yuvaan Mallick,6102734746,yuvaanmallick@yahoo.com,2002-11-29,2020-05-02,M,Android,Y,Journalist
P0481,Adira Rajagopalan,4970054212,adirarajagopalan@gmail.com,2001-03-11,2020-02-24,F,Android,N,Student
P0482,Siya Rajagopalan,+919168630036,siyarajagopalan@gmail.com,1984-08-20,2020-01-08,M,Android,Y,Journalist
P0483,Arhaan Ram,1711040379,arhaanram@gmail.com,1982-06-15,2020-11-27,M,Android,N,Student
P0484,Ishita Sandal,+911784620591,ishitasandal@gmail.com,1970-01-30,2020-04-30,M,Android,N,Lawyer
P0485,Lagan Mane,07300029629,laganmane@gmail.com,2001-12-07,2020-06-29,F,Android,N,Makeup Artist
P0486,Samar Kulkarni,09696069554,samarkulkarni@gmail.com,1975-07-29,2020-10-07,M,Android,Y,Makeup Artist
P0487,Sana Wali,03182145275,sanawali@gmail.com,1984-08-04,2020-09-05,F,iOS,Y,Student
P0488,Akarsh Gokhale,5927421510,akarshgokhale@yahoo.com,1985-08-18,2020-11-13,M,Android,Y,Makeup Artist
P0489,Trisha Taneja,+913442089298,trishataneja@gmail.com,2004-12-05,2020-05-08,M,Android,Y,Doctor
P0490,Arhaan Bobal,09970341627,arhaanbobal@yahoo.com,1975-05-01,2020-11-03,M,Android,N,Student
P0491,Faiyaz Bedi,06565777530,faiyazbedi@yahoo.com,1984-01-09,2020-09-10,M,Android,N,Makeup Artist
P0492,Hridaan Mangal,3129436726,hridaanmangal@gmail.com,2000-10-01,2020-02-04,F,Android,Y,Student
P0493,Shanaya Date,6673182484,shanayadate@gmail.com,1991-11-09,2020-07-28,F,iOS,N,Teacher
P0494,Sara Ramaswamy,+919248841416,sararamaswamy@gmail.com,1971-04-10,2020-06-24,F,Android,N,Teacher
P0495,Badal Dewan,9646975961,badaldewan@yahoo.com,1987-03-02,2020-12-01,F,Android,N,Lawyer
P0496,Kanav Khare,5322710634,kanavkhare@gmail.com,1975-10-24,2020-08-02,M,iOS,N,Makeup Artist
P0497,Nakul Bumb,6820854306,nakulbumb@yahoo.com,1972-02-08,2020-06-17,M,Android,N,Journalist
P0498,Anaya Vasa,05179899273,anayavasa@yahoo.com,1987-11-20,2020-08-17,F,iOS,N,Makeup Artist
P0499,Rania Dhar,+913806593820,raniadhar@gmail.com,1970-11-14,2020-08-12,F,iOS,N,Student
P0500,Tara Sani,9063650178,tarasani@gmail.com,1997-09-13,2020-01-18,F,Android,N,Doctor
P0501,Jiya Chana,7161256880,jiyachana@gmail.com,2001-01-10,2020-07-13,F,Android,N,Student
P0502,Anaya Bhasin,9937850091,anayabhasin@yahoo.com,2005-03-24,2020-08-31,F,Android,N,Teacher
P0503,Gokul Wable,+915419714569,gokulwable@yahoo.com,1996-05-10,2020-01-14,F,Android,N,Teacher
P0504,Onkar Dave,09699592914,onkardave@gmail.com,1982-07-10,2020-04-23,F,iOS,N,Lawyer
P0505,Aarav Kata,09681387276,aaravkata@gmail.com,1983-11-06,2020-05-30,M,Android,N,Student
P0506,Vanya Badami,06398439287,vanyabadami@yahoo.com,1990-03-20,2020-05-25,M,Android,N,Student
P0507,Riya Khalsa,4176968936,riyakhalsa@yahoo.com,1975-08-30,2020-07-07,M,iOS,N,Teacher
P0508,Purab Chad,04457570018,purabchad@gmail.com,1971-12-29,2020-01-20,M,Android,N,Student
P0509,Suhana Ray,+918823750569,suhanaray@yahoo.com,1997-05-29,2020-10-05,M,Android,N,Teacher
P0510,Sara Chandran,01713554889,sarachandran@yahoo.com,1970-09-13,2020-05-23,M,Android,Y,Student
P0511,Vaibhav Ben,3195978234,vaibhavben@gmail.com,2004-01-10,2020-12-18,F,iOS,Y,Student
P0512,Manikya Zacharia,8835592947,manikyazacharia@yahoo.com,2004-10-05,2020-06-21,M,Android,N,Makeup Artist
P0513,Yashvi Bandi,02225022023,yashvibandi@gmail.com,1999-02-07,2020-09-04,M,Android,Y,Lawyer
P0514,Onkar Bala,8591866835,onkarbala@gmail.com,1962-06-18,2020-01-06,F,Android,N,Lawyer
P0515,Priyansh Wali,+912680589841,priyanshwali@yahoo.com,1970-07-14,2020-03-24,M,Android,N,Makeup Artist
P0516,Ojas Venkataraman,05831891122,ojasvenkataraman@gmail.com,1968-04-25,2020-04-30,F,Android,Y,Makeup Artist
P0517,Sara Gaba,07969396935,saragaba@yahoo.com,1973-01-25,2020-01-07,F,iOS,N,Student
P0518,Lakshay Bail,02115190907,lakshaybail@yahoo.com,1968-07-15,2020-05-17,F,Android,N,Doctor
P0519,Hazel Arya,5023078434,hazelarya@gmail.com,1989-02-11,2020-09-17,M,iOS,Y,Makeup Artist
P0520,Eva Kumer,6442191437,evakumer@yahoo.com,1996-03-25,2020-12-20,M,iOS,N,Doctor
P0521,Darshit Lad,6559277362,darshitlad@yahoo.com,2004-02-17,2020-10-23,M,Android,Y,Student
P0522,Saksham Zachariah,+911482007444,sakshamzachariah@gmail.com,1975-03-09,2020-06-07,F,Android,Y,Doctor
P0523,Anya Khurana,+917117678497,anyakhurana@yahoo.com,1995-09-09,2020-07-13,F,Android,N,Journalist
P0524,Ahana  Sangha,05424908530,ahanasangha@yahoo.com,1981-06-27,2020-11-29,M,Android,Y,Teacher
P0525,Devansh Agate,5945283071,devanshagate@yahoo.com,2004-06-09,2020-05-03,F,Android,N,Makeup Artist
P0526,Parinaaz Kurian,08498440199,parinaazkurian@yahoo.com,1982-10-27,2020-09-12,F,Android,Y,Student
P0527,Zoya Chaudhary,8668788005,zoyachaudhary@yahoo.com,1993-03-26,2020-01-18,F,iOS,N,Makeup Artist
P0528,Mehul Kakar,1768358990,mehulkakar@yahoo.com,1989-12-30,2020-06-03,F,Android,Y,Student
P0529,Kismat Kari,05994378244,kismatkari@yahoo.com,1981-10-10,2020-09-09,F,Android,N,Teacher
P0530,Advika Keer,7752523443,advikakeer@gmail.com,1968-09-12,2020-07-27,F,Android,Y,Student
P0531,Khushi Randhawa,4271933223,khushirandhawa@gmail.com,1990-09-02,2020-02-29,F,iOS,N,Student
P0532,Purab Goda,9662476621,purabgoda@gmail.com,1986-12-30,2020-06-24,F,Android,N,Makeup Artist
P0533,Ayesha Kar,+914029254418,ayeshakar@gmail.com,1998-07-07,2020-08-18,M,Android,N,Journalist
P0534,Parinaaz Dash,03057934201,parinaazdash@gmail.com,1998-06-06,2020-06-25,F,Android,N,Makeup Artist
P0535,Mehul Balay,00766052199,mehulbalay@yahoo.com,1996-10-19,2020-03-15,M,iOS,Y,Student
P0536,Anika Sehgal,07807236956,anikasehgal@gmail.com,1995-10-28,2020-11-09,F,Android,N,Makeup Artist
P0537,Ayesha Dash,7056367084,ayeshadash@gmail.com,2000-02-20,2020-07-03,M,Android,N,Student
P0538,Indranil Manne,03190656229,indranilmanne@yahoo.com,2002-12-29,2020-05-21,F,Android,N,Teacher
P0539,Dhanuk Wagle,01936272483,dhanukwagle@gmail.com,1963-12-19,2020-08-29,M,iOS,Y,Journalist
P0540,Vardaniya Dewan,0474978328,vardaniyadewan@yahoo.com,1991-02-10,2020-03-30,M,Android,N,Teacher
P0541,Mahika Doctor,+919314351470,mahikadoctor@gmail.com,1974-12-31,2020-05-03,M,Android,N,Makeup Artist
P0542,Prerak Barad,+918281879844,prerakbarad@gmail.com,2002-12-30,2020-08-20,F,iOS,N,Student
P0543,Lavanya Dhingra,+910925547311,lavanyadhingra@gmail.com,1999-07-31,2020-05-17,F,Android,N,Lawyer
P0544,Arhaan Borde,05264410679,arhaanborde@gmail.com,1987-05-12,2020-11-01,M,Android,N,Makeup Artist
P0545,Ivana Shenoy,+919713813320,ivanashenoy@yahoo.com,1995-01-10,2020-04-22,M,Android,Y,Student
P0546,Aradhya Randhawa,05517852164,aradhyarandhawa@gmail.com,1974-02-20,2020-01-01,F,Android,N,Student
P0547,Mehul Deep,+919341165181,mehuldeep@gmail.com,1971-03-20,2020-05-24,M,Android,N,Student
P0548,Tarini Gaba,4754687356,tarinigaba@gmail.com,1973-10-06,2020-08-10,M,Android,N,Student
P0549,Nayantara Devan,00997239508,nayantaradevan@gmail.com,1995-06-28,2020-06-17,F,Android,N,Teacher
P0550,Vedika Garg,7016356966,vedikagarg@gmail.com,1983-03-14,2020-09-27,F,Android,N,Student
P0551,Ahana  Chad,05819678174,ahanachad@gmail.com,1993-06-04,2020-10-17,M,Android,N,Teacher
P0552,Raunak Taneja,6172817582,raunaktaneja@gmail.com,1972-03-31,2020-01-15,F,Android,N,Teacher
P0553,Piya Wason,02504293808,piyawason@gmail.com,1964-09-24,2020-04-02,F,Android,N,Student
P0554,Yashvi Dua,+917680936911,yashvidua@yahoo.com,1999-04-10,2020-05-14,F,Android,N,Doctor
P0555,Mamooty Sarma,09527223011,mamootysarma@yahoo.com,1962-08-20,2020-07-10,M,Android,N,Makeup Artist
P0556,Raunak Sampath,0590394733,raunaksampath@yahoo.com,1999-04-16,2020-01-18,M,Android,N,Journalist
P0557,Uthkarsh Raj,09150116401,uthkarshraj@gmail.com,1983-07-11,2020-04-21,M,iOS,N,Student
P0558,Divit Yohannan,+914754985662,divityohannan@yahoo.com,1979-08-31,2020-03-26,M,Android,N,Student
P0559,Siya Mane,9086574899,siyamane@gmail.com,1975-03-14,2020-05-08,M,Android,N,Student
P0560,Parinaaz Krishna,9832898213,parinaazkrishna@yahoo.com,1993-05-05,2020-03-10,M,iOS,Y,Doctor
P0561,Saira Rastogi,2740142147,sairarastogi@gmail.com,1986-05-30,2020-10-31,F,iOS,N,Makeup Artist
P0562,Zaina Baria,+911419424216,zainabaria@gmail.com,1975-01-04,2020-03-04,F,Android,Y,Student
P0563,Ojas Grewal,09636894861,ojasgrewal@yahoo.com,1970-06-17,2020-12-20,M,Android,Y,Doctor
P0564,Navya Deo,+919147557513,navyadeo@yahoo.com,2003-02-20,2020-04-03,F,Android,N,Makeup Artist
P0565,Emir Rajagopal,1281028187,emirrajagopal@gmail.com,1988-07-20,2020-09-03,F,iOS,N,Student
P0566,Miraya Rout,09264376438,mirayarout@gmail.com,2002-06-26,2020-11-21,M,Android,N,Doctor
P0567,Darshit Kaul,02554235832,darshitkaul@yahoo.com,1971-01-04,2020-08-18,F,Android,N,Teacher
P0568,Lavanya Deep,01814063370,lavanyadeep@yahoo.com,1998-08-20,2020-12-31,F,iOS,N,Teacher
P0569,Hiran Kala,0080357342,hirankala@yahoo.com,1977-07-21,2020-03-26,M,Android,N,Makeup Artist
P0570,Tarini Uppal,09602264849,tariniuppal@gmail.com,1969-01-26,2020-03-21,F,Android,N,Doctor
P0571,Zaina Lad,+918576400003,zainalad@yahoo.com,1998-03-03,2020-12-04,F,Android,N,Student
P0572,Azad Bhakta,6407466597,azadbhakta@yahoo.com,1981-05-18,2020-05-09,F,Android,N,Makeup Artist
P0573,Navya Sibal,07195882877,navyasibal@yahoo.com,1977-05-25,2020-11-08,F,Android,N,Lawyer
P0574,Jivin Ravi,0392008276,jivinravi@gmail.com,2002-12-07,2020-10-15,M,Android,N,Doctor
P0575,Kaira Sundaram,+919057919852,kairasundaram@yahoo.com,1999-01-23,2020-07-25,M,Android,N,Makeup Artist
P0576,Tara Solanki,+917793912413,tarasolanki@gmail.com,1964-02-14,2020-09-08,F,Android,N,Makeup Artist
P0577,Divij Bhardwaj,06035929454,divijbhardwaj@gmail.com,1969-11-08,2020-03-24,M,Android,N,Makeup Artist
P0578,Aayush Rau,+918457521850,aayushrau@yahoo.com,1981-03-03,2020-10-22,M,iOS,Y,Student
P0579,Fateh Sen,+918215502095,fatehsen@gmail.com,2003-06-27,2020-10-02,M,Android,Y,Teacher
P0580,Aarna Walla,+913946363383,aarnawalla@gmail.com,1969-03-06,2020-10-17,M,Android,N,Teacher
P0581,Anay Ramaswamy,+915683922973,anayramaswamy@yahoo.com,1989-10-31,2020-03-28,M,Android,N,Makeup Artist
P0582,Tara Viswanathan,05843342125,taraviswanathan@yahoo.com,1997-05-08,2020-02-06,F,Android,N,Student
P0583,Madhav Rao,9106230462,madhavrao@gmail.com,2003-03-03,2020-10-20,M,iOS,Y,Student
P0584,Dhanush Behl,08694176118,dhanushbehl@gmail.com,1995-07-04,2020-05-21,M,Android,N,Student
P0585,Zain Kuruvilla,5903344315,zainkuruvilla@gmail.com,1971-07-16,2020-02-05,M,iOS,N,Doctor
P0586,Navya Ben,0651886447,navyaben@gmail.com,1981-08-09,2020-06-19,F,Android,Y,Student
P0587,Ranbir Reddy,+917182243409,ranbirreddy@gmail.com,1968-07-09,2020-11-10,F,Android,N,Lawyer
P0588,Kabir Ravi,8858365457,kabirravi@gmail.com,1971-10-18,2020-10-03,F,Android,Y,Student
P0589,Jhanvi Venkataraman,05291541030,jhanvivenkataraman@gmail.com,1984-09-06,2020-08-19,M,Android,Y,Makeup Artist
P0590,Kismat Balakrishnan,9698179517,kismatbalakrishnan@yahoo.com,2004-04-14,2020-09-16,F,iOS,Y,Teacher
P0591,Mannat Rastogi,+914337476922,mannatrastogi@yahoo.com,1966-12-02,2020-06-28,M,Android,N,Makeup Artist
P0592,Kavya Sawhney,8437992905,kavyasawhney@gmail.com,1967-01-16,2020-11-02,F,Android,N,Student
P0593,Keya Saxena,01880124055,keyasaxena@gmail.com,1979-10-04,2020-03-10,M,iOS,N,Doctor
P0594,Dhanush Deep,02525208804,dhanushdeep@yahoo.com,2000-02-03,2020-04-19,F,Android,N,Student
P0595,Tejas Singhal,+912489201940,tejassinghal@yahoo.com,1976-04-21,2020-12-10,F,Android,N,Teacher
P0596,Parinaaz Doshi,5761895171,parinaazdoshi@gmail.com,1969-11-22,2020-02-27,M,Android,N,Makeup Artist
P0597,Alia Savant,2668340965,aliasavant@yahoo.com,1999-05-29,2020-12-14,M,Android,Y,Student
P0598,Sumer Bhagat,+915015370642,sumerbhagat@yahoo.com,1977-04-12,2020-12-29,M,Android,N,Makeup Artist
P0599,Rasha Bansal,05268196238,rashabansal@gmail.com,1962-10-07,2020-05-13,M,Android,Y,Student
P0600,Vivaan Dugal,09139611058,vivaandugal@gmail.com,1983-07-03,2020-02-13,F,Android,N,Student
P0601,Fateh Sha,+917778439340,fatehsha@gmail.com,2004-03-22,2020-11-13,F,iOS,N,Doctor
P0602,Mehul Bhakta,+911816898458,mehulbhakta@yahoo.com,2004-05-16,2020-03-13,F,Android,N,Student
P0603,Kimaya Basu,04141620488,kimayabasu@gmail.com,1970-10-04,2020-10-07,F,Android,Y,Makeup Artist
P0604,Stuvan Mani,+919652752923,stuvanmani@yahoo.com,1991-10-30,2020-09-05,F,iOS,N,Student
P0605,Prisha Chatterjee,+912025624652,prishachatterjee@yahoo.com,1981-02-14,2020-09-13,F,iOS,Y,Teacher
P0606,Zain Jani,7466009801,zainjani@yahoo.com,2001-08-05,2020-05-12,M,Android,N,Student
P0607,Kabir Ganesan,07443401036,kabirganesan@gmail.com,1979-05-05,2020-09-28,F,Android,N,Teacher
P0608,Drishya Yohannan,08790149527,drishyayohannan@yahoo.com,1979-04-07,2020-11-15,F,Android,Y,Journalist
P0609,Uthkarsh Saran,05686396170,uthkarshsaran@gmail.com,1991-04-13,2020-04-04,F,Android,N,Journalist
P0610,Chirag Venkatesh,03936106541,chiragvenkatesh@gmail.com,2001-04-23,2020-11-19,M,Android,N,Student
P0611,Dharmajan Talwar,+919869070336,dharmajantalwar@yahoo.com,1995-04-09,2020-05-11,M,Android,N,Makeup Artist
P0612,Farhan Bhattacharyya,+918689282750,farhanbhattacharyya@yahoo.com,1989-01-31,2020-11-25,M,iOS,Y,Student
P0613,Taimur Anne,+916474763601,taimuranne@gmail.com,2002-10-17,2020-04-07,M,Android,Y,Student
P0614,Biju Shankar,3938180346,bijushankar@gmail.com,2000-06-02,2020-05-22,F,Android,N,Teacher
P0615,Nishith Babu,06405323308,nishithbabu@gmail.com,1976-09-03,2020-08-05,M,Android,Y,Student
P0616,Vanya Mander,3142545894,vanyamander@gmail.com,1992-01-08,2020-01-02,M,Android,N,Makeup Artist
P0617,Jivika Wable,03619191375,jivikawable@gmail.com,1993-03-26,2020-10-17,F,Android,N,Makeup Artist
P0618,Alia Tak,+914661241499,aliatak@gmail.com,1983-04-08,2020-03-27,F,Android,N,Student
P0619,Saira Chawla,03439320965,sairachawla@gmail.com,2003-02-09,2020-04-23,M,Android,N,Teacher
P0620,Shray Madan,0600797246,shraymadan@gmail.com,1975-08-12,2020-11-26,M,Android,N,Student
P0621,Armaan De,04625508788,armaande@yahoo.com,1977-06-04,2020-06-19,F,Android,Y,Makeup Artist
P0622,Manjari Ghose,7681633701,manjarighose@yahoo.com,2000-05-01,2020-01-04,F,Android,N,Teacher
P0623,Alia Seshadri,8709979356,aliaseshadri@yahoo.com,1978-01-23,2020-05-14,F,Android,N,Student
P0624,Kimaya Majumdar,06555442306,kimayamajumdar@gmail.com,2002-09-22,2020-12-09,F,Android,N,Teacher
P0625,Adira Sangha,00870897638,adirasangha@yahoo.com,1976-05-01,2020-09-09,F,iOS,Y,Student
P0626,Lavanya Sem,+919220890824,lavanyasem@yahoo.com,1997-05-11,2020-08-30,M,Android,N,Makeup Artist
P0627,Mehul Khare,+919706371259,mehulkhare@gmail.com,1981-09-16,2020-04-25,F,iOS,Y,Lawyer
P0628,Khushi Chauhan,0870468928,khushichauhan@gmail.com,1991-01-24,2020-07-19,M,iOS,Y,Makeup Artist
P0629,Dharmajan Srivastava,1704101906,dharmajansrivastava@gmail.com,1997-01-14,2020-01-26,F,Android,N,Teacher
P0630,Aniruddh Lad,03496231899,aniruddhlad@gmail.com,1974-06-11,2020-08-25,M,Android,N,Student
P0631,Kiara Agarwal,+912552061660,kiaraagarwal@yahoo.com,1975-02-15,2020-05-26,M,Android,N,Doctor
P0632,Saksham Mangal,+918016343827,sakshammangal@yahoo.com,1966-03-28,2020-10-01,M,Android,N,Student
P0633,Lakshit Walia,9822706776,lakshitwalia@yahoo.com,1988-01-26,2020-12-23,M,Android,N,Student
P0634,Arnav Mammen,+913130145504,arnavmammen@gmail.com,1972-05-28,2020-01-31,F,Android,N,Teacher
P0635,Ayesha Jaggi,+919714771698,ayeshajaggi@yahoo.com,1983-12-21,2020-02-01,F,Android,N,Teacher
P0636,Vidur Dhawan,+915325084506,vidurdhawan@yahoo.com,1989-06-07,2020-11-12,F,Android,N,Student
P0637,Badal Khosla,0118647564,badalkhosla@gmail.com,1967-01-19,2020-05-24,F,Android,Y,Student
P0638,Nirvaan Choudhary,2079876551,nirvaanchoudhary@gmail.com,1975-07-13,2020-07-24,M,Android,Y,Student
P0639,Mamooty Doctor,6095888923,mamootydoctor@yahoo.com,1994-09-14,2020-07-16,M,iOS,N,Makeup Artist
P0640,Ryan Bal,+916570000363,ryanbal@gmail.com,1970-02-02,2020-03-11,F,Android,N,Student
P0641,Pari Dara,+914637458495,paridara@yahoo.com,2001-08-14,2020-07-03,F,iOS,N,Student
P0642,Zain Sandhu,6074018768,zainsandhu@gmail.com,1992-05-09,2020-06-15,F,Android,N,Makeup Artist
P0643,Samiha Yadav,+913507384911,samihayadav@gmail.com,1982-01-24,2020-11-22,F,Android,N,Makeup Artist
P0644,Vedika Goyal,3666835051,vedikagoyal@gmail.com,1976-01-12,2020-06-20,M,Android,N,Teacher
P0645,Siya Anne,+919185593663,siyaanne@yahoo.com,1976-12-16,2020-11-07,F,Android,Y,Teacher
P0646,Lakshit Sundaram,5937413484,lakshitsundaram@yahoo.com,1972-02-05,2020-06-05,M,iOS,N,Journalist
P0647,Mannat Das,01368606070,mannatdas@yahoo.com,1969-11-22,2020-05-03,F,Android,N,Student
P0648,Aniruddh Lall,+916132380893,aniruddhlall@yahoo.com,2002-10-22,2020-12-30,M,iOS,N,Student
P0649,Anya Ben,02892617402,anyaben@gmail.com,1967-09-25,2020-07-05,M,Android,N,Doctor
P0650,Jivin Chaudhari,+919140571895,jivinchaudhari@gmail.com,1969-04-16,2020-01-19,M,iOS,N,Student
P0651,Hazel Rout,+916153825665,hazelrout@yahoo.com,2000-11-13,2020-10-24,F,iOS,N,Makeup Artist
P0652,Reyansh Som,9886884020,reyanshsom@yahoo.com,1968-03-29,2020-07-01,F,iOS,Y,Student
P0653,Gatik Ravel,08613022472,gatikravel@yahoo.com,2003-10-30,2020-08-04,M,Android,Y,Teacher
P0654,Bhamini Halder,+910126170289,bhaminihalder@gmail.com,1996-02-02,2020-06-15,F,Android,N,Student
P0655,Damini Dhawan,00788833451,daminidhawan@gmail.com,1985-10-19,2020-10-13,M,Android,Y,Student
P0656,Madhup Chadha,07199410594,madhupchadha@yahoo.com,1998-08-07,2020-02-09,F,Android,N,Student
P0657,Indrans Kannan,+918061944250,indranskannan@gmail.com,1972-11-28,2020-02-07,M,Android,N,Makeup Artist
P0658,Aayush Chandra,06040796636,aayushchandra@gmail.com,1987-03-27,2020-10-02,M,iOS,Y,Student
P0659,Shayak Vala,+912093207649,shayakvala@yahoo.com,1973-03-11,2020-11-17,F,Android,Y,Student
P0660,Kartik Sahni,+913712528399,kartiksahni@yahoo.com,1983-04-15,2020-11-10,M,Android,Y,Student
P0661,Baiju Dutta,+919720886862,baijudutta@yahoo.com,1990-05-25,2020-12-01,M,Android,N,Student
P0662,Navya Borra,03493058827,navyaborra@yahoo.com,1985-05-05,2020-07-09,M,Android,N,Student
P0663,Nehmat Balan,+915414774261,nehmatbalan@yahoo.com,1994-09-01,2020-07-02,M,iOS,Y,Teacher
P0664,Nehmat Ben,07119384074,nehmatben@gmail.com,2002-07-12,2020-10-26,M,Android,Y,Teacher
P0665,Sahil Bandi,5944903046,sahilbandi@gmail.com,1989-06-07,2020-06-09,F,iOS,N,Doctor
P0666,Vidur Kade,+913738562848,vidurkade@gmail.com,1978-06-22,2020-06-23,F,Android,N,Student
P0667,Renee Tripathi,04399794507,reneetripathi@yahoo.com,1979-07-12,2020-02-06,F,Android,Y,Student
P0668,Rasha Choudhury,3679400932,rashachoudhury@yahoo.com,1984-10-05,2020-01-29,M,iOS,Y,Student
P0669,Nayantara Gera,+910840700492,nayantaragera@gmail.com,1973-09-22,2020-08-05,F,Android,N,Teacher
P0670,Anahita Sethi,00694804655,anahitasethi@gmail.com,1972-04-23,2020-02-10,M,Android,N,Student
P0671,Priyansh Biswas,08614679009,priyanshbiswas@gmail.com,1987-10-27,2020-07-13,F,Android,N,Makeup Artist
P0672,Uthkarsh Datta,+917812229379,uthkarshdatta@yahoo.com,2005-01-03,2020-12-15,F,Android,N,Journalist
P0673,Hunar Kibe,2171667053,hunarkibe@yahoo.com,1995-12-27,2020-07-06,M,Android,Y,Student
P0674,Rania Sunder,8727185916,raniasunder@gmail.com,1999-03-25,2020-10-23,M,Android,N,Teacher
P0675,Anvi Deo,0210347044,anvideo@gmail.com,1976-08-10,2020-01-09,M,Android,N,Makeup Artist
P0676,Samaira Bhandari,00075368306,samairabhandari@yahoo.com,1969-05-18,2020-11-28,F,Android,N,Teacher
P0677,Bhavin Kala,+916789339214,bhavinkala@gmail.com,1994-01-28,2020-04-10,F,Android,N,Makeup Artist
P0678,Kanav Yogi,04455589524,kanavyogi@gmail.com,1988-03-05,2020-09-12,F,Android,N,Makeup Artist
P0679,Ritvik Ray,+917034978147,ritvikray@gmail.com,1982-05-28,2020-12-14,M,iOS,N,Teacher
P0680,Ahana  Balakrishnan,5721941213,ahanabalakrishnan@yahoo.com,1972-08-21,2020-04-21,M,iOS,N,Makeup Artist
P0681,Nakul Mani,+914398790803,nakulmani@gmail.com,1983-05-28,2020-11-05,F,Android,Y,Lawyer
P0682,Pari Sachdev,7022031767,parisachdev@gmail.com,1972-04-14,2020-09-16,M,Android,N,Student
P0683,Aniruddh Yadav,03326289530,aniruddhyadav@gmail.com,1980-08-08,2020-09-25,M,Android,N,Doctor
P0684,Ahana  Dhingra,2753565559,ahanadhingra@gmail.com,1980-12-04,2020-03-14,M,iOS,Y,Student
P0685,Navya Sami,+916782420292,navyasami@yahoo.com,1982-09-20,2020-10-06,F,Android,N,Teacher
P0686,Lagan Krishnan,0105798436,lagankrishnan@gmail.com,1964-07-20,2020-01-06,F,Android,N,Lawyer
P0687,Bhavin Soni,06023124718,bhavinsoni@yahoo.com,1991-11-14,2020-12-23,F,Android,Y,Student
P0688,Bhamini Chaudhari,+914972554963,bhaminichaudhari@gmail.com,1992-11-29,2020-07-15,M,Android,Y,Student
P0689,Farhan Bhakta,7412540546,farhanbhakta@yahoo.com,1978-09-02,2020-12-10,F,Android,Y,Teacher
P0690,Anya Mammen,+916637879383,anyamammen@gmail.com,2002-02-05,2020-06-18,M,iOS,N,Student
P0691,Kiaan Shankar,04662942665,kiaanshankar@gmail.com,1997-02-07,2020-06-13,F,Android,Y,Journalist
P0692,Arhaan Ray,00035332827,arhaanray@yahoo.com,2002-04-06,2020-12-31,M,iOS,Y,Student
P0693,Alia Dayal,2675418464,aliadayal@gmail.com,1981-06-06,2020-09-09,F,Android,Y,Lawyer
P0694,Nirvaan Deep,00805445138,nirvaandeep@gmail.com,1971-11-30,2020-04-07,F,iOS,N,Student
P0695,Urvi Sehgal,1747383852,urvisehgal@gmail.com,1983-12-27,2020-08-01,M,Android,N,Student
P0696,Adah Ram,8225068942,adahram@gmail.com,1986-04-22,2020-12-31,F,Android,N,Student
P0697,Sana Zachariah,+915555478818,sanazachariah@yahoo.com,1986-04-14,2020-09-26,F,Android,Y,Teacher
P0698,Damini Shanker,00764883807,daminishanker@gmail.com,1988-07-14,2020-11-25,F,iOS,N,Student
P0699,Hrishita Vaidya,9511852205,hrishitavaidya@gmail.com,2004-09-03,2020-06-26,M,iOS,Y,Journalist
P0700,Aaryahi Krishnamurthy,+914940765588,aaryahikrishnamurthy@yahoo.com,1969-05-11,2020-06-28,M,Android,N,Doctor
P0701,Indrans Bava,08135358526,indransbava@gmail.com,1980-10-01,2020-10-01,M,iOS,N,Journalist
P0702,Anahita Sura,07519829178,anahitasura@yahoo.com,1969-09-14,2020-11-24,M,Android,N,Student
P0703,Amira Kumer,+918370185271,amirakumer@gmail.com,2001-11-12,2020-10-04,F,iOS,Y,Makeup Artist
P0704,Khushi Dubey,01718057147,khushidubey@yahoo.com,1976-06-28,2020-02-03,M,Android,Y,Doctor
P0705,Damini Sani,00144516180,daminisani@yahoo.com,1962-09-18,2020-09-10,F,Android,N,Makeup Artist
P0706,Devansh Butala,1187336869,devanshbutala@gmail.com,1989-10-31,2020-06-14,F,Android,Y,Student
P0707,Suhana Subramanian,09989348737,suhanasubramanian@gmail.com,2003-05-26,2020-03-19,M,Android,N,Lawyer
P0708,Sara Jaggi,+917782333178,sarajaggi@gmail.com,1999-05-20,2020-09-15,F,iOS,N,Teacher
P0709,Pihu Yadav,02470447473,pihuyadav@yahoo.com,1974-03-30,2020-01-14,F,Android,N,Teacher
P0710,Faiyaz Srinivas,00434135828,faiyazsrinivas@yahoo.com,1990-04-22,2020-11-22,F,Android,N,Student
P0711,Kismat Vig,07495946299,kismatvig@gmail.com,1998-12-18,2020-04-28,M,iOS,N,Student
P0712,Mishti Wali,1860945323,mishtiwali@yahoo.com,1977-11-30,2020-10-12,F,Android,N,Student
P0713,Jivika Gupta,0341791459,jivikagupta@gmail.com,1977-10-04,2020-03-03,M,Android,Y,Teacher
P0714,Gokul Chander,09829116718,gokulchander@yahoo.com,1965-09-02,2020-03-08,F,iOS,N,Teacher
P0715,Vaibhav Bhatti,6473700738,vaibhavbhatti@gmail.com,1969-01-13,2020-07-29,F,iOS,N,Student
P0716,Anvi Kothari,+916837572743,anvikothari@yahoo.com,1968-10-05,2020-10-23,F,Android,N,Makeup Artist
P0717,Mahika Luthra,06308603684,mahikaluthra@gmail.com,1988-08-14,2020-02-18,F,Android,N,Makeup Artist
P0718,Prerak Wali,+917562378812,prerakwali@yahoo.com,1969-04-21,2020-08-27,F,Android,Y,Doctor
P0719,Saira Dugal,6278075446,sairadugal@gmail.com,1980-03-23,2020-10-30,F,Android,N,Teacher
P0720,Kismat Doctor,+919011370447,kismatdoctor@yahoo.com,2002-12-28,2020-09-17,M,Android,Y,Doctor
P0721,Pihu Gara,+912670688996,pihugara@gmail.com,1963-12-29,2020-12-07,F,Android,N,Student
P0722,Vaibhav Kalla,5149415313,vaibhavkalla@gmail.com,1987-01-11,2020-12-22,F,iOS,N,Student
P0723,Ishita Tak,04373641093,ishitatak@gmail.com,1973-07-24,2020-04-30,M,iOS,N,Student
P0724,Priyansh Som,5653876641,priyanshsom@yahoo.com,1979-04-30,2020-09-05,F,iOS,N,Doctor
P0725,Raghav DAlia,8319085430,raghavdalia@yahoo.com,1975-06-23,2020-11-29,M,Android,N,Journalist
P0726,Jayesh Arya,8375147375,jayesharya@gmail.com,2005-05-18,2020-07-07,F,Android,N,Journalist
P0727,Saira Goel,03080013916,sairagoel@gmail.com,1987-12-01,2020-07-19,F,Android,N,Lawyer
P0728,Mishti Kala,08320619598,mishtikala@yahoo.com,1998-05-29,2020-04-23,M,Android,N,Student
P0729,Shanaya Issac,+912867146020,shanayaissac@gmail.com,2001-12-05,2020-11-17,F,iOS,Y,Doctor
P0730,Seher Kulkarni,08819877827,seherkulkarni@gmail.com,1968-08-12,2020-12-18,M,Android,N,Doctor
P0731,Neelofar Dube,5280477154,neelofardube@gmail.com,1980-10-07,2020-05-20,F,Android,N,Makeup Artist
P0732,Zoya Loyal,00198202258,zoyaloyal@yahoo.com,1971-01-27,2020-09-12,M,Android,N,Student
P0733,Hridaan Dani,04658517957,hridaandani@yahoo.com,2000-06-17,2020-07-16,M,Android,N,Teacher
P0734,Uthkarsh Ahluwalia,9724473571,uthkarshahluwalia@gmail.com,1996-07-17,2020-06-13,M,Android,N,Makeup Artist
P0735,Anya Guha,7972455578,anyaguha@yahoo.com,1976-01-10,2020-02-13,F,iOS,N,Student
P0736,Advika Rout,01913020527,advikarout@gmail.com,1986-04-09,2020-11-06,M,Android,N,Student
P0737,Faiyaz Banik,0441836574,faiyazbanik@yahoo.com,1991-01-23,2020-12-10,F,Android,Y,Student
P0738,Myra Bala,7602310986,myrabala@gmail.com,1978-03-14,2020-03-03,M,Android,N,Student
P0739,Bhamini Madan,4720696024,bhaminimadan@gmail.com,1971-12-17,2020-08-18,F,iOS,N,Makeup Artist
P0740,Ela Vora,1416571099,elavora@gmail.com,1965-05-29,2020-08-19,F,Android,N,Student
P0741,Neysa Setty,07723864524,neysasetty@gmail.com,1996-02-01,2020-09-26,F,Android,N,Journalist
P0742,Vivaan Dey,+919654812234,vivaandey@yahoo.com,1969-10-11,2020-02-12,M,iOS,N,Student
P0743,Nishith Vala,05680115857,nishithvala@yahoo.com,1994-05-01,2020-02-19,M,iOS,N,Makeup Artist
P0744,Anika Master,2758046343,anikamaster@gmail.com,1964-06-22,2020-10-28,M,Android,N,Makeup Artist
P0745,Onkar Chadha,5647207584,onkarchadha@yahoo.com,2000-11-10,2020-05-18,M,iOS,N,Teacher
P0746,Seher Sule,5098214912,sehersule@yahoo.com,1992-11-10,2020-12-06,F,Android,N,Student
P0747,Lagan Issac,0666691203,laganissac@yahoo.com,1978-12-04,2020-12-02,F,iOS,N,Makeup Artist
P0748,Ivana Malhotra,02625818509,ivanamalhotra@gmail.com,1977-01-16,2020-03-05,F,iOS,N,Student
P0749,Inaaya  Chahal,9799447038,inaayachahal@gmail.com,1984-01-19,2020-06-03,M,Android,N,Student
P0750,Samiha Lalla,2163477711,samihalalla@yahoo.com,1992-01-11,2020-12-05,F,Android,Y,Student
P0751,Ehsaan Dara,+918013427732,ehsaandara@yahoo.com,1983-02-07,2020-02-23,M,Android,Y,Student
P0752,Samarth Bhattacharyya,8871053842,samarthbhattacharyya@gmail.com,1977-07-05,2020-01-02,F,Android,Y,Student
P0753,Jivin Balan,+916185743223,jivinbalan@gmail.com,1973-10-10,2020-07-14,M,iOS,N,Lawyer
P0754,Lagan Sunder,8378142327,lagansunder@yahoo.com,1996-08-19,2020-02-10,F,Android,N,Student
P0755,Ishaan Hegde,00844743026,ishaanhegde@yahoo.com,2001-06-23,2020-05-09,M,iOS,N,Student
P0756,Samiha Kara,+910942132874,samihakara@gmail.com,1968-02-29,2020-05-07,F,Android,N,Student
P0757,Jhanvi Sabharwal,+917376855589,jhanvisabharwal@gmail.com,1998-11-04,2020-07-17,M,iOS,N,Teacher
P0758,Indrajit Barman,9630067400,indrajitbarman@gmail.com,1998-12-23,2020-04-11,M,Android,Y,Student
P0759,Shamik Singh,+917320955023,shamiksingh@gmail.com,1998-10-06,2020-02-24,F,Android,N,Makeup Artist
P0760,Samar Lad,+915283421342,samarlad@yahoo.com,2003-01-05,2020-01-30,M,Android,Y,Makeup Artist
P0761,Keya Jani,+917339291658,keyajani@gmail.com,2001-02-18,2020-03-10,F,Android,N,Doctor
P0762,Jivin Chandra,+914857604146,jivinchandra@yahoo.com,1996-04-30,2020-10-23,F,Android,N,Student
P0763,Ivana Sinha,2054392672,ivanasinha@gmail.com,1981-01-21,2020-03-02,F,Android,Y,Makeup Artist
P0764,Darshit Chaudhary,9449117838,darshitchaudhary@gmail.com,1974-02-06,2020-05-13,M,iOS,N,Doctor
P0765,Yuvaan Chada,01198014823,yuvaanchada@yahoo.com,1983-12-10,2020-11-03,F,Android,N,Student
P0766,Manjari Ranganathan,+916657957833,manjariranganathan@gmail.com,2004-10-23,2020-02-03,M,iOS,N,Student
P0767,Zoya Chahal,09560847333,zoyachahal@yahoo.com,1986-04-11,2020-12-21,M,Android,N,Student
P0768,Ritvik Shetty,07659105986,ritvikshetty@gmail.com,1966-08-17,2020-03-14,M,Android,N,Makeup Artist
P0769,Saksham Kale,2706781850,sakshamkale@gmail.com,1987-08-24,2020-11-24,F,iOS,N,Teacher
P0770,Zeeshan Dhillon,+919395456902,zeeshandhillon@gmail.com,1983-10-22,2020-08-26,M,Android,Y,Doctor
P0771,Anya Sekhon,+914490165775,anyasekhon@gmail.com,1984-08-11,2020-11-26,F,Android,N,Makeup Artist
P0772,Ivan Doshi,0359658591,ivandoshi@gmail.com,1989-04-03,2020-03-17,F,Android,N,Journalist
P0773,Samar Keer,+911405558816,samarkeer@gmail.com,1972-08-22,2020-09-07,F,Android,N,Student
P0774,Keya Dixit,05384472956,keyadixit@gmail.com,1994-08-31,2020-09-13,F,iOS,Y,Teacher
P0775,Taimur Kalita,1998338471,taimurkalita@yahoo.com,1966-04-17,2020-11-04,F,iOS,N,Teacher
P0776,Adira Bassi,0660583790,adirabassi@gmail.com,1996-03-27,2020-08-24,M,Android,N,Student
P0777,Ayesha Butala,7482657062,ayeshabutala@yahoo.com,1994-02-13,2020-06-29,M,Android,N,Makeup Artist
P0778,Jayant Jhaveri,+917585055057,jayantjhaveri@gmail.com,1997-10-31,2020-05-04,M,Android,N,Doctor
P0779,Renee Kashyap,03329882286,reneekashyap@gmail.com,1992-08-12,2020-08-05,M,iOS,Y,Student
P0780,Lagan Bassi,6525890545,laganbassi@yahoo.com,1990-07-04,2020-12-13,F,Android,N,Student
P0781,Rati Venkatesh,6356895135,rativenkatesh@yahoo.com,1968-07-25,2020-06-12,F,iOS,N,Makeup Artist
P0782,Vidur Uppal,06796029551,viduruppal@yahoo.com,1982-11-01,2020-07-28,F,iOS,N,Lawyer
P0783,Diya Halder,07532570271,diyahalder@gmail.com,2002-05-16,2020-07-23,M,Android,N,Student
P0784,Fateh Grover,3815198363,fatehgrover@yahoo.com,1982-11-05,2020-11-14,F,Android,N,Teacher
P0785,Tara Khatri,02553732364,tarakhatri@yahoo.com,1965-10-21,2020-10-27,F,Android,N,Makeup Artist
P0786,Kartik Atwal,3998963508,kartikatwal@yahoo.com,1981-09-30,2020-09-13,F,iOS,N,Teacher
P0787,Farhan Walia,08882557543,farhanwalia@yahoo.com,1982-02-14,2020-05-03,F,iOS,N,Doctor
P0788,Rhea Tella,1792144389,rheatella@gmail.com,1980-08-06,2020-07-31,M,Android,N,Student
P0789,Jayant Khalsa,06252700936,jayantkhalsa@yahoo.com,2000-10-26,2020-01-26,F,iOS,N,Student
P0790,Rhea Dass,09703812781,rheadass@gmail.com,1969-04-04,2020-01-08,M,Android,N,Student
P0791,Abram Amble,+911122590417,abramamble@yahoo.com,1964-08-24,2020-03-09,F,Android,Y,Student
P0792,Amani Bal,01446503826,amanibal@yahoo.com,1981-02-15,2020-03-03,F,iOS,N,Doctor
P0793,Shanaya Kant,+919436565853,shanayakant@gmail.com,1988-07-13,2020-11-06,M,iOS,N,Teacher
P0794,Devansh Iyer,0924798965,devanshiyer@yahoo.com,1969-11-22,2020-06-26,F,iOS,Y,Student
P0795,Dhanuk Dave,9031277703,dhanukdave@yahoo.com,1962-09-27,2020-04-12,F,iOS,N,Student
P0796,Amani Madan,02182298049,amanimadan@yahoo.com,1992-07-24,2020-11-02,M,Android,N,Makeup Artist
P0797,Ivan Ramanathan,08371303122,ivanramanathan@gmail.com,1993-02-05,2020-08-24,M,Android,N,Teacher
P0798,Ishita Bhatti,+914178843101,ishitabhatti@gmail.com,1970-07-04,2020-04-25,M,iOS,Y,Teacher
P0799,Pihu Ramachandran,4575200613,pihuramachandran@yahoo.com,1972-03-09,2020-11-17,F,iOS,N,Student
P0800,Aniruddh Agate,08222755553,aniruddhagate@yahoo.com,1974-05-20,2020-12-10,M,Android,N,Lawyer
P0801,Pranay Sagar,07825752847,pranaysagar@yahoo.com,1983-01-09,2020-08-20,M,iOS,N,Lawyer
P0802,Armaan Mannan,9758645780,armaanmannan@yahoo.com,1979-09-13,2020-10-01,F,Android,N,Makeup Artist
P0803,Rati Chakrabarti,6195914328,ratichakrabarti@yahoo.com,1977-08-09,2020-03-03,M,Android,N,Makeup Artist
P0804,Misha Gole,09794811222,mishagole@gmail.com,1983-07-05,2020-11-26,F,Android,N,Makeup Artist
P0805,Tejas Grewal,6972005987,tejasgrewal@yahoo.com,1969-05-20,2020-03-27,M,Android,N,Student
P0806,Sara Baria,08247019286,sarabaria@gmail.com,1998-02-25,2020-03-12,F,iOS,Y,Lawyer
P0807,Jayesh Apte,01616433142,jayeshapte@gmail.com,1964-07-15,2020-03-04,F,Android,N,Teacher
P0808,Shanaya Ganesan,2280118742,shanayaganesan@gmail.com,1962-10-20,2020-04-09,F,Android,N,Student
P0809,Anahi Thakkar,04838999253,anahithakkar@yahoo.com,1982-04-28,2020-07-26,M,Android,N,Student
P0810,Raghav Kuruvilla,+911988584819,raghavkuruvilla@yahoo.com,1984-08-04,2020-12-10,M,Android,N,Lawyer
P0811,Nitara Sule,2116083861,nitarasule@yahoo.com,2000-12-16,2020-04-24,F,Android,N,Journalist
P0812,Azad Balay,5228369743,azadbalay@yahoo.com,1973-03-02,2020-09-18,M,Android,N,Lawyer
P0813,Hazel Rau,06938383232,hazelrau@yahoo.com,1975-06-12,2020-04-30,M,Android,N,Student
P0814,Armaan Sankaran,9373246282,armaansankaran@gmail.com,1991-07-11,2020-06-30,M,iOS,N,Student
P0815,Riaan Agarwal,3222117587,riaanagarwal@yahoo.com,1982-06-29,2020-04-14,M,Android,Y,Student
P0816,Aniruddh Dass,09215836431,aniruddhdass@gmail.com,2002-11-09,2020-01-28,F,Android,N,Student
P0817,Chirag Chaudhuri,09098298163,chiragchaudhuri@yahoo.com,1962-08-21,2020-08-10,F,Android,N,Teacher
P0818,Heer Kothari,+917126489880,heerkothari@gmail.com,1998-12-19,2020-09-28,F,Android,N,Student
P0819,Ritvik Chaudhry,3101815152,ritvikchaudhry@yahoo.com,1968-08-24,2020-01-12,F,iOS,N,Lawyer
P0820,Jivin Sidhu,+916083175609,jivinsidhu@gmail.com,2000-04-21,2020-10-03,F,Android,N,Student
P0821,Mohanlal Sidhu,05751168119,mohanlalsidhu@gmail.com,1963-04-23,2020-02-29,M,Android,N,Makeup Artist
P0822,Urvi Jayaraman,+918219319685,urvijayaraman@gmail.com,1993-04-05,2020-05-02,M,iOS,N,Makeup Artist
P0823,Aradhya Sama,7492468076,aradhyasama@yahoo.com,1991-12-22,2020-02-26,M,Android,N,Student
P0824,Yakshit Thakkar,00135621922,yakshitthakkar@yahoo.com,1971-06-08,2020-10-26,F,Android,N,Lawyer
P0825,Aarush Suri,06976631249,aarushsuri@gmail.com,1989-07-07,2020-03-31,F,iOS,Y,Teacher
P0826,Ahana  Madan,02704034500,ahanamadan@gmail.com,1995-03-04,2020-03-01,M,iOS,N,Makeup Artist
P0827,Anika Mani,8282717861,anikamani@gmail.com,1986-01-24,2020-01-05,M,Android,N,Student
P0828,Siya Ben,02793188808,siyaben@yahoo.com,1979-07-31,2020-06-17,M,Android,N,Teacher
P0829,Nirvaan Kanda,00659246801,nirvaankanda@gmail.com,1983-12-18,2020-02-15,F,Android,N,Student
P0830,Mehul Ahuja,00909378637,mehulahuja@yahoo.com,1971-01-11,2020-04-30,F,Android,N,Teacher
P0831,Zain Hayer,05431345922,zainhayer@gmail.com,1967-09-26,2020-01-28,F,Android,N,Student
P0832,Riaan Dasgupta,7716242578,riaandasgupta@yahoo.com,1991-08-20,2020-10-15,F,Android,Y,Lawyer
P0833,Uthkarsh Arya,09063569835,uthkarsharya@yahoo.com,1989-01-18,2020-11-03,M,Android,N,Student
P0834,Sumer Madan,6866276660,sumermadan@yahoo.com,1987-12-04,2020-12-06,F,Android,N,Makeup Artist
P0835,Yakshit Khanna,+917208792158,yakshitkhanna@gmail.com,1990-02-26,2020-12-08,M,Android,N,Student
P0836,Nayantara Vaidya,1915956430,nayantaravaidya@yahoo.com,1972-09-29,2020-05-06,F,Android,Y,Makeup Artist
P0837,Hansh Sur,8331394916,hanshsur@yahoo.com,1997-12-12,2020-07-30,M,Android,N,Doctor
P0838,Shalv Tara,05606006390,shalvtara@gmail.com,1983-10-24,2020-09-29,M,Android,N,Student
P0839,Yasmin Date,+910944949322,yasmindate@gmail.com,1989-12-21,2020-09-07,M,Android,Y,Teacher
P0840,Dishani Vaidya,+919025657087,dishanivaidya@yahoo.com,1966-11-18,2020-01-17,M,iOS,N,Teacher
P0841,Mohanlal Kala,09900612662,mohanlalkala@yahoo.com,1973-05-08,2020-07-09,M,iOS,N,Teacher
P0842,Amira Shanker,+919099839102,amirashanker@yahoo.com,1963-05-03,2020-03-31,F,Android,Y,Student
P0843,Divij Swaminathan,08509966570,divijswaminathan@gmail.com,1987-11-24,2020-04-03,M,Android,Y,Makeup Artist
P0844,Diya Kapoor,+915397196442,diyakapoor@yahoo.com,1989-10-13,2020-07-07,F,iOS,N,Student
P0845,Yasmin Bhagat,+914256142002,yasminbhagat@gmail.com,1970-08-11,2020-03-06,M,iOS,Y,Journalist
P0846,Shayak Edwin,+918708258644,shayakedwin@yahoo.com,1994-03-08,2020-02-06,M,iOS,N,Student
P0847,Reyansh Jhaveri,+913914385841,reyanshjhaveri@gmail.com,1981-01-01,2020-04-27,M,Android,Y,Makeup Artist
P0848,Riaan Khurana,2087530912,riaankhurana@yahoo.com,1976-06-13,2020-06-04,M,Android,N,Makeup Artist
P0849,Lagan Bali,07790390585,laganbali@gmail.com,1986-08-14,2020-07-31,F,Android,N,Lawyer
P0850,Tara Contractor,+910007030535,taracontractor@gmail.com,1993-12-26,2020-12-17,M,iOS,N,Student
P0851,Tara Loke,4705341145,taraloke@yahoo.com,1995-07-14,2020-05-03,M,Android,N,Student
P0852,Nirvaan Dugar,1699560239,nirvaandugar@yahoo.com,1968-06-16,2020-02-05,F,Android,N,Student
P0853,Pihu Dasgupta,08277664733,pihudasgupta@yahoo.com,1983-03-06,2020-12-18,F,Android,N,Teacher
P0854,Advika Bansal,+914387818877,advikabansal@yahoo.com,1964-05-03,2020-05-19,M,Android,N,Doctor
P0855,Neelofar Ramaswamy,+910507056023,neelofarramaswamy@gmail.com,1977-07-07,2020-03-20,F,iOS,N,Teacher
P0856,Baiju Sur,09863339438,baijusur@yahoo.com,1999-03-11,2020-08-09,M,Android,N,Makeup Artist
P0857,Kabir Soni,+916122787058,kabirsoni@gmail.com,1991-05-25,2020-12-12,F,Android,N,Student
P0858,Samaira Khurana,7730880401,samairakhurana@gmail.com,1971-07-11,2020-06-02,M,Android,N,Lawyer
P0859,Heer Bhat,+911952163649,heerbhat@gmail.com,1980-12-11,2020-12-15,M,Android,Y,Doctor
P0860,Ayesha Mand,+919380113572,ayeshamand@yahoo.com,1983-05-05,2020-12-07,M,iOS,N,Journalist
P0861,Vaibhav Shere,+911794857545,vaibhavshere@gmail.com,1986-05-07,2020-04-21,M,Android,Y,Teacher
P0862,Kartik Kaur,+916308325256,kartikkaur@yahoo.com,1965-02-26,2020-06-29,F,Android,N,Student
P0863,Indranil Thaman,03717047357,indranilthaman@yahoo.com,2001-03-09,2020-07-18,F,Android,N,Makeup Artist
P0864,Purab Dave,8028721311,purabdave@yahoo.com,2003-04-12,2020-05-21,M,iOS,Y,Student
P0865,Kimaya Chand,00884152547,kimayachand@gmail.com,1962-06-13,2020-04-27,M,Android,N,Teacher
P0866,Divij Borde,+915439633634,divijborde@yahoo.com,1966-11-20,2020-05-29,M,iOS,N,Student
P0867,Yuvraj  Contractor,06592971110,yuvrajcontractor@yahoo.com,1974-07-18,2020-01-09,F,Android,N,Student
P0868,Vaibhav Kar,09152024773,vaibhavkar@gmail.com,2001-02-19,2020-11-01,M,Android,Y,Student
P0869,Emir Kothari,6419173772,emirkothari@yahoo.com,1989-12-17,2020-12-23,F,iOS,N,Teacher
P0870,Aradhya Datta,+913827594851,aradhyadatta@yahoo.com,1972-12-24,2020-04-11,M,iOS,N,Lawyer
P0871,Lagan Sarraf,7129360191,lagansarraf@yahoo.com,2003-05-06,2020-08-13,M,Android,N,Makeup Artist
P0872,Aayush Dube,+917275556064,aayushdube@yahoo.com,1972-02-17,2020-07-02,F,Android,N,Lawyer
P0873,Prerak Venkataraman,7251009407,prerakvenkataraman@gmail.com,1985-02-10,2020-04-20,F,Android,N,Doctor
P0874,Anya Badal,5856482900,anyabadal@gmail.com,1975-01-27,2020-04-21,F,iOS,N,Teacher
P0875,Shray Chandran,09620979621,shraychandran@yahoo.com,2001-08-10,2020-10-22,M,iOS,N,Student
P0876,Shray Barad,04796508626,shraybarad@yahoo.com,1963-04-25,2020-11-15,F,iOS,N,Teacher
P0877,Inaaya  Sen,9300105063,inaayasen@gmail.com,1975-01-15,2020-01-12,F,Android,N,Student
P0878,Chirag Keer,+910506574669,chiragkeer@yahoo.com,2001-12-15,2020-08-17,F,Android,Y,Makeup Artist
P0879,Ojas Suri,02448173278,ojassuri@gmail.com,1973-08-29,2020-11-21,M,Android,N,Student
P0880,Alisha Aggarwal,+910425699593,alishaaggarwal@gmail.com,1989-07-21,2020-06-05,F,iOS,N,Student
P0881,Romil Sahota,0372180207,romilsahota@yahoo.com,1970-07-26,2020-10-30,M,iOS,Y,Student
P0882,Yashvi Sharaf,4752130653,yashvisharaf@yahoo.com,1981-03-09,2020-02-25,F,Android,N,Teacher
P0883,Navya Kapadia,1118095172,navyakapadia@gmail.com,1993-11-04,2020-02-12,F,Android,N,Student
P0884,Zoya Golla,+911933442345,zoyagolla@gmail.com,1990-02-24,2020-12-18,F,Android,N,Teacher
P0885,Trisha Brahmbhatt,1343117257,trishabrahmbhatt@yahoo.com,1971-02-15,2020-06-04,F,Android,N,Makeup Artist
P0886,Zeeshan Thaman,6464169045,zeeshanthaman@yahoo.com,2003-05-16,2020-08-03,M,Android,N,Lawyer
P0887,Ishaan Bhatti,+919758825589,ishaanbhatti@yahoo.com,1966-08-23,2020-08-15,F,Android,N,Makeup Artist
P0888,Nitya Gour,5415014469,nityagour@gmail.com,1973-03-24,2020-01-25,M,Android,N,Makeup Artist
P0889,Akarsh Ganesh,2351682496,akarshganesh@gmail.com,1995-06-08,2020-10-05,F,iOS,N,Student
P0890,Mehul Balan,4057651470,mehulbalan@gmail.com,1963-05-22,2020-06-02,F,iOS,N,Doctor
P0891,Shray Bansal,4503701309,shraybansal@yahoo.com,1989-10-13,2020-05-28,F,iOS,N,Student
P0892,Rasha Iyengar,03107498691,rashaiyengar@gmail.com,1997-11-29,2020-05-21,M,iOS,N,Student
P0893,Advik Chawla,+918010737013,advikchawla@gmail.com,1995-05-05,2020-10-19,F,Android,N,Teacher
P0894,Jivin Mand,7828835379,jivinmand@gmail.com,1991-03-19,2020-05-09,M,iOS,N,Student
P0895,Azad Sengupta,03348330167,azadsengupta@gmail.com,1974-06-16,2020-07-14,F,Android,N,Teacher
P0896,Aradhya Babu,+918966566324,aradhyababu@gmail.com,1967-12-28,2020-02-28,M,Android,Y,Doctor
P0897,Samar Rajagopalan,+911509335689,samarrajagopalan@gmail.com,2003-03-31,2020-10-13,F,iOS,N,Teacher
P0898,Tara Thakur,04998716840,tarathakur@yahoo.com,1983-05-16,2020-04-17,F,iOS,N,Doctor
P0899,Neelofar Varughese,3608025520,neelofarvarughese@gmail.com,1970-10-21,2020-06-25,F,Android,Y,Student
P0900,Jivika Bansal,+915746461126,jivikabansal@yahoo.com,2002-07-12,2020-12-03,M,iOS,N,Student
P0901,Dhanuk Kurian,+919413408595,dhanukkurian@yahoo.com,1978-04-24,2020-10-02,M,iOS,Y,Student
P0902,Myra Sem,+915420614163,myrasem@yahoo.com,1967-02-06,2020-09-11,F,Android,Y,Doctor
P0903,Sana Barad,07341251357,sanabarad@gmail.com,1993-07-21,2020-03-31,F,Android,N,Student
P0904,Veer Bhattacharyya,3384792659,veerbhattacharyya@gmail.com,1975-06-01,2020-10-03,M,Android,N,Student
P0905,Kiaan Thaker,06498488264,kiaanthaker@yahoo.com,1988-12-07,2020-06-21,F,iOS,N,Student
P0906,Aayush Subramaniam,1128279937,aayushsubramaniam@yahoo.com,1993-07-29,2020-04-07,M,Android,N,Doctor
P0907,Prisha Verma,+912834416371,prishaverma@gmail.com,1990-08-12,2020-04-16,F,iOS,N,Lawyer
P0908,Pihu Rama,4219921947,pihurama@yahoo.com,1974-09-28,2020-08-20,F,Android,N,Student
P0909,Samaira Sura,0308472274,samairasura@gmail.com,1964-10-17,2020-08-18,F,Android,Y,Makeup Artist
P0910,Nirvi Sama,+913545826995,nirvisama@yahoo.com,1987-06-05,2020-05-12,M,iOS,Y,Teacher
P0911,Navya Goda,+915326025350,navyagoda@gmail.com,1969-09-21,2020-10-13,M,Android,N,Teacher
P0912,Yuvaan Chatterjee,+911120170184,yuvaanchatterjee@gmail.com,2000-06-08,2020-10-22,F,Android,N,Student
P0913,Ehsaan Behl,+918371412794,ehsaanbehl@yahoo.com,2004-08-30,2020-11-22,M,Android,N,Student
P0914,Zara Kant,4346229859,zarakant@gmail.com,1979-09-21,2020-11-28,M,Android,N,Journalist
P0915,Zain Raj,01474397689,zainraj@yahoo.com,1969-06-29,2020-06-23,M,iOS,N,Teacher
P0916,Arnav Vora,2038788968,arnavvora@gmail.com,1968-10-02,2020-03-25,F,Android,N,Makeup Artist
P0917,Sara Krishna,6563645309,sarakrishna@gmail.com,1981-10-31,2020-10-26,M,iOS,Y,Doctor
P0918,Yuvaan Borde,03762171705,yuvaanborde@gmail.com,1962-07-13,2020-10-15,F,Android,N,Teacher
P0919,Drishya Sampath,+917838907109,drishyasampath@gmail.com,1964-07-25,2020-11-16,M,Android,N,Teacher
P0920,Adah Sengupta,+911443253882,adahsengupta@yahoo.com,2002-04-24,2020-09-25,M,Android,N,Student
P0921,Nehmat Kapur,+913495256574,nehmatkapur@gmail.com,1985-10-16,2020-01-04,F,Android,Y,Student
P0922,Tara Agate,4789714555,taraagate@gmail.com,1990-10-29,2020-09-22,F,Android,N,Student
P0923,Badal Tiwari,+911408438347,badaltiwari@gmail.com,1980-05-31,2020-08-17,F,Android,N,Student
P0924,Kiaan Chana,05590165593,kiaanchana@yahoo.com,1965-05-06,2020-05-06,M,Android,N,Makeup Artist
P0925,Madhup Som,+917183478329,madhupsom@gmail.com,2002-03-14,2020-08-07,F,Android,N,Teacher
P0926,Ayesha Krishnamurthy,09990137255,ayeshakrishnamurthy@gmail.com,1982-03-20,2020-09-13,M,Android,N,Makeup Artist
P0927,Anya Dara,9277091756,anyadara@yahoo.com,1965-08-21,2020-06-17,M,Android,N,Makeup Artist
P0928,Azad Varma,07618179426,azadvarma@gmail.com,1989-05-14,2020-07-18,M,Android,Y,Makeup Artist
P0929,Divyansh Ramaswamy,5357032820,divyanshramaswamy@yahoo.com,1993-11-20,2020-07-21,M,Android,Y,Teacher
P0930,Uthkarsh Date,4529567042,uthkarshdate@yahoo.com,2005-06-10,2020-05-05,M,Android,N,Student
P0931,Madhav Aggarwal,+910180863390,madhavaggarwal@yahoo.com,1997-10-11,2020-10-01,M,Android,N,Student
P0932,Bhavin Buch,+916491771719,bhavinbuch@gmail.com,1978-02-06,2020-01-24,F,Android,N,Makeup Artist
P0933,Jayant Andra,+916712356984,jayantandra@gmail.com,1971-08-28,2020-06-02,M,Android,N,Student
P0934,Devansh Wadhwa,+916836018255,devanshwadhwa@yahoo.com,1999-04-13,2020-03-20,F,Android,N,Makeup Artist
P0935,Ranbir Chaudry,+917100395241,ranbirchaudry@gmail.com,1979-08-28,2020-09-18,F,Android,Y,Makeup Artist
P0936,Charvi Brahmbhatt,07398622582,charvibrahmbhatt@yahoo.com,1982-03-05,2020-11-29,F,Android,N,Doctor
P0937,Ivan Dara,3345916995,ivandara@yahoo.com,1977-08-11,2020-02-01,F,Android,N,Journalist
P0938,Jayant Sur,4508551234,jayantsur@yahoo.com,1972-08-20,2020-03-20,M,Android,N,Student
P0939,Yuvraj  Bose,01976280652,yuvrajbose@yahoo.com,1995-08-26,2020-05-22,F,iOS,N,Student
P0940,Aniruddh Toor,03085976641,aniruddhtoor@gmail.com,1994-04-26,2020-10-01,M,iOS,N,Teacher
P0941,Aayush Lanka,2371248708,aayushlanka@gmail.com,2000-03-21,2020-09-26,F,Android,Y,Student
P0942,Ayesha Sengupta,9912659834,ayeshasengupta@gmail.com,1983-05-10,2020-07-21,M,iOS,N,Teacher
P0943,Darshit Edwin,06844394930,darshitedwin@yahoo.com,1990-02-13,2020-08-09,M,iOS,N,Student
P0944,Emir Varghese,09352899300,emirvarghese@yahoo.com,1975-05-20,2020-07-06,M,Android,N,Student
P0945,Stuvan Varghese,05941466693,stuvanvarghese@yahoo.com,1998-08-04,2020-05-23,F,Android,N,Student
P0946,Divit Ganguly,01096196578,divitganguly@yahoo.com,1985-06-13,2020-03-30,F,iOS,N,Student
P0947,Raunak Ray,07752216071,raunakray@yahoo.com,1988-06-23,2020-03-29,F,Android,N,Doctor
P0948,Zeeshan Bail,+919992538882,zeeshanbail@gmail.com,1990-06-22,2020-08-13,M,Android,N,Student
P0949,Aradhya Chakraborty,09857890014,aradhyachakraborty@gmail.com,1986-10-03,2020-01-31,F,iOS,Y,Student
P0950,Myra Sahni,07878404139,myrasahni@gmail.com,1987-12-02,2020-12-05,F,Android,N,Student
P0951,Mohanlal Mane,7503368302,mohanlalmane@gmail.com,1982-09-23,2020-07-25,F,Android,N,Doctor
P0952,Manikya Bedi,+914749564266,manikyabedi@gmail.com,1996-09-19,2020-06-24,F,Android,N,Student
P0953,Miraan Khurana,+912888497633,miraankhurana@gmail.com,1980-02-24,2020-06-03,F,Android,N,Student
P0954,Kiaan Ram,+915091886145,kiaanram@gmail.com,1992-04-19,2020-01-26,M,Android,N,Journalist
P0955,Alisha Sha,8775550539,alishasha@gmail.com,1969-11-03,2020-08-18,M,iOS,Y,Teacher
P0956,Gokul Ramakrishnan,+915308179986,gokulramakrishnan@gmail.com,1990-05-30,2020-01-14,F,Android,N,Student
P0957,Kimaya Toor,+916626661825,kimayatoor@gmail.com,1989-11-21,2020-10-07,F,iOS,N,Lawyer
P0958,Yuvaan Suri,+913521808463,yuvaansuri@yahoo.com,1963-04-14,2020-04-13,F,Android,N,Makeup Artist
P0959,Zeeshan Sama,7444812587,zeeshansama@yahoo.com,1966-07-16,2020-11-03,F,Android,N,Makeup Artist
P0960,Ahana  Seth,1464299533,ahanaseth@yahoo.com,1993-05-20,2020-02-02,F,iOS,Y,Teacher
P0961,Zain Desai,07591859441,zaindesai@yahoo.com,1968-06-21,2020-03-13,M,iOS,N,Student
P0962,Tiya Rajagopalan,07389978265,tiyarajagopalan@yahoo.com,1984-12-11,2020-12-20,M,iOS,N,Student
P0963,Tanya Shanker,+912961889754,tanyashanker@yahoo.com,1985-05-04,2020-04-29,F,Android,N,Teacher
P0964,Kismat Cherian,+912737274246,kismatcherian@gmail.com,1989-06-24,2020-03-04,M,Android,N,Student
P0965,Khushi Bhakta,9058297272,khushibhakta@yahoo.com,1988-01-29,2020-08-12,M,Android,N,Teacher
P0966,Stuvan Raj,+912132630683,stuvanraj@gmail.com,1981-07-12,2020-07-01,M,Android,N,Makeup Artist
P0967,Hazel Kaur,9316412043,hazelkaur@yahoo.com,2000-05-13,2020-01-22,M,iOS,N,Student
P0968,Hansh Lalla,+912103106094,hanshlalla@yahoo.com,1978-09-29,2020-12-26,F,Android,N,Teacher
P0969,Mehul Swamy,6194623224,mehulswamy@gmail.com,1991-03-31,2020-03-28,F,Android,N,Student
P0970,Prisha Jaggi,09551117598,prishajaggi@yahoo.com,1970-01-22,2020-09-01,M,iOS,N,Doctor
P0971,Samaira Sule,0462320963,samairasule@gmail.com,1976-02-24,2020-09-22,M,Android,Y,Student
P0972,Aarna Saran,02667714966,aarnasaran@yahoo.com,1967-09-06,2020-05-17,M,Android,Y,Makeup Artist
P0973,Riaan Sha,09523508564,riaansha@gmail.com,1963-10-08,2020-12-08,M,Android,N,Student
P0974,Nirvi Devi,+918964822404,nirvidevi@gmail.com,2003-05-07,2020-07-21,M,Android,N,Student
P0975,Kabir Chandran,+919016570055,kabirchandran@yahoo.com,1994-10-31,2020-09-25,M,Android,N,Student
P0976,Samiha Vasa,6349633776,samihavasa@yahoo.com,1991-12-21,2020-09-25,M,iOS,N,Student
P0977,Hridaan Rastogi,+910351721221,hridaanrastogi@gmail.com,2002-01-20,2020-08-07,M,iOS,Y,Teacher
P0978,Umang Kulkarni,00042191608,umangkulkarni@yahoo.com,1968-05-21,2020-05-03,F,iOS,N,Doctor
P0979,Ranbir Vyas,+915826101389,ranbirvyas@yahoo.com,1984-12-25,2020-07-11,F,Android,N,Student
P0980,Nishith Kaur,07660687046,nishithkaur@yahoo.com,1978-11-28,2020-08-13,M,iOS,N,Student
P0981,Jayesh Chauhan,+910704957390,jayeshchauhan@gmail.com,1972-06-12,2020-06-25,M,Android,Y,Student
P0982,Dharmajan Comar,6496990709,dharmajancomar@gmail.com,1963-01-25,2020-09-07,M,iOS,N,Makeup Artist
P0983,Bhamini Mangat,+912931090046,bhaminimangat@gmail.com,2004-01-11,2020-05-05,F,Android,N,Student
P0984,Raunak Venkatesh,07197008490,raunakvenkatesh@gmail.com,1977-11-06,2020-02-27,M,Android,N,Student
P0985,Miraan Shukla,02061348959,miraanshukla@yahoo.com,1995-01-22,2020-09-28,F,Android,Y,Student
P0986,Lakshit Lata,01289983144,lakshitlata@yahoo.com,2003-12-16,2020-05-13,M,Android,Y,Student
P0987,Kismat Thaman,09232814591,kismatthaman@gmail.com,2004-07-21,2020-10-09,M,Android,N,Teacher
P0988,Jivika Kumar,7115708392,jivikakumar@yahoo.com,1978-09-11,2020-12-22,M,iOS,N,Doctor
P0989,Nitara Kakar,07676301680,nitarakakar@yahoo.com,2005-03-16,2020-11-27,F,Android,N,Student
P0990,Riya Bhandari,8349699055,riyabhandari@yahoo.com,2003-02-21,2020-07-26,F,Android,N,Doctor
P0991,Rania Chopra,+917653151889,raniachopra@yahoo.com,1967-05-06,2020-02-01,F,Android,Y,Student
P0992,Kabir Manne,+918987383991,kabirmanne@gmail.com,1975-03-29,2020-03-15,F,Android,N,Student
P0993,Anaya Mane,09827973408,anayamane@yahoo.com,1975-07-27,2020-07-19,M,iOS,Y,Student
P0994,Tarini Banik,+915554319283,tarinibanik@yahoo.com,1969-01-18,2020-08-24,F,iOS,N,Student
P0995,Parinaaz Gulati,5441019781,parinaazgulati@gmail.com,2000-10-08,2020-03-15,F,iOS,Y,Makeup Artist
P0996,Aaryahi Sundaram,1071536973,aaryahisundaram@yahoo.com,1977-01-11,2020-03-02,M,Android,N,Student
P0997,Raghav Chana,01683744217,raghavchana@gmail.com,1980-09-03,2020-12-30,F,iOS,Y,Student
P0998,Ritvik Kari,+917599988237,ritvikkari@yahoo.com,1976-01-12,2020-09-12,M,Android,N,Teacher
P0999,Zara Varma,0789534408,zaravarma@gmail.com,1963-05-31,2020-09-06,M,iOS,N,Student
P1000,Sahil Dash,05540146874,sahildash@gmail.com,1992-05-24,2020-10-06,F,Android,Y,Student
